$MeshFormat
4.1 0 8
$EndMeshFormat
$PhysicalNames
7
2 1028 "BoundaryID:4"
2 1029 "BoundaryID:2"
2 1030 "BoundaryID:3"
2 1031 "BoundaryID:1"
2 1032 "BoundaryID:5"
2 1033 "BoundaryID:6"
3 1 "MaterialID:0"
$EndPhysicalNames
$Entities
12 15 7 1
2 1 0 0 0 
3 1 1 0 0 
4 0 1 0 0 
10 0 0 0 0 
11 0.1 0 0 0 
12 0 0.1 0 0 
13 0.1 0 0.1 0 
14 1 0 0.1 0 
18 1 1 0.1 0 
22 0 1 0.1 0 
26 0 0.1 0.1 0 
30 0 0 0.1 0 
2 1 0 0 1 1 0 0 2 2 -3 
3 0 1 0 1 1 0 0 2 3 -4 
5 0.09999999999999998 0 0 1 0 0 0 2 11 -2 
6 0 0.09999999999999998 0 0 1 0 0 2 4 -12 
11 6.938893903907228e-18 0 0 0.1 0.1 0 0 2 11 -12 
1002 0.09999999999999998 0 0.1 1 0 0.1 0 2 13 -14 
1003 1 0 0.1 1 1 0.1 0 2 14 -18 
1004 0 1 0.1 1 1 0.1 0 2 18 -22 
1005 0 0.09999999999999998 0.1 0 1 0.1 0 2 22 -26 
1006 6.938893903907228e-18 0 0.1 0.1 0.1 0.1 0 2 26 -13 
1008 0.1 0 0 0.1 0 0.1 0 2 11 -13 
1009 1 0 0 1 0 0.1 0 2 2 -14 
1013 1 1 0 1 1 0.1 0 2 3 -18 
1017 0 1 0 0 1 0.1 0 2 4 -22 
1021 0 0.1 0 0 0.1 0.1 0 2 12 -26 
1000 0 0 0 1 1 0 1 1032 5 5 2 3 6 -11 
1010 0.09999999999999998 0 0 1 0 0.1 1 1030 4 5 1009 -1002 -1008 
1014 1 0 0 1 1 0.1 1 1029 4 2 1013 -1003 -1009 
1018 0 1 0 1 1 0.1 1 1028 4 3 1017 -1004 -1013 
1022 0 0.09999999999999998 0 0 1 0.1 1 1031 4 6 1021 -1005 -1017 
1026 0 0 0 0.1 0.1 0.1 0 4 -11 1008 -1006 -1021 
1027 0 0 0.1 1 1 0.1 1 1033 5 1002 1003 1004 1005 1006 
1 0 0 0 1 1 0.1 1 1 7 -1000 1027 1010 1014 1018 1022 -1026 
$EndEntities
$Nodes
33 7290 1 7290
0 2 0 1
1
1 0 0
0 3 0 1
2
1 1 0
0 4 0 1
3
0 1 0
0 11 0 1
4
0.1 0 0
0 12 0 1
5
0 0.1 0
0 13 0 1
6
0.1 0 0.1
0 14 0 1
7
1 0 0.1
0 18 0 1
8
1 1 0.1
0 22 0 1
9
0 1 0.1
0 26 0 1
10
0 0.1 0.1
1 2 0 27
11
12
13
14
15
16
17
18
19
20
21
22
23
24
25
26
27
28
29
30
31
32
33
34
35
36
37
1 0.04890270786723305 0
1 0.09660968603028995 0
1 0.143150162126421 0
1 0.1885526622248792 0
1 0.232845009926648 0
1 0.276054340598372 0
1 0.3182071530706929 0
1 0.3593292840791849 0
1 0.3994459117678029 0
1 0.4385816302190954 0
1 0.4767604313800681 0
1 0.5140057057015756 0
1 0.5503402855453875 0
1 0.585786432388412 0
1 0.6203658790880918 0
1 0.6540998038329043 0
1 0.6870088944613176 0
1 0.719113304461535 0
1 0.7504327250701092 0
1 0.7809863441163363 0
1 0.8107928849478238 0
1 0.8398706114763205 0
1 0.8682373473466626 0
1 0.8959104803224258 0
1 0.9229069694978881 0
1 0.9492433588666063 0
1 0.9749357815884753 0
1 3 0 39
38
39
40
41
42
43
44
45
46
47
48
49
50
51
52
53
54
55
56
57
58
59
60
61
62
63
64
65
66
67
68
69
70
71
72
73
74
75
76
0.9749999999998958 1 0
0.9499999999997918 1 0
0.9249999999996876 1 0
0.8999999999995836 1 0
0.8749999999995011 1 0
0.8499999999996529 1 0
0.8249999999998263 1 0
0.7999999999999998 1 0
0.7750000000001732 1 0
0.7500000000003466 1 0
0.7250000000005199 1 0
0.7000000000006934 1 0
0.6750000000008667 1 0
0.6500000000010401 1 0
0.6250000000012135 1 0
0.6000000000013869 1 0
0.5750000000015603 1 0
0.5500000000017335 1 0
0.5250000000019071 1 0
0.5000000000020587 1 0
0.4750000000019764 1 0
0.4500000000018723 1 0
0.4250000000017684 1 0
0.4000000000016644 1 0
0.3750000000015603 1 0
0.3500000000014564 1 0
0.3250000000013522 1 0
0.3000000000012483 1 0
0.2750000000011442 1 0
0.2500000000010403 1 0
0.2250000000009362 1 0
0.2000000000008322 1 0
0.1750000000007281 1 0
0.1500000000006241 1 0
0.1250000000005201 1 0
0.100000000000416 1 0
0.07500000000031215 1 0
0.05000000000020799 1 0
0.02500000000010405 1 0
1 5 0 25
77
78
79
80
81
82
83
84
85
86
87
88
89
90
91
92
93
94
95
96
97
98
99
100
101
0.1240122088340749 0 0
0.1488174161523487 0 0
0.1744728066001101 0 0
0.200821905473952 0 0
0.2278834621573859 0 0
0.2556767536583527 0 0
0.284221551402651 0 0
0.3135381794336939 0 0
0.3436475115772848 0 0
0.374570983109366 0 0
0.4063305997863887 0 0
0.4389489801474006 0 0
0.472449333920385 0 0
0.5068555219634078 0 0
0.5421920274557658 0 0
0.5784840079370499 0 0
0.6157572991839865 0 0
0.6540384454361106 0 0
0.6933546767247846 0 0
0.7337339894164231 0 0
0.7752051470912595 0 0
0.8177976462547253 0 0
0.861541809007339 0 0
0.9064687996273487 0 0
0.9526105818446952 0 0
1 6 0 35
102
103
104
105
106
107
108
109
110
111
112
113
114
115
116
117
118
119
120
121
122
123
124
125
126
127
128
129
130
131
132
133
134
135
136
0 0.9750000000000181 0
0 0.9500000000000819 0
0 0.9250000000001337 0
0 0.9000000000001855 0
0 0.8750000000002759 0
0 0.8500000000003542 0
0 0.8250000000004494 0
0 0.8000000000005446 0
0 0.7750000000006181 0
0 0.7500000000007132 0
0 0.725000000000806 0
0 0.7000000000008531 0
0 0.6750000000008902 0
0 0.6500000000009687 0
0 0.6250000000010373 0
0 0.6000000000010675 0
0 0.5750000000011313 0
0 0.5500000000012143 0
0 0.5250000000011239 0
0 0.5000000000010529 0
0 0.4750000000009723 0
0 0.4500000000009133 0
0 0.4250000000008495 0
0 0.4000000000007736 0
0 0.3750000000007147 0
0 0.3500000000006557 0
0 0.3250000000005751 0
0 0.300000000000516 0
0 0.275000000000457 0
0 0.2500000000003907 0
0 0.2250000000003174 0
0 0.2000000000002583 0
0 0.1750000000001992 0
0 0.1500000000001183 0
0 0.1250000000000592 0
1 11 0 7
137
138
139
140
141
142
143
0.09807852803061017 0.01950903225044281 0
0.09238795320923468 0.03826834333765004 0
0.08314696113333808 0.05555702344700593 0
0.07071067795055577 0.07071067828675374 0
0.05555702315993967 0.08314696132514963 0
0.03826834312447775 0.09238795329753353 0
0.01950903214341985 0.09807852805189836 0
1 1002 0 25
144
145
146
147
148
149
150
151
152
153
154
155
156
157
158
159
160
161
162
163
164
165
166
167
168
0.1240122088340749 0 0.1
0.1488174161523487 0 0.1
0.1744728066001101 0 0.1
0.200821905473952 0 0.1
0.2278834621573859 0 0.1
0.2556767536583527 0 0.1
0.284221551402651 0 0.1
0.3135381794336939 0 0.1
0.3436475115772848 0 0.1
0.374570983109366 0 0.1
0.4063305997863887 0 0.1
0.4389489801474006 0 0.1
0.472449333920385 0 0.1
0.5068555219634078 0 0.1
0.5421920274557658 0 0.1
0.5784840079370499 0 0.1
0.6157572991839865 0 0.1
0.6540384454361106 0 0.1
0.6933546767247846 0 0.1
0.7337339894164231 0 0.1
0.7752051470912595 0 0.1
0.8177976462547253 0 0.1
0.861541809007339 0 0.1
0.9064687996273487 0 0.1
0.9526105818446952 0 0.1
1 1003 0 27
169
170
171
172
173
174
175
176
177
178
179
180
181
182
183
184
185
186
187
188
189
190
191
192
193
194
195
1 0.04890270786723305 0.1
1 0.09660968603028995 0.1
1 0.143150162126421 0.1
1 0.1885526622248792 0.1
1 0.232845009926648 0.1
1 0.276054340598372 0.1
1 0.3182071530706929 0.1
1 0.3593292840791849 0.1
1 0.3994459117678029 0.1
1 0.4385816302190954 0.1
1 0.4767604313800681 0.1
1 0.5140057057015756 0.1
1 0.5503402855453875 0.1
1 0.585786432388412 0.1
1 0.6203658790880918 0.1
1 0.6540998038329043 0.1
1 0.6870088944613176 0.1
1 0.719113304461535 0.1
1 0.7504327250701092 0.1
1 0.7809863441163363 0.1
1 0.8107928849478238 0.1
1 0.8398706114763205 0.1
1 0.8682373473466626 0.1
1 0.8959104803224258 0.1
1 0.9229069694978881 0.1
1 0.9492433588666063 0.1
1 0.9749357815884753 0.1
1 1004 0 39
196
197
198
199
200
201
202
203
204
205
206
207
208
209
210
211
212
213
214
215
216
217
218
219
220
221
222
223
224
225
226
227
228
229
230
231
232
233
234
0.9749999999998958 1 0.1
0.9499999999997918 1 0.1
0.9249999999996876 1 0.1
0.8999999999995836 1 0.1
0.8749999999995011 1 0.1
0.8499999999996529 1 0.1
0.8249999999998263 1 0.1
0.7999999999999998 1 0.1
0.7750000000001732 1 0.1
0.7500000000003466 1 0.1
0.7250000000005199 1 0.1
0.7000000000006934 1 0.1
0.6750000000008667 1 0.1
0.6500000000010401 1 0.1
0.6250000000012135 1 0.1
0.6000000000013869 1 0.1
0.5750000000015603 1 0.1
0.5500000000017335 1 0.1
0.5250000000019071 1 0.1
0.5000000000020587 1 0.1
0.4750000000019764 1 0.1
0.4500000000018723 1 0.1
0.4250000000017684 1 0.1
0.4000000000016644 1 0.1
0.3750000000015603 1 0.1
0.3500000000014564 1 0.1
0.3250000000013522 1 0.1
0.3000000000012483 1 0.1
0.2750000000011442 1 0.1
0.2500000000010403 1 0.1
0.2250000000009362 1 0.1
0.2000000000008322 1 0.1
0.1750000000007281 1 0.1
0.1500000000006241 1 0.1
0.1250000000005201 1 0.1
0.100000000000416 1 0.1
0.07500000000031215 1 0.1
0.05000000000020799 1 0.1
0.02500000000010405 1 0.1
1 1005 0 35
235
236
237
238
239
240
241
242
243
244
245
246
247
248
249
250
251
252
253
254
255
256
257
258
259
260
261
262
263
264
265
266
267
268
269
0 0.9750000000000181 0.1
0 0.9500000000000819 0.1
0 0.9250000000001337 0.1
0 0.9000000000001855 0.1
0 0.8750000000002759 0.1
0 0.8500000000003542 0.1
0 0.8250000000004494 0.1
0 0.8000000000005446 0.1
0 0.7750000000006181 0.1
0 0.7500000000007132 0.1
0 0.725000000000806 0.1
0 0.7000000000008531 0.1
0 0.6750000000008902 0.1
0 0.6500000000009687 0.1
0 0.6250000000010373 0.1
0 0.6000000000010675 0.1
0 0.5750000000011313 0.1
0 0.5500000000012143 0.1
0 0.5250000000011239 0.1
0 0.5000000000010529 0.1
0 0.4750000000009723 0.1
0 0.4500000000009133 0.1
0 0.4250000000008495 0.1
0 0.4000000000007736 0.1
0 0.3750000000007147 0.1
0 0.3500000000006557 0.1
0 0.3250000000005751 0.1
0 0.300000000000516 0.1
0 0.275000000000457 0.1
0 0.2500000000003907 0.1
0 0.2250000000003174 0.1
0 0.2000000000002583 0.1
0 0.1750000000001992 0.1
0 0.1500000000001183 0.1
0 0.1250000000000592 0.1
1 1006 0 7
270
271
272
273
274
275
276
0.01950903214341985 0.09807852805189836 0.1
0.03826834312447775 0.09238795329753353 0.1
0.05555702315993967 0.08314696132514963 0.1
0.07071067795055577 0.07071067828675374 0.1
0.08314696113333808 0.05555702344700593 0.1
0.09238795320923468 0.03826834333765004 0.1
0.09807852803061017 0.01950903225044281 0.1
1 1008 0 3
277
278
279
0.1 0 0.025
0.1 0 0.05
0.1 0 0.07500000000000001
1 1009 0 3
280
281
282
1 0 0.025
1 0 0.05
1 0 0.07500000000000001
1 1013 0 3
283
284
285
1 1 0.025
1 1 0.05
1 1 0.07500000000000001
1 1017 0 3
286
287
288
0 1 0.025
0 1 0.05
0 1 0.07500000000000001
1 1021 0 3
289
290
291
0 0.1 0.025
0 0.1 0.05
0 0.1 0.07500000000000001
2 1000 0 1320
292
293
294
295
296
297
298
299
300
301
302
303
304
305
306
307
308
309
310
311
312
313
314
315
316
317
318
319
320
321
322
323
324
325
326
327
328
329
330
331
332
333
334
335
336
337
338
339
340
341
342
343
344
345
346
347
348
349
350
351
352
353
354
355
356
357
358
359
360
361
362
363
364
365
366
367
368
369
370
371
372
373
374
375
376
377
378
379
380
381
382
383
384
385
386
387
388
389
390
391
392
393
394
395
396
397
398
399
400
401
402
403
404
405
406
407
408
409
410
411
412
413
414
415
416
417
418
419
420
421
422
423
424
425
426
427
428
429
430
431
432
433
434
435
436
437
438
439
440
441
442
443
444
445
446
447
448
449
450
451
452
453
454
455
456
457
458
459
460
461
462
463
464
465
466
467
468
469
470
471
472
473
474
475
476
477
478
479
480
481
482
483
484
485
486
487
488
489
490
491
492
493
494
495
496
497
498
499
500
501
502
503
504
505
506
507
508
509
510
511
512
513
514
515
516
517
518
519
520
521
522
523
524
525
526
527
528
529
530
531
532
533
534
535
536
537
538
539
540
541
542
543
544
545
546
547
548
549
550
551
552
553
554
555
556
557
558
559
560
561
562
563
564
565
566
567
568
569
570
571
572
573
574
575
576
577
578
579
580
581
582
583
584
585
586
587
588
589
590
591
592
593
594
595
596
597
598
599
600
601
602
603
604
605
606
607
608
609
610
611
612
613
614
615
616
617
618
619
620
621
622
623
624
625
626
627
628
629
630
631
632
633
634
635
636
637
638
639
640
641
642
643
644
645
646
647
648
649
650
651
652
653
654
655
656
657
658
659
660
661
662
663
664
665
666
667
668
669
670
671
672
673
674
675
676
677
678
679
680
681
682
683
684
685
686
687
688
689
690
691
692
693
694
695
696
697
698
699
700
701
702
703
704
705
706
707
708
709
710
711
712
713
714
715
716
717
718
719
720
721
722
723
724
725
726
727
728
729
730
731
732
733
734
735
736
737
738
739
740
741
742
743
744
745
746
747
748
749
750
751
752
753
754
755
756
757
758
759
760
761
762
763
764
765
766
767
768
769
770
771
772
773
774
775
776
777
778
779
780
781
782
783
784
785
786
787
788
789
790
791
792
793
794
795
796
797
798
799
800
801
802
803
804
805
806
807
808
809
810
811
812
813
814
815
816
817
818
819
820
821
822
823
824
825
826
827
828
829
830
831
832
833
834
835
836
837
838
839
840
841
842
843
844
845
846
847
848
849
850
851
852
853
854
855
856
857
858
859
860
861
862
863
864
865
866
867
868
869
870
871
872
873
874
875
876
877
878
879
880
881
882
883
884
885
886
887
888
889
890
891
892
893
894
895
896
897
898
899
900
901
902
903
904
905
906
907
908
909
910
911
912
913
914
915
916
917
918
919
920
921
922
923
924
925
926
927
928
929
930
931
932
933
934
935
936
937
938
939
940
941
942
943
944
945
946
947
948
949
950
951
952
953
954
955
956
957
958
959
960
961
962
963
964
965
966
967
968
969
970
971
972
973
974
975
976
977
978
979
980
981
982
983
984
985
986
987
988
989
990
991
992
993
994
995
996
997
998
999
1000
1001
1002
1003
1004
1005
1006
1007
1008
1009
1010
1011
1012
1013
1014
1015
1016
1017
1018
1019
1020
1021
1022
1023
1024
1025
1026
1027
1028
1029
1030
1031
1032
1033
1034
1035
1036
1037
1038
1039
1040
1041
1042
1043
1044
1045
1046
1047
1048
1049
1050
1051
1052
1053
1054
1055
1056
1057
1058
1059
1060
1061
1062
1063
1064
1065
1066
1067
1068
1069
1070
1071
1072
1073
1074
1075
1076
1077
1078
1079
1080
1081
1082
1083
1084
1085
1086
1087
1088
1089
1090
1091
1092
1093
1094
1095
1096
1097
1098
1099
1100
1101
1102
1103
1104
1105
1106
1107
1108
1109
1110
1111
1112
1113
1114
1115
1116
1117
1118
1119
1120
1121
1122
1123
1124
1125
1126
1127
1128
1129
1130
1131
1132
1133
1134
1135
1136
1137
1138
1139
1140
1141
1142
1143
1144
1145
1146
1147
1148
1149
1150
1151
1152
1153
1154
1155
1156
1157
1158
1159
1160
1161
1162
1163
1164
1165
1166
1167
1168
1169
1170
1171
1172
1173
1174
1175
1176
1177
1178
1179
1180
1181
1182
1183
1184
1185
1186
1187
1188
1189
1190
1191
1192
1193
1194
1195
1196
1197
1198
1199
1200
1201
1202
1203
1204
1205
1206
1207
1208
1209
1210
1211
1212
1213
1214
1215
1216
1217
1218
1219
1220
1221
1222
1223
1224
1225
1226
1227
1228
1229
1230
1231
1232
1233
1234
1235
1236
1237
1238
1239
1240
1241
1242
1243
1244
1245
1246
1247
1248
1249
1250
1251
1252
1253
1254
1255
1256
1257
1258
1259
1260
1261
1262
1263
1264
1265
1266
1267
1268
1269
1270
1271
1272
1273
1274
1275
1276
1277
1278
1279
1280
1281
1282
1283
1284
1285
1286
1287
1288
1289
1290
1291
1292
1293
1294
1295
1296
1297
1298
1299
1300
1301
1302
1303
1304
1305
1306
1307
1308
1309
1310
1311
1312
1313
1314
1315
1316
1317
1318
1319
1320
1321
1322
1323
1324
1325
1326
1327
1328
1329
1330
1331
1332
1333
1334
1335
1336
1337
1338
1339
1340
1341
1342
1343
1344
1345
1346
1347
1348
1349
1350
1351
1352
1353
1354
1355
1356
1357
1358
1359
1360
1361
1362
1363
1364
1365
1366
1367
1368
1369
1370
1371
1372
1373
1374
1375
1376
1377
1378
1379
1380
1381
1382
1383
1384
1385
1386
1387
1388
1389
1390
1391
1392
1393
1394
1395
1396
1397
1398
1399
1400
1401
1402
1403
1404
1405
1406
1407
1408
1409
1410
1411
1412
1413
1414
1415
1416
1417
1418
1419
1420
1421
1422
1423
1424
1425
1426
1427
1428
1429
1430
1431
1432
1433
1434
1435
1436
1437
1438
1439
1440
1441
1442
1443
1444
1445
1446
1447
1448
1449
1450
1451
1452
1453
1454
1455
1456
1457
1458
1459
1460
1461
1462
1463
1464
1465
1466
1467
1468
1469
1470
1471
1472
1473
1474
1475
1476
1477
1478
1479
1480
1481
1482
1483
1484
1485
1486
1487
1488
1489
1490
1491
1492
1493
1494
1495
1496
1497
1498
1499
1500
1501
1502
1503
1504
1505
1506
1507
1508
1509
1510
1511
1512
1513
1514
1515
1516
1517
1518
1519
1520
1521
1522
1523
1524
1525
1526
1527
1528
1529
1530
1531
1532
1533
1534
1535
1536
1537
1538
1539
1540
1541
1542
1543
1544
1545
1546
1547
1548
1549
1550
1551
1552
1553
1554
1555
1556
1557
1558
1559
1560
1561
1562
1563
1564
1565
1566
1567
1568
1569
1570
1571
1572
1573
1574
1575
1576
1577
1578
1579
1580
1581
1582
1583
1584
1585
1586
1587
1588
1589
1590
1591
1592
1593
1594
1595
1596
1597
1598
1599
1600
1601
1602
1603
1604
1605
1606
1607
1608
1609
1610
1611
0.4782721701429523 0.9783420968465352 0
0.02249466876281409 0.5071389508175956 0
0.503227475117264 0.03192299444900087 0
0.02248373784550068 0.3749208127502213 0
0.6039472558957719 0.9761312248973532 0
0.3556565748732636 0.978291739158402 0
0.9657959721179366 0.5434457876119571 0
0.02666706840493703 0.6419771075523162 0
0.329462168131232 0.03268824648626742 0
0.9719440294582986 0.6829380384876976 0
0.0241130819393301 0.2419537160917662 0
0.9660590416131114 0.387295331768326 0
0.02131244488171667 0.7411484591264037 0
0.2592852211952266 0.9796186006604128 0
0.7038532441273019 0.9780110375784136 0
0.6452982969160678 0.03216798946546848 0
0.09028007467227026 0.07294811420828623 0
0.9730828745297804 0.8002229103129097 0
0.1621874819371143 0.9790205908734244 0
0.808647353886606 0.9796677024139751 0
0.7540439605248729 0.04268954126779342 0
0.02213443891876188 0.8394395700122426 0
0.2224645473650808 0.02165570290062734 0
0.019630109206274 0.3044727453449437 0
0.9536962298072731 0.2687827003741676 0
0.9753562747792075 0.8826520535863281 0
0.05567340031937875 0.1013674406992072 0
0.8833703946579108 0.9768055806476267 0
0.09648436673239118 0.9773089419478893 0
0.02258761755086551 0.9144813803584546 0
0.9637935739778755 0.1709930243037987 0
0.2754164961690946 0.02477991067247422 0
0.8289093271628185 0.03962459658935657 0
0.5739088435589627 0.03035364343554046 0
0.9670879067801049 0.470393156601785 0
0.9700695577649722 0.6210566843719503 0
0.9725034094465493 0.7424784153779049 0
0.4021203593970626 0.02756761273261921 0
0.1667531392723821 0.02623424384292337 0
0.02169360507462069 0.7903152111500233 0
0.3088646599319357 0.9802138097495846 0
0.2113358522114688 0.9765561749502717 0
0.01714741635112375 0.5928534543717668 0
0.02022236104193993 0.69444913722574 0
0.4060744093952539 0.9792916182283268 0
0.02722980178801974 0.4648059797993194 0
0.5284512517494446 0.9782714839064872 0
0.02307888948398905 0.1940844041036252 0
0.6533849558548714 0.9778708776003898 0
0.76286633982778 0.9786861446707539 0
0.9307581225313173 0.9761484421980348 0
0.9801040602269989 0.9343634052892839 0
0.1113010922412715 0.03744468776233824 0
0.02670152290785602 0.1401128195253109 0
0.9610287559062773 0.08613969897291193 0
0.04660003086981485 0.976983924937074 0
0.1070779736071631 0.05459856716808551 0
0.1053422181249669 0.07247759689681886 0
0.1019716217526257 0.09314595661370478 0
0.1248970116359255 0.09340174099826908 0
0.1216136335230578 0.1161678991583955 0
0.1451932716990222 0.1163449398264642 0
0.1201025706119449 0.1420116812330059 0
0.1467728176940574 0.1380598066947825 0
0.1307180783692317 0.157936973031053 0
0.1475303665141725 0.1593306710821654 0
0.1415295637778397 0.1796156956106321 0
0.1629489465293123 0.1883557568644513 0
0.1509140964496047 0.2099107555907599 0
0.1848639290351974 0.1967273820635144 0
0.1725702316698169 0.2195919546752241 0
0.1951968933666636 0.2283650944803332 0
0.1825304000649996 0.2514846350626831 0
0.2045375509064536 0.2598812454157563 0
0.1941715802208222 0.2758550331096653 0
0.2257274009935711 0.2699712781230931 0
0.2057741943517083 0.2944261352132929 0
0.2354445541045589 0.3037988150655718 0
0.2297897186047478 0.3267432484722377 0
0.247340944511013 0.3277139990681276 0
0.2335517580840875 0.3502817632890367 0
0.2549679537698706 0.3426712801267269 0
0.2442259569841248 0.3747683181431008 0
0.2662564870737603 0.3645274400509413 0
0.2575665582651688 0.4003065877332675 0
0.2790448803996647 0.3889491446242517 0
0.2712780401498511 0.4265263428677342 0
0.2922283782489332 0.4143882992697722 0
0.2840136971437461 0.4525334046741435 0
0.3045220796683891 0.4406312005455235 0
0.2923183816179737 0.4721482394603088 0
0.31476118961741 0.4737345583904955 0
0.3385357068153896 0.4505872888376203 0
0.3560026377936535 0.4736385576447584 0
0.373027722448168 0.450229951411468 0
0.3926807575983744 0.4660107926397249 0
0.3023408583573683 0.5044393968583951 0
0.4057672878283062 0.4436478630964635 0
0.4173813595972999 0.4758312325821263 0
0.4278773144207993 0.4499921500476091 0
0.4447394570439949 0.4810318595702441 0
0.4403951766180695 0.5075974261998795 0
0.466122620206242 0.5087346742945982 0
0.4544570820513061 0.4540122834271181 0
0.4439591346567154 0.5339710340093624 0
0.4701442494432977 0.532445145848943 0
0.4505867249730731 0.5596784827862258 0
0.478400373297665 0.5596815347278326 0
0.4512127405497018 0.5843513356488954 0
0.4850998680774122 0.5943332509691025 0
0.5084674818984226 0.5586341219006694 0
0.5208500894700506 0.5869543068031006 0
0.5378085022735705 0.5593263292170244 0
0.5539691638128937 0.5790162885973171 0
0.4664337362283177 0.6201175351395988 0
0.2716997581794285 0.3296225822347301 0
0.5698884648402617 0.5565157206658359 0
0.5781505776505476 0.5846661245325824 0
0.5892294895770416 0.5713862332846362 0
0.6059132240541399 0.5881038256256318 0
0.5867603443615966 0.6015378613533541 0
0.6234484232550576 0.6028859624456601 0
0.6045702339425395 0.628533066978251 0
0.6388893683756893 0.6370860652304506 0
0.4421677259721448 0.6081282651853016 0
0.4520062008508753 0.6408824357160391 0
0.4296891171100554 0.6321003563424288 0
0.4425953587386691 0.6564950473976832 0
0.4192317607967876 0.6617869710306521 0
0.432204051216921 0.4264398942788806 0
0.4652698011196914 0.4190106818175955 0
0.4501017140542724 0.3908461122620707 0
0.4336800616211722 0.6847023320837552 0
0.3973227293306252 0.6879410329900608 0
0.6351924239063976 0.6646445321152105 0
0.6639854516166934 0.6674317540218691 0
0.6227579642459263 0.5719461144835365 0
0.4729049103570772 0.3685418083232996 0
0.4925881502145852 0.387448866390009 0
0.2771083413203147 0.4914434252716683 0
0.4151843510469527 0.7031561544117397 0
0.6348810025679192 0.6917080656237674 0
0.6635495749414412 0.6939881896540018 0
0.6678957738493155 0.641357743424285 0
0.5138140331836877 0.3592343686036235 0
0.2408524008522578 0.2467075352244765 0
0.4019067706813269 0.7182001583214604 0
0.3796400466516097 0.713468452118257 0
0.6326389428047152 0.7177361734680374 0
0.6613980288216845 0.7213281596840189 0
0.3645061258097306 0.6954848730762581 0
0.3537966572405549 0.7268820733476334 0
0.337525685709276 0.7028565298258312 0
0.3160957346159253 0.7308059662627362 0
0.3043729512885113 0.6957835016458261 0
0.2920214471723226 0.7215223329601711 0
0.2784483747541977 0.6917460209817937 0
0.2666157992189009 0.7146762284521007 0
0.2565732699829789 0.684325395181276 0
0.4307591087543157 0.7180089127201497 0
0.2774779277768578 0.744822406256176 0
0.2521957530279305 0.7383821956411579 0
0.4928146482598224 0.3413589831726554 0
0.5326928849932714 0.3309299653585814 0
0.3627474394985404 0.740588759238876 0
0.2486774819367716 0.4372148159187069 0
0.6544422026653233 0.748293320059726 0
0.6796521893088626 0.7573208897938136 0
0.6954492237497929 0.7284387154740984 0
0.7180951712768912 0.756303100956418 0
0.5514506070688202 0.353862077694539 0
0.5707370158350444 0.328998111252179 0
0.5876024517034145 0.3542816512955216 0
0.6081314438573231 0.3337560424551749 0
0.6243801325566256 0.358543390740593 0
0.6452212787543226 0.3431827345439788 0
0.6545600441942219 0.36061497012204 0
0.6702266718590242 0.3360062236154316 0
0.6742467489459192 0.3616492072306752 0
0.2640650819072108 0.7670922610946822 0
0.2389238149344346 0.7621460902299797 0
0.7254877717423538 0.7130061581123845 0
0.7396967031187125 0.7394138462517363 0
0.6258492956200371 0.7439001817439315 0
0.5103089345748133 0.3121002096684439 0
0.4859708389779974 0.2989174352384902 0
0.6458689254546538 0.7795755029483697 0
0.6147070052235626 0.769932923202063 0
0.6318972170248653 0.3185830173837216 0
0.1930034070780259 0.1780436091243739 0
0.2536075922649741 0.788357631157695 0
0.2283511373460115 0.785016066034974 0
0.2124037234215334 0.7589506940402788 0
0.7339826578590178 0.7804578482976438 0
0.7547663473178884 0.7647544534603222 0
0.2010459662125109 0.7821588165193621 0
0.4956883695130088 0.2716990391651442 0
0.475807544859813 0.269056606490666 0
0.7004730441228438 0.3340753622250767 0
0.7037086772353908 0.3634106210793719 0
0.7619610608929387 0.7243262189623055 0
0.2028340089061046 0.3568345819238083 0
0.1871870987620786 0.7565474349414693 0
0.6235100639605953 0.8054396456625305 0
0.600000548535628 0.7947308731412371 0
0.2493103734736042 0.8087159750436809 0
0.2672040183956486 0.8092757268958597 0
0.7476476920461401 0.803124185219884 0
0.7683172997929237 0.7887129794452528 0
0.2654604377837847 0.6692002474945646 0
0.2319842352025678 0.6678980692592044 0
0.5006608028709945 0.244708338722176 0
0.4675374758676403 0.2449755243443602 0
0.1756742664544347 0.7782340031812462 0
0.7351920824158907 0.3342265411838387 0
0.7234421237087866 0.3019917203010201 0
0.5874866526885076 0.7648436900770681 0
0.5739507322491864 0.7887481833090016 0
0.5852878581127894 0.8174497113495296 0
0.5606230263667534 0.8121465308651933 0
0.7384644113419189 0.3668798295548515 0
0.7316557249961535 0.3981359061545859 0
0.4051004639948925 0.6233506211092579 0
0.4344115793883693 0.3712537148271248 0
0.1658965682088445 0.7517249994590544 0
0.2511156923013786 0.8298231022205327 0
0.2795133664773799 0.8265095869915239 0
0.7642212685830058 0.4080448969241895 0
0.7497470405920335 0.4364296705052795 0
0.7570875063624518 0.8191052396480081 0
0.7806632183600406 0.8145306771069608 0
0.7985203459677753 0.796588668856415 0
0.8092099335774607 0.8240592847509483 0
0.1744174926337211 0.2741067330752345 0
0.5848011186461797 0.5371441029177836 0
0.2565689564770833 0.6530898603764285 0
0.5741194313811364 0.838531729100613 0
0.5505424941115277 0.8349505643171031 0
0.4697403018317833 0.6531793557364627 0
0.4790898167327715 0.2103142163295853 0
0.4539541566990323 0.2009073056076726 0
0.5082512728084112 0.2159777297804838 0
0.4392174654505391 0.2258469681426976 0
0.4178112411481797 0.2062618274526737 0
0.7590146526016378 0.2975373071359645 0
0.7424896590519108 0.2647597852304996 0
0.818062579360457 0.8002170373805945 0
0.8375528479506928 0.8305082069894451 0
0.7942267206986676 0.4206754140161048 0
0.7791352944911717 0.4489814028520057 0
0.1533261737830684 0.7721291376038885 0
0.1624235612075771 0.8013279279997609 0
0.4349994088879717 0.1837251114930768 0
0.3985692319665092 0.1844431600763652 0
0.3801663227512684 0.2095676803118093 0
0.3554966516707702 0.1862270315847652 0
0.5614905623254161 0.7598697283046849 0
0.8137253144547856 0.4664244344909428 0
0.7863862840388879 0.4917174251643378 0
0.2458012008412904 0.6284898100878179 0
0.221645425415001 0.6355847747636212 0
0.1971118510494118 0.640861419861287 0
0.1884859224740683 0.6156375210530493 0
0.1730084863024781 0.6439999170691877 0
0.1666838358202676 0.6208333250396899 0
0.1804422511160994 0.5981086691484487 0
0.1622224198130462 0.5985718218096635 0
0.1589555512767768 0.5755580967287159 0
0.2697491895493351 0.6223073338776547 0
0.1502524440758373 0.6471013087339093 0
0.1344141272061059 0.5782945599394982 0
0.1520508964721879 0.5515952416441438 0
0.7740704451371212 0.253445442415896 0
0.7567551723633044 0.223286090774091 0
0.7289952040874836 0.2338689688518229 0
0.6435252178473994 0.3773685231168282 0
0.7486831313872061 0.6988983788138635 0
0.7849117271911337 0.7121332773857993 0
0.7721939945013326 0.6863272374641564 0
0.7977073258427226 0.6753165955357688 0
0.7840440730557108 0.6484545417928823 0
0.8081532026165459 0.6368144946548813 0
0.8237806456639332 0.6629748710678089 0
0.2538057119487075 0.8522555173405703 0
0.2812779864262641 0.8529372253795182 0
0.2282392873326477 0.8514827934400717 0
0.7975679343122235 0.8496902400156837 0
0.7367744551711358 0.4623376344743618 0
0.1322881351016183 0.7644909956951477 0
0.5692298656582152 0.8584680844934468 0
0.5459587938600128 0.8575632240389952 0
0.5849553242747882 0.8589978413486559 0
0.5247463382884429 0.8326778956322376 0
0.5197354793497062 0.8567912609048097 0
0.497959717814853 0.8307571531000656 0
0.4918236124332319 0.8556143221695992 0
0.4716036793224711 0.8279085820178674 0
0.4638653783357616 0.8525116454998509 0
0.1398722213843435 0.7938374059175408 0
0.1513316972645604 0.8298991042456108 0
0.1664602139300145 0.1157873497757439 0
0.7285355104360487 0.8181860797738868 0
0.8240719992782448 0.49330275737559 0
0.1280813806111435 0.5567237167264236 0
0.1428085138342471 0.528584065044625 0
0.1641051735641724 0.5208145770548898 0
0.1546236001797614 0.5056321725777633 0
0.1366493622546839 0.5067487291312829 0
0.1355693584643442 0.4850872935267233 0
0.8045968843865403 0.3996520214222399 0
0.6050598272773207 0.6629627359670738 0
0.4950118874737719 0.4343086664346469 0
0.1383517029659372 0.6008125182229049 0
0.4466745247756956 0.82231471347578 0
0.4366985327757529 0.8473370309742299 0
0.7450792840685077 0.8401871326994558 0
0.7088746657867262 0.8331281030078039 0
0.7444833862380525 0.2024786129630518 0
0.7214785134074511 0.2047348004591399 0
0.7827450980559709 0.2058553592301103 0
0.1377655527694742 0.2296796484977249 0
0.4830932948860852 0.1821373483890291 0
0.5186104524228802 0.1794847715144037 0
0.417954879594485 0.5387582546372826 0
0.3016165608404107 0.8324378401593888 0
0.3115883006908603 0.8517960234201918 0
0.8461971554095956 0.8049556330059578 0
0.2358953629884053 0.6014366409123828 0
0.329019800516286 0.8341361215379425 0
0.3117091998727139 0.3993789159009884 0
0.8725425478249254 0.8417494976327842 0
0.8486456738645872 0.865424296376254 0
0.4176907195920453 0.1624105852203319 0
0.3420675638792652 0.2191353990002897 0
0.3243887968271817 0.184657911646797 0
0.348682511590394 0.1612483549807234 0
0.3296586583920361 0.159209864383942 0
0.3626756786803483 0.2345408082258492 0
0.4288953969559001 0.8720115795085963 0
0.403916541406073 0.8685833254278919 0
0.8514498669592753 0.6482361870574447 0
0.7233877666057896 0.8580086282667074 0
0.6990053025438187 0.8616026758690732 0
0.2541936054116106 0.8748462534058177 0
0.2275073225452991 0.8728488795029373 0
0.8603749170218906 0.6732740146807989 0
0.7964239639241792 0.6185479401764311 0
0.7752301080211076 0.6216147681064669 0
0.1212691527699242 0.8172954434850013 0
0.1354089715408164 0.8462597027986445 0
0.4811278332013236 0.8040563930568323 0
0.1223782624456237 0.1707675327327958 0
0.5710661501320503 0.8791208955979585 0
0.5912060844806011 0.8724530960145577 0
0.5194319212095826 0.8811577789006404 0
0.2932895611353257 0.5209939465924005 0
0.1385972034880203 0.4632398462988389 0
0.1823570571446621 0.5079890438221596 0
0.5031529694259285 0.145835645853776 0
0.5408464000944087 0.1594027088327797 0
0.5522400173800773 0.2002910280102238 0
0.5719619573349094 0.1681517827663633 0
0.3089674810395738 0.8786792568448208 0
0.8513829949632992 0.4657047443843403 0
0.1176493889444579 0.8444700345077266 0
0.1183926870118999 0.8666940146723259 0
0.8872409349426955 0.8686864393303124 0
0.86565717857594 0.8820621481597513 0
0.1106241361015521 0.7998684058105093 0
0.7193688491943937 0.1737303114367815 0
0.2986263250997381 0.1822983624244094 0
0.3034269611471119 0.1573626838823116 0
0.3104124548951317 0.1298282882893596 0
0.2819511817611251 0.126997016931999 0
0.146332851575239 0.7435889811606458 0
0.1251572017912176 0.7347820913048261 0
0.1118381723255601 0.4597885805760371 0
0.1177694941245315 0.437413032121811 0
0.14368647939455 0.4408674248310276 0
0.1202808884763556 0.4153978826644998 0
0.2757633174895991 0.5211020601615304 0
0.3334380197978118 0.2388002895776562 0
0.3451519105751372 0.2549750196585501 0
0.5275225024105898 0.5280561508488144 0
0.09603669371417596 0.4141728726354399 0
0.1196550477120022 0.3928780634807998 0
0.8520632322130933 0.5016598665528974 0
0.8502973618952624 0.77965790695502 0
0.8810868622696877 0.7825124837730382 0
0.2249155614121368 0.8963103952399676 0
0.1986226321916935 0.8938325473684771 0
0.09478969123717441 0.8673144904748646 0
0.09624140465989828 0.8891784527979307 0
0.1101492322847391 0.5095077553936059 0
0.5930212723837344 0.1926904031422604 0
0.6093554471633741 0.1577819992770138 0
0.8941076799230012 0.8852380501509098 0
0.7117224906875013 0.8865701610709171 0
0.7387309252913807 0.8934855207117235 0
0.6882669739027711 0.8779301720229157 0
0.671079164631341 0.8630007523797928 0
0.1202397153295102 0.8890445998930463 0
0.4635016902810357 0.2865979669729641 0
0.8303041606010925 0.5306303730507831 0
0.8855376195807756 0.650954176243091 0
0.8662683805915619 0.6233310610975942 0
0.1755129774408935 0.6680060924747228 0
0.3200534893062431 0.5224017955330534 0
0.3004781690404879 0.5381074726683933 0
0.3433048047229917 0.6618584830751189 0
0.5771151408277704 0.9015656100180339 0
0.5999721103423281 0.8928059255195847 0
0.5326403394088852 0.6143917420617332 0
0.1462152091689232 0.4174525974856788 0
0.420199577831503 0.8942823518076313 0
0.3969283221597899 0.8886374777869037 0
0.4451743263428031 0.9000951110767504 0
0.2869398061936227 0.7751200233432407 0
0.3360332976331655 0.547368946450748 0
0.3895628961253156 0.4303188813643097 0
0.5690440962316725 0.3769032972514912 0
0.172672647865027 0.4489008792280729 0
0.2013245780808091 0.5285802787699548 0
0.9133589734210124 0.8650599188985381 0
0.2482299729600878 0.4989919664642699 0
0.7937961172982624 0.2861999103303963 0
0.8308963768357455 0.2675998748228327 0
0.8404961203533442 0.300042034857137 0
0.3105734604178605 0.5683813834127983 0
0.5272900342674992 0.2759003064141527 0
0.3053631528362375 0.9010809061337877 0
0.09479033989775268 0.1378725780507462 0
0.4238314117607381 0.8123945242601998 0
0.2796684095168582 0.1813504761542203 0
0.287773040986854 0.1005524847094694 0
0.2683481373833699 0.1011965808080059 0
0.3206747653996553 0.0966905485094658 0
0.09484727591021389 0.3927520377797811 0
0.1182999664955158 0.3701656077478588 0
0.120695848406066 0.9107712978235183 0
0.1392185222387288 0.9100250026874532 0
0.07459729819854423 0.4151646579075571 0
0.5316390537923192 0.136616149832217 0
0.4888776720821491 0.1177222614605572 0
0.7733796163706073 0.5941936622668601 0
0.742127764032385 0.5932997822852581 0
0.8747203672226197 0.5329895745516416 0
0.8831295039457182 0.6765591887292108 0
0.3255228071624466 0.2724239103094662 0
0.341649690141802 0.2972991333736886 0
0.3626538501054959 0.2784668703173724 0
0.35746708698859 0.3238065282002113 0
0.3864315010937865 0.3070677762749187 0
0.3711700306252023 0.3505381250879593 0
0.09594793952633135 0.9105480471689472 0
0.09327179738786723 0.3702778494562537 0
0.09199947793340932 0.3474529427636939 0
0.1175961912777426 0.3473706431119625 0
0.1167632700351997 0.3240540960607106 0
0.8815475855361058 0.8989069989425343 0
0.8416505127975831 0.9011348008844812 0
0.8989710217798886 0.9138052503950657 0
0.3513316638594958 0.5734893052917255 0
0.3320118773961634 0.5922902500619545 0
0.6022672925081665 0.1198424992871048 0
0.6333852447723156 0.1274173423163783 0
0.4038613242700889 0.7996108876844411 0
0.8714455349124167 0.2723713424479325 0
0.8675666583169788 0.304779253163157 0
0.6615780920861895 0.8052072450506503 0
0.1389149652843409 0.7121453853733902 0
0.1166385991207527 0.7034742620997423 0
0.1036404650598755 0.7257340983569686 0
0.08312974671514008 0.7159175269013174 0
0.09621973818772915 0.6934856080552974 0
0.2583967254886643 0.1186934370709048 0
0.2388347714008312 0.105028587824095 0
0.1933498647560108 0.7357637365542014 0
0.1987364352466653 0.8670779106398072 0
0.5730179246181966 0.7368749065900502 0
0.5506523238445655 0.7309891543097456 0
0.1305237188687933 0.06774372882212369 0
0.873441863325387 0.4665644807053849 0
0.3280112163191153 0.907219623348106 0
0.5377288671426058 0.7525365185337214 0
0.5169946049181474 0.7444183810639636 0
0.5290146861577197 0.7227896018098048 0
0.3866978845763998 0.8670682092694579 0
0.6984122251860825 0.9108295716712221 0
0.6980005618546093 0.2397399319457128 0
0.8508647611766417 0.7544850629939913 0
0.8813989460779788 0.7564091342358877 0
0.9131297457408247 0.7862440498018987 0
0.4325711326886844 0.9215306538470273 0
0.4557225616078507 0.9302051086808967 0
0.5054631950930346 0.7155492746200761 0
0.5145393025024662 0.6921258156550669 0
0.4950795665562869 0.7389920638936062 0
0.6684237136659437 0.9034639296275264 0
0.09345263182860945 0.8448248314906013 0
0.07216035811586183 0.8693403928475741 0
0.8236182243275335 0.7538122308227202 0
0.7350813506861248 0.6748563209354111 0
0.09056086039209985 0.3244484844915163 0
0.08747878132114109 0.3013555404246677 0
0.281290745878128 0.5691137770857456 0
0.1207909050917256 0.932318671480295 0
0.6078073637320334 0.859728220580525 0
0.8885042676839677 0.6245571468466995 0
0.2204513665681649 0.9245583577811707 0
0.2512270712352846 0.9198912295995676 0
0.8648653173466018 0.9187934275851219 0
0.827958423815887 0.9293921065834112 0
0.7752614718487574 0.566613015808535 0
0.7442649330356892 0.5637404820071684 0
0.7097544207586891 0.5907292982726747 0
0.7121109767213207 0.562006133200827 0
0.7114142935515376 0.5334883717687627 0
0.6802723656656297 0.5329559458427786 0
0.2222454723307622 0.1268732946837162 0
0.1439498715453807 0.3241364300750661 0
0.1733457345586984 0.4195126850567092 0
0.3194292460572375 0.9216253631400831 0
0.349222104821398 0.9176962408477133 0
0.8919680288142843 0.597066928164866 0
0.07778691485611056 0.6826690493194805 0
0.08723407047279153 0.6674030878818347 0
0.1439408354845929 0.3478692566717129 0
0.1912789296276878 0.9163224897744153 0
0.06237599462130692 0.3029754000617617 0
0.0821698317516537 0.2784382065026024 0
0.108704746286985 0.2754282425199637 0
0.100218444639754 0.2526105854386721 0
0.812916014037295 0.8994559946684078 0
0.8048719452420081 0.920817917560986 0
0.3363986905428266 0.340404921983797 0
0.3091197991992636 0.2450113787379238 0
0.4789633421579368 0.7071674607670027 0
0.5179697378262897 0.1061247046003309 0
0.4724158737262991 0.09236410425464986 0
0.4409311068249845 0.9493509936263587 0
0.1738700247998481 0.8276666670381203 0
0.05742883251260657 0.2809284925223298 0
0.2590642897468665 0.08074103895439198 0
0.2188056452882607 0.09229526868103953 0
0.5487122951265923 0.9098546756617527 0
0.5633624476878167 0.9278708705768097 0
0.534194348441382 0.9321131092148538 0
0.3015118275570953 0.9208683020021979 0
0.6419128081858586 0.8232355961862335 0
0.2213198376501715 0.6972080727566008 0
0.7948053846589942 0.8980029692607447 0
0.7841125928998735 0.9124594945272868 0
0.3863059938147629 0.8170178974979683 0
0.3767301881319954 0.8032327126044059 0
0.07002852279939226 0.7381796577950072 0
0.08976157628087082 0.7475111785077144 0
0.6788304678651785 0.587717490138551 0
0.617396861563186 0.1884179700501172 0
0.6239270965725299 0.2188311198804754 0
0.3954932506536993 0.3407838540554133 0
0.3831697018951142 0.3751742977427156 0
0.1661532691646132 0.7205615365019393 0
0.3129233017049803 0.819569800394199 0
0.3784149704189709 0.4916978068613967 0
0.8650067408171237 0.3369466736128907 0
0.9002175762516391 0.3415376158257724 0
0.8646835457400215 0.3710935350596104 0
0.1961365127432479 0.4449822363727604 0
0.4397417972924184 0.7888039532439429 0
0.1940667694121057 0.5749523613310179 0
0.4034552137980261 0.2766831972913827 0
0.1713362227216344 0.3946282005827849 0
0.2868123885875367 0.2720712527292958 0
0.2425835655688169 0.1434668451731115 0
0.4828832784546238 0.5099932605316531 0
0.5504833817658998 0.09696890331626162 0
0.8498108353036482 0.9401823987869136 0
0.06201495122515898 0.6686339345511074 0
0.07818234215082473 0.6525648994687084 0
0.09776759633442569 0.640414109185889 0
0.08634085619836447 0.6171310604087499 0
0.06214371653765978 0.6303691795236274 0
0.07681935893093418 0.6007305989213613 0
0.805758054154842 0.5951243431580133 0
0.8446319581235717 0.2383844393764866 0
0.8764399623642668 0.2332066809414908 0
0.8574189748547609 0.2004059780686888 0
0.9130134665586792 0.7596138654056441 0
0.3133744641725232 0.06976057195613521 0
0.3408483575728453 0.07882290529666446 0
0.350564698658426 0.1079401760062007 0
0.3619941093284109 0.0825187863727903 0
0.3767700533553923 0.1205300925045248 0
0.3989991153185175 0.09109743188419958 0
0.3663219701085529 0.595946412222437 0
0.3843633382758472 0.5808986013304557 0
0.348347502425003 0.6144658199281254 0
0.1505743370007662 0.9285212978739396 0
0.9008870683936254 0.3094833822624903 0
0.6849246517576885 0.1763117505013621 0
0.7219293270074872 0.1394925753384805 0
0.7494399498789162 0.1427904914357954 0
0.7294520568153233 0.09922787360167984 0
0.7733452644472278 0.1149570510832919 0
0.7925847025520008 0.1548442036643953 0
0.8103923774843003 0.1139012512852935 0
0.6951776821665223 0.1041129130658596 0
0.06095824238617215 0.7550080002253914 0
0.0719900494106548 0.7722614849358714 0
0.2795089217694915 0.2326182223581947 0
0.6757652445600409 0.8266928327088359 0
0.1727825337072456 0.3246592334218087 0
0.1489246323173344 0.6893530594252438 0
0.6884311165299595 0.9343195795133873 0
0.6628788347650607 0.9320478056908106 0
0.622371719880178 0.09105762167644707 0
0.313488773955641 0.607638911719757 0
0.4216460770296989 0.1202911446174045 0
0.9208348957436275 0.5992706880346851 0
0.7078635436218454 0.5055584698246336 0
0.6767673904191823 0.5061112339693646 0
0.9164879452719878 0.6254283504933532 0
0.7134431180666361 0.937916412978774 0
0.8238361272061264 0.1387290360062016 0
0.8563755483689528 0.1247739832247519 0
0.6810235798739901 0.7903541616410603 0
0.1962067616709647 0.3920027308859801 0
0.4695008906947113 0.9088351242260431 0
0.492107028684822 0.9179820001523917 0
0.8725018097828483 0.1576198184344318 0
0.8919101536783358 0.115671486865587 0
0.2093117860225832 0.5085865011006523 0
0.2276518045333852 0.5270417598529282 0
0.8962683630362678 0.2104391077811165 0
0.9123417341112926 0.7327386553749998 0
0.1479626309384335 0.8898235455600867 0
0.4534306767182948 0.1671777339225862 0
0.4360909481878241 0.08110853402983503 0
0.2312441322831507 0.9406863014219005 0
0.5454207927520257 0.6979858782524694 0
0.5449708252778557 0.6672685645024559 0
0.8486785201329418 0.7276160518423125 0
0.7057858397215356 0.4795364947332651 0
0.6758762563927584 0.4782539270807602 0
0.6806861858551335 0.4498428370850475 0
0.6421681603135828 0.5108019782997112 0
0.6435694599009304 0.4773631608146255 0
0.7034784130892808 0.619621945660896 0
0.1872523048056205 0.4736052346152949 0
0.206903092668527 0.4616869476560979 0
0.4203963027559374 0.9413919303703704 0
0.8522727377037534 0.5526585497474943 0
0.2491847897747697 0.9398496690487367 0
0.8946676994581747 0.5620898072437825 0
0.3283720615420295 0.9376938750409471 0
0.2313485544867696 0.07020471589496236 0
0.9281786863961332 0.5707940658196171 0
0.9104401541228404 0.5372790137801485 0
0.7965229433270896 0.7367674436091827 0
0.7915207636950974 0.9411371917776902 0
0.7703387676616276 0.9321086220936908 0
0.7178057335302521 0.0666755505931174 0
0.06555619772313014 0.3256480582860327 0
0.9005288033200218 0.3750246352556081 0
0.8565941422169755 0.4365246488961733 0
0.8846069526521599 0.4474833970418546 0
0.9066577026800685 0.4683008311396207 0
0.9117516145207819 0.8133015136678344 0
0.8105942797469985 0.5533680449533869 0
0.4710862458771721 0.7352120386628898 0
0.4894347655479656 0.7611831403857474 0
0.7431146418799016 0.5008649205768666 0
0.6769983644106854 0.07640713062202972 0
0.6153188453488883 0.5026575560441326 0
0.6060188925647307 0.4778055894862705 0
0.6168704721435296 0.4421939272750456 0
0.5901520977807326 0.4339705713548797 0
0.5762254216293985 0.4595655659036563 0
0.5541023041174988 0.4428867845027391 0
0.5383778642934984 0.4667678135709278 0
0.5985231222352283 0.4137102452276392 0
0.5597048535839605 0.4836043382708279 0
0.06966051938302302 0.8480160899161068 0
0.06833246581789122 0.8252993970412182 0
0.05173384970287057 0.8759513766105054 0
0.0578433705065451 0.8897876281711743 0
0.3635469786162155 0.8976936751961373 0
0.3723388635923773 0.9280251997707798 0
0.5408688523299757 0.06451027881698701 0
0.207697496665446 0.06381950081239847 0
0.1976183859144354 0.08409715936800509 0
0.1856236496181913 0.05965500383719177 0
0.1766879134269786 0.07874701959808696 0
0.6448961852594721 0.9114034886063884 0
0.6389089706234279 0.92903287011103 0
0.5531289586149847 0.9482221052274458 0
0.5818589807141096 0.9502449753096772 0
0.5246202447675676 0.944531893517473 0
0.03584786985735191 0.1103172555278555 0
0.05423464776667894 0.1209524639630051 0
0.3268714366415105 0.6308193249661407 0
0.3024853295974918 0.6409063051927197 0
0.7861956334628166 0.07166282023632517 0
0.1215890919983488 0.2447609364419392 0
0.1111278749922459 0.231230691717084 0
0.09465355314203228 0.2314333864655831 0
0.09514669886792773 0.2068934834521758 0
0.06911137347142621 0.2104733456309709 0
0.08531041699976746 0.1895556922697655 0
0.06913626983451032 0.188926773765781 0
0.0752935568713395 0.1643411950450629 0
0.04837968868777417 0.165995717661658 0
0.07182871067286867 0.2329847534306372 0
0.06016978238815784 0.6031969815888231 0
0.05673966969106863 0.5800928425659878 0
0.08387890558197618 0.5793225338587508 0
0.07345331454870264 0.5511294935596009 0
0.05136331859191262 0.556211856918847 0
0.0654812329503323 0.5342326668810964 0
0.3671400703368083 0.6336623009810556 0
0.1659165071145122 0.05468534291482748 0
0.3613225455318489 0.8289715161471012 0
0.3602905132808614 0.8029724865682558 0
0.3654687328431634 0.7821664197512348 0
0.3436561237769346 0.7750822092251947 0
0.8674915738595977 0.953896167738487 0
0.145815536850248 0.9566312800852041 0
0.1207881455058535 0.9550262888758172 0
0.5178094990867603 0.6684857543969123 0
0.07543251468196598 0.1173617536455589 0
0.0788033544024917 0.09062350211386137 0
0.4087648516404519 0.7389032123782868 0
0.3668077471028601 0.05685882541749739 0
0.3934072125204296 0.5965019052724321 0
0.4044584459199814 0.5701604255872719 0
0.943665190616275 0.8192178572915295 0
0.4046898041574172 0.3646991521689756 0
0.425244659459348 0.3350901101174507 0
0.3950617016427281 0.3969312597322715 0
0.3629398102710211 0.3896595889338339 0
0.09495514511843771 0.5423105086660717 0
0.763332965107359 0.9027236844523177 0
0.6576648862751274 0.9551509521159792 0
0.9433106355066282 0.7368025947882546 0
0.8551026537890467 0.9661054820711661 0
0.9004566996079134 0.9491749911863469 0
0.9291724244950024 0.4472779934529743 0
0.6571214385091986 0.2138656690020651 0
0.6332390206513731 0.2500567372346032 0
0.6027739542462384 0.2606443650883243 0
0.5233747853768679 0.4894974212966055 0
0.5031840815694101 0.4740833501790376 0
0.9054877937710401 0.1487741051803755 0
0.2671113003322393 0.0502022053589949 0
0.552987946129324 0.9760591548816131 0
0.2023067313079319 0.1454715142155388 0
0.189182205209219 0.1267673875356434 0
0.3078197874818149 0.6675790162791391 0
0.04503760118063068 0.8310567268911121 0
0.1432180671553393 0.2986664907408145 0
0.04767595420248771 0.5330811237002666 0
0.04618559021356491 0.5103022968264993 0
0.039706138510497 0.4869692448937795 0
0.07134772890006372 0.478370059816248 0
0.04797942859477813 0.4528806159916395 0
0.06605835700312596 0.4393301855413073 0
0.02480249784306453 0.5599079408114015 0
0.6568978103970785 0.8436137720459174 0
0.1202608482128636 0.6307450529162801 0
0.5139216333903148 0.9243369407793198 0
0.5085477676804639 0.9430557798066567 0
0.4814933397974953 0.9433221229016646 0
0.4588533540505763 0.9614785992460454 0
0.8804692645995231 0.07939074680702646 0
0.1219689789902765 0.0532948655253683 0
0.1301305077498385 0.04017093137161477 0
0.0734258924315504 0.1398567211111418 0
0.4000022510496491 0.05625775412050563 0
0.4330317934040023 0.05529832843739641 0
0.4153059796527487 0.5951532288123823 0
0.9427731104395989 0.7090585607940708 0
0.9437102369186946 0.764725332811817 0
0.5154082665233795 0.6453784801969913 0
0.5408686285658413 0.640958025239969 0
0.5741087721882195 0.05990988294883536 0
0.6045887688250342 0.05864388365239979 0
0.1727658440439403 0.2983369160287843 0
0.02901816756667697 0.8923956284897507 0
0.5056711864627086 0.6227860166919984 0
0.04336935167620931 0.6899020083450343 0
0.03686917090798127 0.6700315684080441 0
0.03610518566994601 0.7125798969844329 0
0.9148541236343202 0.247887266033592 0
0.9220931784427349 0.214676715672441 0
0.8808824082505378 0.7023719832035507 0
0.6949988712938956 0.8113149412395494 0
0.8170160068352361 0.8781889267538717 0
0.94288675744799 0.6808586873333807 0
0.1712653435621201 0.349677238418636 0
0.3747345018723061 0.6749587791030371 0
0.1879163500652109 0.102373939613567 0
0.4626955170815623 0.1305830728239441 0
0.2914594138324145 0.2069201011931772 0
0.2688870158532199 0.1985383997315596 0
0.2471432924308311 0.1865107552280954 0
0.2317368939737137 0.2122757120133872 0
0.7069810010239697 0.9577218546310791 0
0.1726368364492851 0.6922529323007074 0
0.05408264226566187 0.4198712524833669 0
0.02831946979654741 0.429432142143717 0
0.0482112269740016 0.3971551300118638 0
0.04556150348460553 0.3734444347353236 0
0.04441130408253896 0.7822034648083336 0
0.8830363868986781 0.9345201394737583 0
0.9154779643005475 0.9296606590809309 0
0.9317569900868112 0.9134978672144861 0
0.9421257779763123 0.9278967820401901 0
0.9321522065982049 0.9484802739774667 0
0.6226908796779331 0.5346939339707845 0
0.9302933191767261 0.1121430999824698 0
0.9591332616278443 0.4276044798100065 0
0.1591396664397937 0.2415986818192964 0
0.9640943561765859 0.3133457514285063 0
0.966187909708591 0.351205011680103 0
0.02428110417034408 0.1692777096991057 0
0.1965705206361933 0.02167797267324465 0
0.2770242593569039 0.9197797565987275 0
0.06918551811804231 0.801545301936503 0
0.04657260727764695 0.7300922983072688 0
0.7142373574403634 0.7958648693176487 0
0.5002815988241552 0.9027327970744945 0
0.5394951373338061 0.0319290467635754 0
0.5612141724656878 0.6088493328450688 0
0.4430463790683646 0.2702513016241668 0
0.4254284819123208 0.2938366151224625 0
0.6986830837823449 0.7742910133676173 0
0.80778307260888 0.5107491680931745 0
0.09911739894611335 0.7783864755090348 0
0.739302286060346 0.6298037155685994 0
0.7179816793696444 0.6563411254521557 0
0.7099466391490903 0.2702335252625834 0
0.6772723144058743 0.27463203303661 0
0.4346525767054232 0.7525341993070044 0
0.6579096324250928 0.533118235272463 0
0.2487859270436129 0.02311957895651194 0
0.2732064974202383 0.939912394641499 0
0.2983150396762419 0.9398996921295599 0
0.04629740489803792 0.2135500109561122 0
0.624033717947611 0.8426631452164595 0
0.6384857256527913 0.8616553027017153 0
0.7202148935510011 0.4274317980782246 0
0.698424412291431 0.3925786421856627 0
0.6683497382679755 0.3873184771260645 0
0.6580370203598043 0.4155738243618425 0
0.5859438684784076 0.2233610510322651 0
0.9726681866846039 0.8284787737507152 0
0.9430620077664904 0.8456473518128711 0
0.3501561864615597 0.3657169957443272 0
0.3173639008896965 0.3578164471035833 0
0.3032702412913182 0.3337086252509235 0
0.4694968314990978 0.3258713186489371 0
0.6200014323118068 0.8787745555906195 0
0.9789916919501438 0.9516751271232355 0
0.9671484555274621 0.5068876256160033 0
0.7692974509512442 0.8440812829464538 0
0.684195289487965 0.03460631410130068 0
0.3057238252060087 0.2921338744837804 0
0.2698494900650443 0.294567150545175 0
0.3217936049268765 0.3157487524388627 0
0.5812154935499186 0.5006849809046414 0
0.8120270356349581 0.9554233724537406 0
0.4876094981378677 0.8852562646590125 0
0.9724987441151441 0.8558960176666671 0
0.3782434706952302 0.8520328779436002 0
0.6526129985306512 0.8807454494946447 0
0.6056907999333815 0.6905218725163452 0
0.6040133140481468 0.7158835360985968 0
0.820742068671358 0.3246873985491578 0
0.6808985781529231 0.5600173181069457 0
0.6513217859545768 0.5862918593525199 0
0.3021034554283142 0.02675437205801009 0
0.9608630842863225 0.5851514958786525 0
0.03994938557808415 0.3049185340947613 0
0.03502159665078088 0.2846729046111482 0
0.05219650873637163 0.2590078468974901 0
0.2795451697842982 0.8986351979888491 0
0.3835027203319852 0.6117659619882665 0
0.093356033573224 0.8002315847121664 0
0.5776916256069213 0.714897645357249 0
0.06747201866832642 0.3486083321838185 0
0.04409120630982331 0.3500137434017305 0
0.3027369340779476 0.5910958047981205 0
0.2853053200136233 0.5932238234399879 0
0.2560787248746015 0.5719591505015139 0
0.721990053236895 0.03539534616380834 0
0.3169712249304056 0.2123725979015272 0
0.7543856236500915 0.8691345381475204 0
0.7483119422806732 0.9238426072409955 0
0.7351439670183617 0.9436990955243079 0
0.7246427079326758 0.9166393928476516 0
0.6066114388448057 0.8277161372159771 0
0.9715691337489977 0.6525179748602069 0
0.10781482110185 0.48378233982974 0
0.4291279041329726 0.9618793500095633 0
0.5471644433348133 0.783872505465695 0
0.5169836492235189 0.7767823936141988 0
0.5074017077444325 0.7599677401815641 0
0.09384079625762085 0.433507968888259 0
0.02320420335619599 0.2185295054310286 0
0.4088774879264607 0.9149410125642821 0
0.3970788178912653 0.9353642949060357 0
0.5188795737490836 0.9041890194054143 0
0.07652621338851881 0.2557676711485136 0
0.3361871960583618 0.7437378465466997 0
0.2338712236193461 0.4105599964878167 0
0.1200639817073644 0.7849589831309373 0
0.3799268476580266 0.7399918262129528 0
0.4073228334048908 0.5089351451822438 0
0.3878897271967605 0.5276216425667962 0
0.200112272889235 0.6675139693259006 0
0.9785292479544361 0.9099156548029579 0
0.2620567996399318 0.4632623101387442 0
0.2396380896587387 0.4738349283737095 0
0.4574094553008302 0.7126531597971864 0
0.4661547935029143 0.6859476671312634 0
0.5818153056969046 0.9253137384061514 0
0.6074728841403281 0.9508361172694897 0
0.2428573546098996 0.7058791909325018 0
0.2128244310461687 0.7138732400891503 0
0.06384015029899276 0.704191988872922 0
0.4003091250029974 0.2311498970950316 0
0.2778527223040072 0.5447382649336039 0
0.253290807715127 0.5477340838719956 0
0.1525781301246357 0.6681256370639053 0
0.1366087095069722 0.6680318081873653 0
0.2812551738531797 0.8761689915715066 0
0.04674127677987253 0.6546532419342134 0
0.2254479666906667 0.8301568484876501 0
0.2235544770260095 0.8076215952007644 0
0.2025612777555273 0.8344173511309853 0
0.5698111485837696 0.4191365586130358 0
0.5340720631459113 0.4248499199965831 0
0.2708861578090806 0.1595972520432427 0
0.2019452327103354 0.9481461984573778 0
0.1791459217808426 0.939269181907595 0
0.3794887733517791 0.1628601465673636 0
0.9409093973539802 0.8696670747102959 0
0.1301816246415902 0.1990414624878314 0
0.2047597351878838 0.1120558445580794 0
0.7759072650076733 0.7493933354885661 0
0.09500896749324098 0.9321725078778295 0
0.07190126408188284 0.9090786325820046 0
0.06912556159738277 0.9307309449175782 0
0.06907522812532754 0.9539011133494508 0
0.04421842714395021 0.9539493479341256 0
0.3579289663333966 0.9517503790453854 0
0.162494762002223 0.8549915469616923 0
0.3004633689869605 0.7537933331848273 0
0.3107219977657006 0.05248490543925632 0
0.1828482758275478 0.84420170057412 0
0.1800732276674318 0.8920636420770496 0
0.2104633081133694 0.8503596001820644 0
0.4516449586091619 0.3506930453270963 0
0.4054976999608371 0.8393337645941085 0
0.3604916914797818 0.8654498462832403 0
0.2753674371649142 0.7952896601721208 0
0.6048977699558562 0.3783558471441326 0
0.07395451804765976 0.8893333691549239 0
0.1725715534294641 0.876420055497245 0
0.3383801968720076 0.4987272559629551 0
0.4264148779914501 0.4046072555543129 0
0.1858409671450208 0.8050775387387605 0
0.8254799714110757 0.8557614958849683 0
0.5066898834350976 0.9609037877432716 0
0.5346201252597297 0.8084544863435017 0
0.6899060032442206 0.3046091977192535 0
0.09304301694568146 0.82234985499966 0
0.1692357096144425 0.9062284601933376 0
0.5325260972302258 0.3798482963166269 0
0.07166383839345557 0.9770759900589677 0
0.2348515013998744 0.9787578063261123 0
0.02196863619844841 0.7658066675507903 0
0.2842926224548338 0.979911602446793 0
0.02047142653285232 0.6158974362513379 0
0.3318646540336034 0.9797170274182135 0
0.2225711152031863 0.730358466285143 0
0.3806291177468624 0.9783396719082498 0
0.2201022188288109 0.3843814389691294 0
0.2523670476125217 0.8977047902609011 0
0.1111021737137439 0.7564521584131189 0
0.1408425208968261 0.863059166788913 0
0.8838051010575296 0.4871931053484269 0
0.9306119999151714 0.4986062570154395 0
0.1453510887075327 0.3939639173138345 0
0.4557866229168132 0.8771406525849135 0
0.02196698512099678 0.8151882189620693 0
0.5931951953288435 0.8464807930592998 0
0.8780392710937419 0.8097329162014156 0
0.679837541336608 0.1348351489396146 0
0.1056188144346648 0.1609396619054443 0
0.2027875634114293 0.3256086309437624 0
0.1754900711110712 0.7369864797324865 0
0.6700332818588315 0.7753573185920547 0
0.5344624689614551 0.2286158765570544 0
0.5462215748818771 0.8812707757821706 0
0.487011056913694 0.7819139804564226 0
0.4951828696300512 0.6895631814416419 0
0.7941694977037158 0.7734694664631315 0
0.6893516572360613 0.8467468129274095 0
0.3856369499582049 0.788791331294557 0
0.4593169255814328 0.7988340181601528 0
0.5074153911657404 0.8056959060143798 0
0.1143134707109203 0.2996523842995333 0
0.9111098067144566 0.9776977207805247 0
0.4999301204362421 0.0702749575912225 0
0.2949602754891845 0.8060431851669642 0
0.6895927399788755 0.6697224604354146 0
0.2109809127136832 0.6080198064070618 0
0.7891714139642273 0.9795303586105477 0
0.7344550548329277 0.9731276372226388 0
0.3244697705586168 0.4248550437849308 0
0.1443604757872062 0.3709677573709145 0
0.4761902227328282 0.1561703550221133 0
0.1763225113299148 0.5431349723151216 0
0.6904498102110701 0.6944144333766026 0
0.59766806963718 0.7404119551175353 0
0.1575976498638812 0.4662684001885696 0
0.2890873947649458 0.07561259552070169 0
0.6740149168609106 0.615059524973396 0
0.3632892519469418 0.5247776889608232 0
0.4704040841128239 0.4864003521272249 0
0.491862084689913 0.526336992758921 0
0.1946357532103421 0.7154350095907098 0
0.7857139212803225 0.8799193595242111 0
0.9142900610820089 0.04055526983268523 0
0.8110634736357084 0.7028526909385442 0
0.141419762950292 0.2670634224203499 0
0.4633875081726505 0.1834268282498359 0
0.1973618948016006 0.6930302680603905 0
0.8355169224010275 0.8804749327325069 0
0.749030822493772 0.07470832722106689 0
0.3325455442536346 0.8606039361117899 0
0.3086670265192612 0.7863995799607135 0
0.8243850572816438 0.4304635647206672 0
0.7827600612043826 0.3751669223966482 0
0.02176176142157134 0.3505413384409614 0
0.758292773741586 0.6605589632739732 0
0.09523127796606819 0.9545736386890045 0
0.3824213468919518 0.2556955436604066 0
0.9145803917798415 0.6520384446588922 0
0.2086784759992379 0.5504344537508981 0
0.7441703509426065 0.5340679600215795 0
0.592682588897839 0.3075628900960847 0
0.4144965085454981 0.428636891967108 0
0.8301151369020129 0.6195024166690422 0
0.7735667692840288 0.3323962384398393 0
0.1281623794089549 0.6821316394550845 0
0.552089563917908 0.3038268083627814 0
0.1632806146985933 0.4873346745722307 0
0.5634980018832434 0.1294959013299737 0
0.205205923004208 0.4236405704466275 0
0.3378503387064815 0.1343941331927005 0
0.3576820752317198 0.4297998147517511 0
0.5488128741237029 0.5427478737589103 0
0.9053623872403256 0.2790644322894276 0
0.803096906668366 0.2354187354703713 0
0.7573714185264688 0.1752234079106421 0
0.8226807146302296 0.7770051256122092 0
0.7140554829537481 0.6882337902933264 0
0.8258447306195839 0.3681510214198258 0
0.2483805851183141 0.2813641336089869 0
0.5208770520566144 0.2480177015461409 0
0.0774832169315514 0.5158739809161036 0
0.1187142815872235 0.5342735344303079 0
0.07158985376671453 0.3941680323580186 0
0.4218185975641144 0.2510752397558369 0
0.1069224343491026 0.5649583617889226 0
0.1437720721772384 0.6245415022521175 0
0.1099724953514924 0.601545397340187 0
0.1695276623139071 0.1351398801277409 0
0.1699033354845799 0.3722746019799127 0
0.37310798348095 0.5577447642202958 0
0.218007731352816 0.2369702151414159 0
0.1293854712296397 0.6534553030146089 0
0.226340299858394 0.4494348539368746 0
0.7984321644275649 0.03885145842773008 0
0.1756956180888221 0.1618349597510199 0
0.1995534235346141 0.4942310546443962 0
0.4261353964690056 0.5628174013059787 0
0.1219050501037204 0.9778017731179337 0
0.02061351461514192 0.9369305194608391 0
0.02087895396165745 0.3266804250603498 0
0.1072215608977495 0.6674613243357761 0
0.431523063971735 0.5800949842537407 0
0.1889276004170923 0.374354465152255 0
0.832279040323202 0.08681253218802784 0
0.8108770329476522 0.1869485726998949 0
0.3602485084958316 0.1453194432813431 0
0.558788323029195 0.7153935624370402 0
0.8385876920050843 0.9609648056474903 0
0.5784050326200358 0.97536792729118 0
0.3692134263941282 0.02918067502587507 0
0.5820815478940101 0.08807862827001282 0
0.6286789058008923 0.976885101177162 0
0.8576966247889928 0.5968527300615566 0
0.2182589660455929 0.1716590360845622 0
0.2552083408946256 0.2223859823353971 0
0.1482964247924746 0.09505774779580577 0
0.4131017990790026 0.3115119482059071 0
0.44681779332681 0.3098367263077169 0
0.9331792783691556 0.3456904260416085 0
0.5767662333523196 0.6914737698601386 0
0.7070057718226743 0.6713807451059824 0
0.6490784326980137 0.4462422801628847 0
0.870850511722732 0.04020766180179059 0
0.9214281811841486 0.07997017759554813 0
0.1455729785772799 0.9787376491235661 0
0.2642667325516307 0.2579528334053687 0
0.9151954875429795 0.8922735711779295 0
0.8051176794567604 0.7537022422898568 0
0.6592148294621233 0.3095509525214351 0
0.2251899087625745 0.5049017110554924 0
0.6499338861436633 0.1083035526174786 0
0.6364820769674118 0.06390454795940258 0
0.574270856898342 0.6646006741476436 0
0.5562482436805313 0.2515287867504015 0
0.9494471732604931 0.9006101769835456 0
0.5694630089270913 0.6361418807439152 0
0.469208856686441 0.782886669748533 0
0.9110565822983014 0.840993139548876 0
0.0240845385301855 0.8646571034580924 0
0.3952945616281546 0.5470852160088361 0
0.2821706355889479 0.6689069954035096 0
0.2927259081986837 0.616371153900282 0
0.9536741701729639 0.9755813908969608 0
0.6828048513245415 0.9565185620384737 0
0.2780647380668259 0.6461642121460058 0
0.218064033549476 0.4833669950985677 0
0.5755437124625942 0.2798683570623414 0
0.9572435505590018 0.9511851926271921 0
0.4389029488440077 0.1449952796886306 0
0.2298692266133495 0.5749264673901706 0
0.2076785933707223 0.2034513238264595 0
0.7251051243352098 0.9575628386606039 0
0.2617694962230409 0.5971172233071709 0
0.8300185704578977 0.2166310107818508 0
0.1687056902900219 0.9623804759325336 0
0.03535274451722262 0.5856888185315414 0
0.6418755022048431 0.1501880686410435 0
0.398999369442226 0.1409013928631277 0
0.6504426457738224 0.1817911712474947 0
0.3221829105220536 0.7649205553186631 0
0.689441072128184 0.4212974724176153 0
0.02156429184565725 0.9534088596050998 0
0.2559500570092873 0.3142768950710923 0
0.8452280059353514 0.693312697756804 0
0.05086234613417401 0.9040122120922797 0
0.8203433191031433 0.7295730328940357 0
0.6786558802344776 0.9782088514461698 0
0.04273130977796314 0.6256056563485767 0
0.4354369812994572 0.02795111298231857 0
0.2877423022836036 0.3124826610832335 0
0.9293284856775157 0.2873946724609198 0
0.9326585518359503 0.405188906832002 0
0.08622153541210216 0.4524464031426893 0
0.4688783020494394 0.02981021543157434 0
0.8805228497155233 0.7293836522450816 0
0.4804575566468022 0.4617985936357761 0
0.4854107978132732 0.6363637606324881 0
0.3307111813132182 0.382510597693941 0
0.2851498188206347 0.3507262225603654 0
0.1169218565341236 0.5805632429288184 0
0.02395795345488555 0.5305728605716924 0
0.05138299813487996 0.1423319182292763 0
0.1896513060436243 0.9707512924810474 0
0.2984215665281996 0.3742820612607585 0
0.8285573215565736 0.4007343641721056 0
0.9407385315746177 0.603650854588261 0
0.727644611971107 0.480084812767499 0
0.3906077006667283 0.6484807310901607 0
0.7105564698093805 0.4544087682560045 0
0.02867171114229081 0.2645532341593682 0
0.7625999981974502 0.4750402026684026 0
0.6950487638378661 0.6463326376064503 0
0.8411097790804212 0.170722620059685 0
0.4475612391630399 0.1061876018882854 0
0.5177191374225635 0.4500015729432425 0
0.2224602360800471 0.9552054715342049 0
0.7708603319126908 0.5082728996079604 0
0.01760061447515229 0.4489429641756953 0
0.7969209208462091 0.5701637115246975 0
0.9724813099939469 0.7719759202963539 0
0.8624474171464377 0.405432532871746 0
0.2927796502642517 0.05153941089562356 0
0.7813873057890183 0.5336221535409928 0
0.02191758418942258 0.4904393182263858 0
0.4583643504842899 0.07673358731278171 0
0.9431314060139702 0.6522761785116431 0
0.6179429603552667 0.2916392506396105 0
0.4116424337787565 0.9599519238729252 0
0.3873828560426663 0.9565052988589957 0
0.09845610144449811 0.1161092714708077 0
0.2436554854970771 0.9586680538203056 0
0.8863398004097482 0.1884881826174168 0
0.1180747198797367 0.01935571393337208 0
0.9718614877996652 0.7133158587863681 0
0.02143591944474953 0.6712338228684925 0
0.8315544700379127 0.5738621754764465 0
0.6466598563451452 0.6108298946020084 0
0.02006493962420735 0.1177101610928967 0
0.9636023288161623 0.1276081812932712 0
0.1754791882589269 0.04122512361718346 0
0.4610948009494777 0.7645373890662333 0
0.5131351639036051 0.4066866622570979 0
0.04426030102475907 0.7588427028445105 0
0.2672338447498599 0.9595702322113175 0
0.6465811310680224 0.2812786047496239 0
0.7555149535327839 0.9516485957374097 0
0.9430678251163815 0.4702206159749773 0
0.9181416138900016 0.1812121207807916 0
0.09297019352898245 0.1536640908866103 0
0.4356024934393563 0.977735503524902 0
0.9122495396049386 0.7060211583730112 0
0.4638915793722241 0.05789146567323707 0
0.6329437970172519 0.5865054857806133 0
0.04515269508819328 0.8069855121630624 0
0.6030592158227684 0.0798386470353008 0
0.3438899442856901 0.4067718204087153 0
0.7765983452951758 0.9595354311967469 0
0.04691054730162166 0.1904272603282278 0
0.01967605077182606 0.2886419063373509 0
0.623906145346393 0.4055972205102817 0
0.0485289936532323 0.2367717076300836 0
0.8675673361235463 0.5699200020934758 0
0.396889292324674 0.7674145023214525 0
0.3544625075796112 0.7547540694388599 0
0.3745095919341886 0.7611531684570029 0
0.2926608048020145 0.9597176506059798 0
0.04258530765567335 0.3267843394863772 0
0.4191955682769336 0.7768743305298571 0
0.06935823046285836 0.371612431790228 0
0.1480607463765462 0.047158321966481 0
0.9570813471875974 0.04382476715111141 0
0.3203731910768483 0.9599775218299433 0
0.6474623408280582 0.5561264302158819 0
0.9131164009449769 0.679010326861674 0
0.0203948120924593 0.7178960086692492 0
0.1926060654552989 0.04126368486804287 0
0.9330342896707837 0.5390203742939514 0
0.9595774087455288 0.2220727438312617 0
0.9435012199758097 0.7925434112931496 0
0.3856421187133593 0.9075150223022455 0
0.9769551956138247 0.9754633361993217 0
0.9030375509162218 0.415829493192606 0
0.09433705566813227 0.1770832698118618 0
0.7912784004248762 0.9653346145568227 0
0.4570495138185268 0.9862878243093126 0
0.376937195342268 0.8793888302060395 0
0.2159916715384415 0.04321400026820185 0
0.02323839698091878 0.9762962980546327 0
0.632967214204237 0.9527639528334907 0
0.3349935300055796 0.9643224802613478 0
0.8989449018950946 0.5153280395362426 0
0.1403232270488871 0.02120498097504676 0
0.3761340427302293 0.4117008258681278 0
0.4475555104038241 0.7009129541289192 0
0.6052836214029178 0.553894152594919 0
0.3386003171191872 0.8814262327568511 0
0.3447076971040846 0.848902645743455 0
0.4065485514792258 0.4157022553202609 0
0.4527964790092278 0.6693059918375789 0
0.1695505749723316 0.09771562068053963 0
0.9318275408739601 0.3124418029574673 0
0.04738624167830909 0.8551492260926069 0
0.4895904042054217 0.9611259865667945 0
0.6662895459651639 0.2446718465085927 0
0.1557004873939193 0.0741633561191283 0
0.3403888951480304 0.8223029394047179 0
0.5512538135086508 0.4003413456576666 0
0.8315905386223547 0.9807883435687982 0
0.1111867877814495 0.1880059391349299 0
0.04015751998450982 0.9276283286913242 0
0.3334772795546264 0.8018766612954551 0
0.937005239977987 0.8868445554013895 0
0.9330662930868689 0.3798291557031616 0
0.02462755149421287 0.3997361921216822 0
0.2283589506666735 0.5500305527578441 0
0.6097309355706848 0.03033082510204685 0
0.4973664375803 0.6493779570536025 0
0.4152749708284751 0.3847903527033582 0
0.2410021788155851 0.04687704986417289 0
0.2515985711670036 0.5235099946756042 0
0.5039841381830754 0.9796225812652338 0
0.4894270389174019 0.669442603633789 0
0.9131518826072025 0.9591997660566373 0
0.03988917024125201 0.1227737043196547 0
0.3383952637982292 0.06134651005607825 0
0.612013843360702 0.9194961761398031 0
0.1811331421535508 0.1149444245328511 0
0.01333339501562757 0.5766078497686649 0
0.6904056980944886 0.2087908161396955 0
0.5641773555772649 0.5216782476224131 0
0.6018667362115278 0.5177674415464626 0
0.5862706403467534 0.3977969722568885 0
0.9425838654091721 0.6243687028688664 0
0.5086632154454531 0.510712958816935 0
0.4909924632672643 0.4956588689367878 0
0.4213556361567759 0.3579301815744592 0
0.04002166014298621 0.6085117048122436 0
0.5436140618797713 0.5057399565458912 0
0.633641860905939 0.8976601611351529 0
0.5275047502153252 0.9579631548748416 0
0.07820889941050471 0.4293720123991551 0
0.9623282576568966 0.9244085043284325 0
0.7420157709564383 0.06359981863036181 0
0.9304015007440483 0.1430167961280068 0
0.1188177309484961 0.2175040761607667 0
0.4486723837663016 0.7290932705506546 0
0.8573916372746562 0.9829843089800928 0
2 1010 0 75
1612
1613
1614
1615
1616
1617
1618
1619
1620
1621
1622
1623
1624
1625
1626
1627
1628
1629
1630
1631
1632
1633
1634
1635
1636
1637
1638
1639
1640
1641
1642
1643
1644
1645
1646
1647
1648
1649
1650
1651
1652
1653
1654
1655
1656
1657
1658
1659
1660
1661
1662
1663
1664
1665
1666
1667
1668
1669
1670
1671
1672
1673
1674
1675
1676
1677
1678
1679
1680
1681
1682
1683
1684
1685
1686
0.1240122088340749 0 0.025
0.1240122088340749 0 0.05
0.1240122088340749 0 0.07500000000000001
0.1488174161523487 0 0.025
0.1488174161523487 0 0.05
0.1488174161523487 0 0.07500000000000001
0.1744728066001101 0 0.025
0.1744728066001101 0 0.05
0.1744728066001101 0 0.07500000000000001
0.200821905473952 0 0.025
0.200821905473952 0 0.05
0.200821905473952 0 0.07500000000000001
0.2278834621573859 0 0.025
0.2278834621573859 0 0.05
0.2278834621573859 0 0.07500000000000001
0.2556767536583527 0 0.025
0.2556767536583527 0 0.05
0.2556767536583527 0 0.07500000000000001
0.284221551402651 0 0.025
0.284221551402651 0 0.05
0.284221551402651 0 0.07500000000000001
0.3135381794336939 0 0.025
0.3135381794336939 0 0.05
0.3135381794336939 0 0.07500000000000001
0.3436475115772848 0 0.025
0.3436475115772848 0 0.05
0.3436475115772848 0 0.07500000000000001
0.374570983109366 0 0.025
0.374570983109366 0 0.05
0.374570983109366 0 0.07500000000000001
0.4063305997863887 0 0.025
0.4063305997863887 0 0.05
0.4063305997863887 0 0.07500000000000001
0.4389489801474006 0 0.025
0.4389489801474006 0 0.05
0.4389489801474006 0 0.07500000000000001
0.472449333920385 0 0.025
0.472449333920385 0 0.05
0.472449333920385 0 0.07500000000000001
0.5068555219634078 0 0.025
0.5068555219634078 0 0.05
0.5068555219634078 0 0.07500000000000001
0.5421920274557658 0 0.025
0.5421920274557658 0 0.05
0.5421920274557658 0 0.07500000000000001
0.5784840079370499 0 0.025
0.5784840079370499 0 0.05
0.5784840079370499 0 0.07500000000000001
0.6157572991839865 0 0.025
0.6157572991839865 0 0.05
0.6157572991839865 0 0.07500000000000001
0.6540384454361106 0 0.025
0.6540384454361106 0 0.05
0.6540384454361106 0 0.07500000000000001
0.6933546767247846 0 0.025
0.6933546767247846 0 0.05
0.6933546767247846 0 0.07500000000000001
0.7337339894164231 0 0.025
0.7337339894164231 0 0.05
0.7337339894164231 0 0.07500000000000001
0.7752051470912595 0 0.025
0.7752051470912595 0 0.05
0.7752051470912595 0 0.07500000000000001
0.8177976462547253 0 0.025
0.8177976462547253 0 0.05
0.8177976462547253 0 0.07500000000000001
0.861541809007339 0 0.025
0.861541809007339 0 0.05
0.861541809007339 0 0.07500000000000001
0.9064687996273487 0 0.025
0.9064687996273487 0 0.05
0.9064687996273487 0 0.07500000000000001
0.9526105818446952 0 0.025
0.9526105818446952 0 0.05
0.9526105818446952 0 0.07500000000000001
2 1014 0 81
1687
1688
1689
1690
1691
1692
1693
1694
1695
1696
1697
1698
1699
1700
1701
1702
1703
1704
1705
1706
1707
1708
1709
1710
1711
1712
1713
1714
1715
1716
1717
1718
1719
1720
1721
1722
1723
1724
1725
1726
1727
1728
1729
1730
1731
1732
1733
1734
1735
1736
1737
1738
1739
1740
1741
1742
1743
1744
1745
1746
1747
1748
1749
1750
1751
1752
1753
1754
1755
1756
1757
1758
1759
1760
1761
1762
1763
1764
1765
1766
1767
1 0.04890270786723305 0.025
1 0.04890270786723305 0.05
1 0.04890270786723305 0.07500000000000001
1 0.09660968603028995 0.025
1 0.09660968603028995 0.05
1 0.09660968603028995 0.07500000000000001
1 0.143150162126421 0.025
1 0.143150162126421 0.05
1 0.143150162126421 0.07500000000000001
1 0.1885526622248792 0.025
1 0.1885526622248792 0.05
1 0.1885526622248792 0.07500000000000001
1 0.232845009926648 0.025
1 0.232845009926648 0.05
1 0.232845009926648 0.07500000000000001
1 0.276054340598372 0.025
1 0.276054340598372 0.05
1 0.276054340598372 0.07500000000000001
1 0.3182071530706929 0.025
1 0.3182071530706929 0.05
1 0.3182071530706929 0.07500000000000001
1 0.3593292840791849 0.025
1 0.3593292840791849 0.05
1 0.3593292840791849 0.07500000000000001
1 0.3994459117678029 0.025
1 0.3994459117678029 0.05
1 0.3994459117678029 0.07500000000000001
1 0.4385816302190954 0.025
1 0.4385816302190954 0.05
1 0.4385816302190954 0.07500000000000001
1 0.4767604313800681 0.025
1 0.4767604313800681 0.05
1 0.4767604313800681 0.07500000000000001
1 0.5140057057015756 0.025
1 0.5140057057015756 0.05
1 0.5140057057015756 0.07500000000000001
1 0.5503402855453875 0.025
1 0.5503402855453875 0.05
1 0.5503402855453875 0.07500000000000001
1 0.585786432388412 0.025
1 0.585786432388412 0.05
1 0.585786432388412 0.07500000000000001
1 0.6203658790880918 0.025
1 0.6203658790880918 0.05
1 0.6203658790880918 0.07500000000000001
1 0.6540998038329043 0.025
1 0.6540998038329043 0.05
1 0.6540998038329043 0.07500000000000001
1 0.6870088944613176 0.025
1 0.6870088944613176 0.05
1 0.6870088944613176 0.07500000000000001
1 0.719113304461535 0.025
1 0.719113304461535 0.05
1 0.719113304461535 0.07500000000000001
1 0.7504327250701092 0.025
1 0.7504327250701092 0.05
1 0.7504327250701092 0.07500000000000001
1 0.7809863441163363 0.025
1 0.7809863441163363 0.05
1 0.7809863441163363 0.07500000000000001
1 0.8107928849478238 0.025
1 0.8107928849478238 0.05
1 0.8107928849478238 0.07500000000000001
1 0.8398706114763205 0.025
1 0.8398706114763205 0.05
1 0.8398706114763205 0.07500000000000001
1 0.8682373473466626 0.025
1 0.8682373473466626 0.05
1 0.8682373473466626 0.07500000000000001
1 0.8959104803224258 0.025
1 0.8959104803224258 0.05
1 0.8959104803224258 0.07500000000000001
1 0.9229069694978881 0.025
1 0.9229069694978881 0.05
1 0.9229069694978881 0.07500000000000001
1 0.9492433588666063 0.025
1 0.9492433588666063 0.05
1 0.9492433588666063 0.07500000000000001
1 0.9749357815884753 0.025
1 0.9749357815884753 0.05
1 0.9749357815884753 0.07500000000000001
2 1018 0 117
1768
1769
1770
1771
1772
1773
1774
1775
1776
1777
1778
1779
1780
1781
1782
1783
1784
1785
1786
1787
1788
1789
1790
1791
1792
1793
1794
1795
1796
1797
1798
1799
1800
1801
1802
1803
1804
1805
1806
1807
1808
1809
1810
1811
1812
1813
1814
1815
1816
1817
1818
1819
1820
1821
1822
1823
1824
1825
1826
1827
1828
1829
1830
1831
1832
1833
1834
1835
1836
1837
1838
1839
1840
1841
1842
1843
1844
1845
1846
1847
1848
1849
1850
1851
1852
1853
1854
1855
1856
1857
1858
1859
1860
1861
1862
1863
1864
1865
1866
1867
1868
1869
1870
1871
1872
1873
1874
1875
1876
1877
1878
1879
1880
1881
1882
1883
1884
0.9749999999998958 1 0.025
0.9749999999998958 1 0.05
0.9749999999998958 1 0.07500000000000001
0.9499999999997918 1 0.025
0.9499999999997918 1 0.05
0.9499999999997918 1 0.07500000000000001
0.9249999999996876 1 0.025
0.9249999999996876 1 0.05
0.9249999999996876 1 0.07500000000000001
0.8999999999995836 1 0.025
0.8999999999995836 1 0.05
0.8999999999995836 1 0.07500000000000001
0.8749999999995011 1 0.025
0.8749999999995011 1 0.05
0.8749999999995011 1 0.07500000000000001
0.8499999999996529 1 0.025
0.8499999999996529 1 0.05
0.8499999999996529 1 0.07500000000000001
0.8249999999998263 1 0.025
0.8249999999998263 1 0.05
0.8249999999998263 1 0.07500000000000001
0.7999999999999998 1 0.025
0.7999999999999998 1 0.05
0.7999999999999998 1 0.07500000000000001
0.7750000000001732 1 0.025
0.7750000000001732 1 0.05
0.7750000000001732 1 0.07500000000000001
0.7500000000003466 1 0.025
0.7500000000003466 1 0.05
0.7500000000003466 1 0.07500000000000001
0.7250000000005199 1 0.025
0.7250000000005199 1 0.05
0.7250000000005199 1 0.07500000000000001
0.7000000000006934 1 0.025
0.7000000000006934 1 0.05
0.7000000000006934 1 0.07500000000000001
0.6750000000008667 1 0.025
0.6750000000008667 1 0.05
0.6750000000008667 1 0.07500000000000001
0.6500000000010401 1 0.025
0.6500000000010401 1 0.05
0.6500000000010401 1 0.07500000000000001
0.6250000000012135 1 0.025
0.6250000000012135 1 0.05
0.6250000000012135 1 0.07500000000000001
0.6000000000013869 1 0.025
0.6000000000013869 1 0.05
0.6000000000013869 1 0.07500000000000001
0.5750000000015603 1 0.025
0.5750000000015603 1 0.05
0.5750000000015603 1 0.07500000000000001
0.5500000000017335 1 0.025
0.5500000000017335 1 0.05
0.5500000000017335 1 0.07500000000000001
0.5250000000019071 1 0.025
0.5250000000019071 1 0.05
0.5250000000019071 1 0.07500000000000001
0.5000000000020587 1 0.025
0.5000000000020587 1 0.05
0.5000000000020587 1 0.07500000000000001
0.4750000000019764 1 0.025
0.4750000000019764 1 0.05
0.4750000000019764 1 0.07500000000000001
0.4500000000018723 1 0.025
0.4500000000018723 1 0.05
0.4500000000018723 1 0.07500000000000001
0.4250000000017684 1 0.025
0.4250000000017684 1 0.05
0.4250000000017684 1 0.07500000000000001
0.4000000000016644 1 0.025
0.4000000000016644 1 0.05
0.4000000000016644 1 0.07500000000000001
0.3750000000015603 1 0.025
0.3750000000015603 1 0.05
0.3750000000015603 1 0.07500000000000001
0.3500000000014564 1 0.025
0.3500000000014564 1 0.05
0.3500000000014564 1 0.07500000000000001
0.3250000000013522 1 0.025
0.3250000000013522 1 0.05
0.3250000000013522 1 0.07500000000000001
0.3000000000012483 1 0.025
0.3000000000012483 1 0.05
0.3000000000012483 1 0.07500000000000001
0.2750000000011442 1 0.025
0.2750000000011442 1 0.05
0.2750000000011442 1 0.07500000000000001
0.2500000000010403 1 0.025
0.2500000000010403 1 0.05
0.2500000000010403 1 0.07500000000000001
0.2250000000009362 1 0.025
0.2250000000009362 1 0.05
0.2250000000009362 1 0.07500000000000001
0.2000000000008322 1 0.025
0.2000000000008322 1 0.05
0.2000000000008322 1 0.07500000000000001
0.1750000000007281 1 0.025
0.1750000000007281 1 0.05
0.1750000000007281 1 0.07500000000000001
0.1500000000006241 1 0.025
0.1500000000006241 1 0.05
0.1500000000006241 1 0.07500000000000001
0.1250000000005201 1 0.025
0.1250000000005201 1 0.05
0.1250000000005201 1 0.07500000000000001
0.100000000000416 1 0.025
0.100000000000416 1 0.05
0.100000000000416 1 0.07500000000000001
0.07500000000031215 1 0.025
0.07500000000031215 1 0.05
0.07500000000031215 1 0.07500000000000001
0.05000000000020799 1 0.025
0.05000000000020799 1 0.05
0.05000000000020799 1 0.07500000000000001
0.02500000000010405 1 0.025
0.02500000000010405 1 0.05
0.02500000000010405 1 0.07500000000000001
2 1022 0 105
1885
1886
1887
1888
1889
1890
1891
1892
1893
1894
1895
1896
1897
1898
1899
1900
1901
1902
1903
1904
1905
1906
1907
1908
1909
1910
1911
1912
1913
1914
1915
1916
1917
1918
1919
1920
1921
1922
1923
1924
1925
1926
1927
1928
1929
1930
1931
1932
1933
1934
1935
1936
1937
1938
1939
1940
1941
1942
1943
1944
1945
1946
1947
1948
1949
1950
1951
1952
1953
1954
1955
1956
1957
1958
1959
1960
1961
1962
1963
1964
1965
1966
1967
1968
1969
1970
1971
1972
1973
1974
1975
1976
1977
1978
1979
1980
1981
1982
1983
1984
1985
1986
1987
1988
1989
0 0.9750000000000181 0.025
0 0.9750000000000181 0.05
0 0.9750000000000181 0.07500000000000001
0 0.9500000000000819 0.025
0 0.9500000000000819 0.05
0 0.9500000000000819 0.07500000000000001
0 0.9250000000001337 0.025
0 0.9250000000001337 0.05
0 0.9250000000001337 0.07500000000000001
0 0.9000000000001855 0.025
0 0.9000000000001855 0.05
0 0.9000000000001855 0.07500000000000001
0 0.8750000000002759 0.025
0 0.8750000000002759 0.05
0 0.8750000000002759 0.07500000000000001
0 0.8500000000003542 0.025
0 0.8500000000003542 0.05
0 0.8500000000003542 0.07500000000000001
0 0.8250000000004494 0.025
0 0.8250000000004494 0.05
0 0.8250000000004494 0.07500000000000001
0 0.8000000000005446 0.025
0 0.8000000000005446 0.05
0 0.8000000000005446 0.07500000000000001
0 0.7750000000006181 0.025
0 0.7750000000006181 0.05
0 0.7750000000006181 0.07500000000000001
0 0.7500000000007132 0.025
0 0.7500000000007132 0.05
0 0.7500000000007132 0.07500000000000001
0 0.725000000000806 0.025
0 0.725000000000806 0.05
0 0.725000000000806 0.07500000000000001
0 0.7000000000008531 0.025
0 0.7000000000008531 0.05
0 0.7000000000008531 0.07500000000000001
0 0.6750000000008902 0.025
0 0.6750000000008902 0.05
0 0.6750000000008902 0.07500000000000001
0 0.6500000000009687 0.025
0 0.6500000000009687 0.05
0 0.6500000000009687 0.07500000000000001
0 0.6250000000010373 0.025
0 0.6250000000010373 0.05
0 0.6250000000010373 0.07500000000000001
0 0.6000000000010675 0.025
0 0.6000000000010675 0.05
0 0.6000000000010675 0.07500000000000001
0 0.5750000000011313 0.025
0 0.5750000000011313 0.05
0 0.5750000000011313 0.07500000000000001
0 0.5500000000012143 0.025
0 0.5500000000012143 0.05
0 0.5500000000012143 0.07500000000000001
0 0.5250000000011239 0.025
0 0.5250000000011239 0.05
0 0.5250000000011239 0.07500000000000001
0 0.5000000000010529 0.025
0 0.5000000000010529 0.05
0 0.5000000000010529 0.07500000000000001
0 0.4750000000009723 0.025
0 0.4750000000009723 0.05
0 0.4750000000009723 0.07500000000000001
0 0.4500000000009133 0.025
0 0.4500000000009133 0.05
0 0.4500000000009133 0.07500000000000001
0 0.4250000000008495 0.025
0 0.4250000000008495 0.05
0 0.4250000000008495 0.07500000000000001
0 0.4000000000007736 0.025
0 0.4000000000007736 0.05
0 0.4000000000007736 0.07500000000000001
0 0.3750000000007147 0.025
0 0.3750000000007147 0.05
0 0.3750000000007147 0.07500000000000001
0 0.3500000000006557 0.025
0 0.3500000000006557 0.05
0 0.3500000000006557 0.07500000000000001
0 0.3250000000005751 0.025
0 0.3250000000005751 0.05
0 0.3250000000005751 0.07500000000000001
0 0.300000000000516 0.025
0 0.300000000000516 0.05
0 0.300000000000516 0.07500000000000001
0 0.275000000000457 0.025
0 0.275000000000457 0.05
0 0.275000000000457 0.07500000000000001
0 0.2500000000003907 0.025
0 0.2500000000003907 0.05
0 0.2500000000003907 0.07500000000000001
0 0.2250000000003174 0.025
0 0.2250000000003174 0.05
0 0.2250000000003174 0.07500000000000001
0 0.2000000000002583 0.025
0 0.2000000000002583 0.05
0 0.2000000000002583 0.07500000000000001
0 0.1750000000001992 0.025
0 0.1750000000001992 0.05
0 0.1750000000001992 0.07500000000000001
0 0.1500000000001183 0.025
0 0.1500000000001183 0.05
0 0.1500000000001183 0.07500000000000001
0 0.1250000000000592 0.025
0 0.1250000000000592 0.05
0 0.1250000000000592 0.07500000000000001
2 1026 0 21
1990
1991
1992
1993
1994
1995
1996
1997
1998
1999
2000
2001
2002
2003
2004
2005
2006
2007
2008
2009
2010
0.09807852803061017 0.01950903225044281 0.025
0.09807852803061017 0.01950903225044281 0.05
0.09807852803061017 0.01950903225044281 0.07500000000000001
0.09238795320923468 0.03826834333765004 0.025
0.09238795320923468 0.03826834333765004 0.05
0.09238795320923468 0.03826834333765004 0.07500000000000001
0.08314696113333808 0.05555702344700593 0.025
0.08314696113333808 0.05555702344700593 0.05
0.08314696113333808 0.05555702344700593 0.07500000000000001
0.07071067795055577 0.07071067828675374 0.025
0.07071067795055577 0.07071067828675374 0.05
0.07071067795055577 0.07071067828675374 0.07500000000000001
0.05555702315993967 0.08314696132514963 0.025
0.05555702315993967 0.08314696132514963 0.05
0.05555702315993967 0.08314696132514963 0.07500000000000001
0.03826834312447775 0.09238795329753353 0.025
0.03826834312447775 0.09238795329753353 0.05
0.03826834312447775 0.09238795329753353 0.07500000000000001
0.01950903214341985 0.09807852805189836 0.025
0.01950903214341985 0.09807852805189836 0.05
0.01950903214341985 0.09807852805189836 0.07500000000000001
2 1027 0 1320
2011
2012
2013
2014
2015
2016
2017
2018
2019
2020
2021
2022
2023
2024
2025
2026
2027
2028
2029
2030
2031
2032
2033
2034
2035
2036
2037
2038
2039
2040
2041
2042
2043
2044
2045
2046
2047
2048
2049
2050
2051
2052
2053
2054
2055
2056
2057
2058
2059
2060
2061
2062
2063
2064
2065
2066
2067
2068
2069
2070
2071
2072
2073
2074
2075
2076
2077
2078
2079
2080
2081
2082
2083
2084
2085
2086
2087
2088
2089
2090
2091
2092
2093
2094
2095
2096
2097
2098
2099
2100
2101
2102
2103
2104
2105
2106
2107
2108
2109
2110
2111
2112
2113
2114
2115
2116
2117
2118
2119
2120
2121
2122
2123
2124
2125
2126
2127
2128
2129
2130
2131
2132
2133
2134
2135
2136
2137
2138
2139
2140
2141
2142
2143
2144
2145
2146
2147
2148
2149
2150
2151
2152
2153
2154
2155
2156
2157
2158
2159
2160
2161
2162
2163
2164
2165
2166
2167
2168
2169
2170
2171
2172
2173
2174
2175
2176
2177
2178
2179
2180
2181
2182
2183
2184
2185
2186
2187
2188
2189
2190
2191
2192
2193
2194
2195
2196
2197
2198
2199
2200
2201
2202
2203
2204
2205
2206
2207
2208
2209
2210
2211
2212
2213
2214
2215
2216
2217
2218
2219
2220
2221
2222
2223
2224
2225
2226
2227
2228
2229
2230
2231
2232
2233
2234
2235
2236
2237
2238
2239
2240
2241
2242
2243
2244
2245
2246
2247
2248
2249
2250
2251
2252
2253
2254
2255
2256
2257
2258
2259
2260
2261
2262
2263
2264
2265
2266
2267
2268
2269
2270
2271
2272
2273
2274
2275
2276
2277
2278
2279
2280
2281
2282
2283
2284
2285
2286
2287
2288
2289
2290
2291
2292
2293
2294
2295
2296
2297
2298
2299
2300
2301
2302
2303
2304
2305
2306
2307
2308
2309
2310
2311
2312
2313
2314
2315
2316
2317
2318
2319
2320
2321
2322
2323
2324
2325
2326
2327
2328
2329
2330
2331
2332
2333
2334
2335
2336
2337
2338
2339
2340
2341
2342
2343
2344
2345
2346
2347
2348
2349
2350
2351
2352
2353
2354
2355
2356
2357
2358
2359
2360
2361
2362
2363
2364
2365
2366
2367
2368
2369
2370
2371
2372
2373
2374
2375
2376
2377
2378
2379
2380
2381
2382
2383
2384
2385
2386
2387
2388
2389
2390
2391
2392
2393
2394
2395
2396
2397
2398
2399
2400
2401
2402
2403
2404
2405
2406
2407
2408
2409
2410
2411
2412
2413
2414
2415
2416
2417
2418
2419
2420
2421
2422
2423
2424
2425
2426
2427
2428
2429
2430
2431
2432
2433
2434
2435
2436
2437
2438
2439
2440
2441
2442
2443
2444
2445
2446
2447
2448
2449
2450
2451
2452
2453
2454
2455
2456
2457
2458
2459
2460
2461
2462
2463
2464
2465
2466
2467
2468
2469
2470
2471
2472
2473
2474
2475
2476
2477
2478
2479
2480
2481
2482
2483
2484
2485
2486
2487
2488
2489
2490
2491
2492
2493
2494
2495
2496
2497
2498
2499
2500
2501
2502
2503
2504
2505
2506
2507
2508
2509
2510
2511
2512
2513
2514
2515
2516
2517
2518
2519
2520
2521
2522
2523
2524
2525
2526
2527
2528
2529
2530
2531
2532
2533
2534
2535
2536
2537
2538
2539
2540
2541
2542
2543
2544
2545
2546
2547
2548
2549
2550
2551
2552
2553
2554
2555
2556
2557
2558
2559
2560
2561
2562
2563
2564
2565
2566
2567
2568
2569
2570
2571
2572
2573
2574
2575
2576
2577
2578
2579
2580
2581
2582
2583
2584
2585
2586
2587
2588
2589
2590
2591
2592
2593
2594
2595
2596
2597
2598
2599
2600
2601
2602
2603
2604
2605
2606
2607
2608
2609
2610
2611
2612
2613
2614
2615
2616
2617
2618
2619
2620
2621
2622
2623
2624
2625
2626
2627
2628
2629
2630
2631
2632
2633
2634
2635
2636
2637
2638
2639
2640
2641
2642
2643
2644
2645
2646
2647
2648
2649
2650
2651
2652
2653
2654
2655
2656
2657
2658
2659
2660
2661
2662
2663
2664
2665
2666
2667
2668
2669
2670
2671
2672
2673
2674
2675
2676
2677
2678
2679
2680
2681
2682
2683
2684
2685
2686
2687
2688
2689
2690
2691
2692
2693
2694
2695
2696
2697
2698
2699
2700
2701
2702
2703
2704
2705
2706
2707
2708
2709
2710
2711
2712
2713
2714
2715
2716
2717
2718
2719
2720
2721
2722
2723
2724
2725
2726
2727
2728
2729
2730
2731
2732
2733
2734
2735
2736
2737
2738
2739
2740
2741
2742
2743
2744
2745
2746
2747
2748
2749
2750
2751
2752
2753
2754
2755
2756
2757
2758
2759
2760
2761
2762
2763
2764
2765
2766
2767
2768
2769
2770
2771
2772
2773
2774
2775
2776
2777
2778
2779
2780
2781
2782
2783
2784
2785
2786
2787
2788
2789
2790
2791
2792
2793
2794
2795
2796
2797
2798
2799
2800
2801
2802
2803
2804
2805
2806
2807
2808
2809
2810
2811
2812
2813
2814
2815
2816
2817
2818
2819
2820
2821
2822
2823
2824
2825
2826
2827
2828
2829
2830
2831
2832
2833
2834
2835
2836
2837
2838
2839
2840
2841
2842
2843
2844
2845
2846
2847
2848
2849
2850
2851
2852
2853
2854
2855
2856
2857
2858
2859
2860
2861
2862
2863
2864
2865
2866
2867
2868
2869
2870
2871
2872
2873
2874
2875
2876
2877
2878
2879
2880
2881
2882
2883
2884
2885
2886
2887
2888
2889
2890
2891
2892
2893
2894
2895
2896
2897
2898
2899
2900
2901
2902
2903
2904
2905
2906
2907
2908
2909
2910
2911
2912
2913
2914
2915
2916
2917
2918
2919
2920
2921
2922
2923
2924
2925
2926
2927
2928
2929
2930
2931
2932
2933
2934
2935
2936
2937
2938
2939
2940
2941
2942
2943
2944
2945
2946
2947
2948
2949
2950
2951
2952
2953
2954
2955
2956
2957
2958
2959
2960
2961
2962
2963
2964
2965
2966
2967
2968
2969
2970
2971
2972
2973
2974
2975
2976
2977
2978
2979
2980
2981
2982
2983
2984
2985
2986
2987
2988
2989
2990
2991
2992
2993
2994
2995
2996
2997
2998
2999
3000
3001
3002
3003
3004
3005
3006
3007
3008
3009
3010
3011
3012
3013
3014
3015
3016
3017
3018
3019
3020
3021
3022
3023
3024
3025
3026
3027
3028
3029
3030
3031
3032
3033
3034
3035
3036
3037
3038
3039
3040
3041
3042
3043
3044
3045
3046
3047
3048
3049
3050
3051
3052
3053
3054
3055
3056
3057
3058
3059
3060
3061
3062
3063
3064
3065
3066
3067
3068
3069
3070
3071
3072
3073
3074
3075
3076
3077
3078
3079
3080
3081
3082
3083
3084
3085
3086
3087
3088
3089
3090
3091
3092
3093
3094
3095
3096
3097
3098
3099
3100
3101
3102
3103
3104
3105
3106
3107
3108
3109
3110
3111
3112
3113
3114
3115
3116
3117
3118
3119
3120
3121
3122
3123
3124
3125
3126
3127
3128
3129
3130
3131
3132
3133
3134
3135
3136
3137
3138
3139
3140
3141
3142
3143
3144
3145
3146
3147
3148
3149
3150
3151
3152
3153
3154
3155
3156
3157
3158
3159
3160
3161
3162
3163
3164
3165
3166
3167
3168
3169
3170
3171
3172
3173
3174
3175
3176
3177
3178
3179
3180
3181
3182
3183
3184
3185
3186
3187
3188
3189
3190
3191
3192
3193
3194
3195
3196
3197
3198
3199
3200
3201
3202
3203
3204
3205
3206
3207
3208
3209
3210
3211
3212
3213
3214
3215
3216
3217
3218
3219
3220
3221
3222
3223
3224
3225
3226
3227
3228
3229
3230
3231
3232
3233
3234
3235
3236
3237
3238
3239
3240
3241
3242
3243
3244
3245
3246
3247
3248
3249
3250
3251
3252
3253
3254
3255
3256
3257
3258
3259
3260
3261
3262
3263
3264
3265
3266
3267
3268
3269
3270
3271
3272
3273
3274
3275
3276
3277
3278
3279
3280
3281
3282
3283
3284
3285
3286
3287
3288
3289
3290
3291
3292
3293
3294
3295
3296
3297
3298
3299
3300
3301
3302
3303
3304
3305
3306
3307
3308
3309
3310
3311
3312
3313
3314
3315
3316
3317
3318
3319
3320
3321
3322
3323
3324
3325
3326
3327
3328
3329
3330
0.4782721701429523 0.9783420968465352 0.1
0.02249466876281409 0.5071389508175956 0.1
0.503227475117264 0.03192299444900087 0.1
0.02248373784550068 0.3749208127502213 0.1
0.6039472558957719 0.9761312248973532 0.1
0.3556565748732636 0.978291739158402 0.1
0.9657959721179366 0.5434457876119571 0.1
0.02666706840493703 0.6419771075523162 0.1
0.329462168131232 0.03268824648626742 0.1
0.9719440294582986 0.6829380384876976 0.1
0.0241130819393301 0.2419537160917662 0.1
0.9660590416131114 0.387295331768326 0.1
0.02131244488171667 0.7411484591264037 0.1
0.2592852211952266 0.9796186006604128 0.1
0.7038532441273019 0.9780110375784136 0.1
0.6452982969160678 0.03216798946546848 0.1
0.09028007467227026 0.07294811420828623 0.1
0.9730828745297804 0.8002229103129097 0.1
0.1621874819371143 0.9790205908734244 0.1
0.808647353886606 0.9796677024139751 0.1
0.7540439605248729 0.04268954126779342 0.1
0.02213443891876188 0.8394395700122426 0.1
0.2224645473650808 0.02165570290062734 0.1
0.019630109206274 0.3044727453449437 0.1
0.9536962298072731 0.2687827003741676 0.1
0.9753562747792075 0.8826520535863281 0.1
0.05567340031937875 0.1013674406992072 0.1
0.8833703946579108 0.9768055806476267 0.1
0.09648436673239118 0.9773089419478893 0.1
0.02258761755086551 0.9144813803584546 0.1
0.9637935739778755 0.1709930243037987 0.1
0.2754164961690946 0.02477991067247422 0.1
0.8289093271628185 0.03962459658935657 0.1
0.5739088435589627 0.03035364343554046 0.1
0.9670879067801049 0.470393156601785 0.1
0.9700695577649722 0.6210566843719503 0.1
0.9725034094465493 0.7424784153779049 0.1
0.4021203593970626 0.02756761273261921 0.1
0.1667531392723821 0.02623424384292337 0.1
0.02169360507462069 0.7903152111500233 0.1
0.3088646599319357 0.9802138097495846 0.1
0.2113358522114688 0.9765561749502717 0.1
0.01714741635112375 0.5928534543717668 0.1
0.02022236104193993 0.69444913722574 0.1
0.4060744093952539 0.9792916182283268 0.1
0.02722980178801974 0.4648059797993194 0.1
0.5284512517494446 0.9782714839064872 0.1
0.02307888948398905 0.1940844041036252 0.1
0.6533849558548714 0.9778708776003898 0.1
0.76286633982778 0.9786861446707539 0.1
0.9307581225313173 0.9761484421980348 0.1
0.9801040602269989 0.9343634052892839 0.1
0.1113010922412715 0.03744468776233824 0.1
0.02670152290785602 0.1401128195253109 0.1
0.9610287559062773 0.08613969897291193 0.1
0.04660003086981485 0.976983924937074 0.1
0.1070779736071631 0.05459856716808551 0.1
0.1053422181249669 0.07247759689681886 0.1
0.1019716217526257 0.09314595661370478 0.1
0.1248970116359255 0.09340174099826908 0.1
0.1216136335230578 0.1161678991583955 0.1
0.1451932716990222 0.1163449398264642 0.1
0.1201025706119449 0.1420116812330059 0.1
0.1467728176940574 0.1380598066947825 0.1
0.1307180783692317 0.157936973031053 0.1
0.1475303665141725 0.1593306710821654 0.1
0.1415295637778397 0.1796156956106321 0.1
0.1629489465293123 0.1883557568644513 0.1
0.1509140964496047 0.2099107555907599 0.1
0.1848639290351974 0.1967273820635144 0.1
0.1725702316698169 0.2195919546752241 0.1
0.1951968933666636 0.2283650944803332 0.1
0.1825304000649996 0.2514846350626831 0.1
0.2045375509064536 0.2598812454157563 0.1
0.1941715802208222 0.2758550331096653 0.1
0.2257274009935711 0.2699712781230931 0.1
0.2057741943517083 0.2944261352132929 0.1
0.2354445541045589 0.3037988150655718 0.1
0.2297897186047478 0.3267432484722377 0.1
0.247340944511013 0.3277139990681276 0.1
0.2335517580840875 0.3502817632890367 0.1
0.2549679537698706 0.3426712801267269 0.1
0.2442259569841248 0.3747683181431008 0.1
0.2662564870737603 0.3645274400509413 0.1
0.2575665582651688 0.4003065877332675 0.1
0.2790448803996647 0.3889491446242517 0.1
0.2712780401498511 0.4265263428677342 0.1
0.2922283782489332 0.4143882992697722 0.1
0.2840136971437461 0.4525334046741435 0.1
0.3045220796683891 0.4406312005455235 0.1
0.2923183816179737 0.4721482394603088 0.1
0.31476118961741 0.4737345583904955 0.1
0.3385357068153896 0.4505872888376203 0.1
0.3560026377936535 0.4736385576447584 0.1
0.373027722448168 0.450229951411468 0.1
0.3926807575983744 0.4660107926397249 0.1
0.3023408583573683 0.5044393968583951 0.1
0.4057672878283062 0.4436478630964635 0.1
0.4173813595972999 0.4758312325821263 0.1
0.4278773144207993 0.4499921500476091 0.1
0.4447394570439949 0.4810318595702441 0.1
0.4403951766180695 0.5075974261998795 0.1
0.466122620206242 0.5087346742945982 0.1
0.4544570820513061 0.4540122834271181 0.1
0.4439591346567154 0.5339710340093624 0.1
0.4701442494432977 0.532445145848943 0.1
0.4505867249730731 0.5596784827862258 0.1
0.478400373297665 0.5596815347278326 0.1
0.4512127405497018 0.5843513356488954 0.1
0.4850998680774122 0.5943332509691025 0.1
0.5084674818984226 0.5586341219006694 0.1
0.5208500894700506 0.5869543068031006 0.1
0.5378085022735705 0.5593263292170244 0.1
0.5539691638128937 0.5790162885973171 0.1
0.4664337362283177 0.6201175351395988 0.1
0.2716997581794285 0.3296225822347301 0.1
0.5698884648402617 0.5565157206658359 0.1
0.5781505776505476 0.5846661245325824 0.1
0.5892294895770416 0.5713862332846362 0.1
0.6059132240541399 0.5881038256256318 0.1
0.5867603443615966 0.6015378613533541 0.1
0.6234484232550576 0.6028859624456601 0.1
0.6045702339425395 0.628533066978251 0.1
0.6388893683756893 0.6370860652304506 0.1
0.4421677259721448 0.6081282651853016 0.1
0.4520062008508753 0.6408824357160391 0.1
0.4296891171100554 0.6321003563424288 0.1
0.4425953587386691 0.6564950473976832 0.1
0.4192317607967876 0.6617869710306521 0.1
0.432204051216921 0.4264398942788806 0.1
0.4652698011196914 0.4190106818175955 0.1
0.4501017140542724 0.3908461122620707 0.1
0.4336800616211722 0.6847023320837552 0.1
0.3973227293306252 0.6879410329900608 0.1
0.6351924239063976 0.6646445321152105 0.1
0.6639854516166934 0.6674317540218691 0.1
0.6227579642459263 0.5719461144835365 0.1
0.4729049103570772 0.3685418083232996 0.1
0.4925881502145852 0.387448866390009 0.1
0.2771083413203147 0.4914434252716683 0.1
0.4151843510469527 0.7031561544117397 0.1
0.6348810025679192 0.6917080656237674 0.1
0.6635495749414412 0.6939881896540018 0.1
0.6678957738493155 0.641357743424285 0.1
0.5138140331836877 0.3592343686036235 0.1
0.2408524008522578 0.2467075352244765 0.1
0.4019067706813269 0.7182001583214604 0.1
0.3796400466516097 0.713468452118257 0.1
0.6326389428047152 0.7177361734680374 0.1
0.6613980288216845 0.7213281596840189 0.1
0.3645061258097306 0.6954848730762581 0.1
0.3537966572405549 0.7268820733476334 0.1
0.337525685709276 0.7028565298258312 0.1
0.3160957346159253 0.7308059662627362 0.1
0.3043729512885113 0.6957835016458261 0.1
0.2920214471723226 0.7215223329601711 0.1
0.2784483747541977 0.6917460209817937 0.1
0.2666157992189009 0.7146762284521007 0.1
0.2565732699829789 0.684325395181276 0.1
0.4307591087543157 0.7180089127201497 0.1
0.2774779277768578 0.744822406256176 0.1
0.2521957530279305 0.7383821956411579 0.1
0.4928146482598224 0.3413589831726554 0.1
0.5326928849932714 0.3309299653585814 0.1
0.3627474394985404 0.740588759238876 0.1
0.2486774819367716 0.4372148159187069 0.1
0.6544422026653233 0.748293320059726 0.1
0.6796521893088626 0.7573208897938136 0.1
0.6954492237497929 0.7284387154740984 0.1
0.7180951712768912 0.756303100956418 0.1
0.5514506070688202 0.353862077694539 0.1
0.5707370158350444 0.328998111252179 0.1
0.5876024517034145 0.3542816512955216 0.1
0.6081314438573231 0.3337560424551749 0.1
0.6243801325566256 0.358543390740593 0.1
0.6452212787543226 0.3431827345439788 0.1
0.6545600441942219 0.36061497012204 0.1
0.6702266718590242 0.3360062236154316 0.1
0.6742467489459192 0.3616492072306752 0.1
0.2640650819072108 0.7670922610946822 0.1
0.2389238149344346 0.7621460902299797 0.1
0.7254877717423538 0.7130061581123845 0.1
0.7396967031187125 0.7394138462517363 0.1
0.6258492956200371 0.7439001817439315 0.1
0.5103089345748133 0.3121002096684439 0.1
0.4859708389779974 0.2989174352384902 0.1
0.6458689254546538 0.7795755029483697 0.1
0.6147070052235626 0.769932923202063 0.1
0.6318972170248653 0.3185830173837216 0.1
0.1930034070780259 0.1780436091243739 0.1
0.2536075922649741 0.788357631157695 0.1
0.2283511373460115 0.785016066034974 0.1
0.2124037234215334 0.7589506940402788 0.1
0.7339826578590178 0.7804578482976438 0.1
0.7547663473178884 0.7647544534603222 0.1
0.2010459662125109 0.7821588165193621 0.1
0.4956883695130088 0.2716990391651442 0.1
0.475807544859813 0.269056606490666 0.1
0.7004730441228438 0.3340753622250767 0.1
0.7037086772353908 0.3634106210793719 0.1
0.7619610608929387 0.7243262189623055 0.1
0.2028340089061046 0.3568345819238083 0.1
0.1871870987620786 0.7565474349414693 0.1
0.6235100639605953 0.8054396456625305 0.1
0.600000548535628 0.7947308731412371 0.1
0.2493103734736042 0.8087159750436809 0.1
0.2672040183956486 0.8092757268958597 0.1
0.7476476920461401 0.803124185219884 0.1
0.7683172997929237 0.7887129794452528 0.1
0.2654604377837847 0.6692002474945646 0.1
0.2319842352025678 0.6678980692592044 0.1
0.5006608028709945 0.244708338722176 0.1
0.4675374758676403 0.2449755243443602 0.1
0.1756742664544347 0.7782340031812462 0.1
0.7351920824158907 0.3342265411838387 0.1
0.7234421237087866 0.3019917203010201 0.1
0.5874866526885076 0.7648436900770681 0.1
0.5739507322491864 0.7887481833090016 0.1
0.5852878581127894 0.8174497113495296 0.1
0.5606230263667534 0.8121465308651933 0.1
0.7384644113419189 0.3668798295548515 0.1
0.7316557249961535 0.3981359061545859 0.1
0.4051004639948925 0.6233506211092579 0.1
0.4344115793883693 0.3712537148271248 0.1
0.1658965682088445 0.7517249994590544 0.1
0.2511156923013786 0.8298231022205327 0.1
0.2795133664773799 0.8265095869915239 0.1
0.7642212685830058 0.4080448969241895 0.1
0.7497470405920335 0.4364296705052795 0.1
0.7570875063624518 0.8191052396480081 0.1
0.7806632183600406 0.8145306771069608 0.1
0.7985203459677753 0.796588668856415 0.1
0.8092099335774607 0.8240592847509483 0.1
0.1744174926337211 0.2741067330752345 0.1
0.5848011186461797 0.5371441029177836 0.1
0.2565689564770833 0.6530898603764285 0.1
0.5741194313811364 0.838531729100613 0.1
0.5505424941115277 0.8349505643171031 0.1
0.4697403018317833 0.6531793557364627 0.1
0.4790898167327715 0.2103142163295853 0.1
0.4539541566990323 0.2009073056076726 0.1
0.5082512728084112 0.2159777297804838 0.1
0.4392174654505391 0.2258469681426976 0.1
0.4178112411481797 0.2062618274526737 0.1
0.7590146526016378 0.2975373071359645 0.1
0.7424896590519108 0.2647597852304996 0.1
0.818062579360457 0.8002170373805945 0.1
0.8375528479506928 0.8305082069894451 0.1
0.7942267206986676 0.4206754140161048 0.1
0.7791352944911717 0.4489814028520057 0.1
0.1533261737830684 0.7721291376038885 0.1
0.1624235612075771 0.8013279279997609 0.1
0.4349994088879717 0.1837251114930768 0.1
0.3985692319665092 0.1844431600763652 0.1
0.3801663227512684 0.2095676803118093 0.1
0.3554966516707702 0.1862270315847652 0.1
0.5614905623254161 0.7598697283046849 0.1
0.8137253144547856 0.4664244344909428 0.1
0.7863862840388879 0.4917174251643378 0.1
0.2458012008412904 0.6284898100878179 0.1
0.221645425415001 0.6355847747636212 0.1
0.1971118510494118 0.640861419861287 0.1
0.1884859224740683 0.6156375210530493 0.1
0.1730084863024781 0.6439999170691877 0.1
0.1666838358202676 0.6208333250396899 0.1
0.1804422511160994 0.5981086691484487 0.1
0.1622224198130462 0.5985718218096635 0.1
0.1589555512767768 0.5755580967287159 0.1
0.2697491895493351 0.6223073338776547 0.1
0.1502524440758373 0.6471013087339093 0.1
0.1344141272061059 0.5782945599394982 0.1
0.1520508964721879 0.5515952416441438 0.1
0.7740704451371212 0.253445442415896 0.1
0.7567551723633044 0.223286090774091 0.1
0.7289952040874836 0.2338689688518229 0.1
0.6435252178473994 0.3773685231168282 0.1
0.7486831313872061 0.6988983788138635 0.1
0.7849117271911337 0.7121332773857993 0.1
0.7721939945013326 0.6863272374641564 0.1
0.7977073258427226 0.6753165955357688 0.1
0.7840440730557108 0.6484545417928823 0.1
0.8081532026165459 0.6368144946548813 0.1
0.8237806456639332 0.6629748710678089 0.1
0.2538057119487075 0.8522555173405703 0.1
0.2812779864262641 0.8529372253795182 0.1
0.2282392873326477 0.8514827934400717 0.1
0.7975679343122235 0.8496902400156837 0.1
0.7367744551711358 0.4623376344743618 0.1
0.1322881351016183 0.7644909956951477 0.1
0.5692298656582152 0.8584680844934468 0.1
0.5459587938600128 0.8575632240389952 0.1
0.5849553242747882 0.8589978413486559 0.1
0.5247463382884429 0.8326778956322376 0.1
0.5197354793497062 0.8567912609048097 0.1
0.497959717814853 0.8307571531000656 0.1
0.4918236124332319 0.8556143221695992 0.1
0.4716036793224711 0.8279085820178674 0.1
0.4638653783357616 0.8525116454998509 0.1
0.1398722213843435 0.7938374059175408 0.1
0.1513316972645604 0.8298991042456108 0.1
0.1664602139300145 0.1157873497757439 0.1
0.7285355104360487 0.8181860797738868 0.1
0.8240719992782448 0.49330275737559 0.1
0.1280813806111435 0.5567237167264236 0.1
0.1428085138342471 0.528584065044625 0.1
0.1641051735641724 0.5208145770548898 0.1
0.1546236001797614 0.5056321725777633 0.1
0.1366493622546839 0.5067487291312829 0.1
0.1355693584643442 0.4850872935267233 0.1
0.8045968843865403 0.3996520214222399 0.1
0.6050598272773207 0.6629627359670738 0.1
0.4950118874737719 0.4343086664346469 0.1
0.1383517029659372 0.6008125182229049 0.1
0.4466745247756956 0.82231471347578 0.1
0.4366985327757529 0.8473370309742299 0.1
0.7450792840685077 0.8401871326994558 0.1
0.7088746657867262 0.8331281030078039 0.1
0.7444833862380525 0.2024786129630518 0.1
0.7214785134074511 0.2047348004591399 0.1
0.7827450980559709 0.2058553592301103 0.1
0.1377655527694742 0.2296796484977249 0.1
0.4830932948860852 0.1821373483890291 0.1
0.5186104524228802 0.1794847715144037 0.1
0.417954879594485 0.5387582546372826 0.1
0.3016165608404107 0.8324378401593888 0.1
0.3115883006908603 0.8517960234201918 0.1
0.8461971554095956 0.8049556330059578 0.1
0.2358953629884053 0.6014366409123828 0.1
0.329019800516286 0.8341361215379425 0.1
0.3117091998727139 0.3993789159009884 0.1
0.8725425478249254 0.8417494976327842 0.1
0.8486456738645872 0.865424296376254 0.1
0.4176907195920453 0.1624105852203319 0.1
0.3420675638792652 0.2191353990002897 0.1
0.3243887968271817 0.184657911646797 0.1
0.348682511590394 0.1612483549807234 0.1
0.3296586583920361 0.159209864383942 0.1
0.3626756786803483 0.2345408082258492 0.1
0.4288953969559001 0.8720115795085963 0.1
0.403916541406073 0.8685833254278919 0.1
0.8514498669592753 0.6482361870574447 0.1
0.7233877666057896 0.8580086282667074 0.1
0.6990053025438187 0.8616026758690732 0.1
0.2541936054116106 0.8748462534058177 0.1
0.2275073225452991 0.8728488795029373 0.1
0.8603749170218906 0.6732740146807989 0.1
0.7964239639241792 0.6185479401764311 0.1
0.7752301080211076 0.6216147681064669 0.1
0.1212691527699242 0.8172954434850013 0.1
0.1354089715408164 0.8462597027986445 0.1
0.4811278332013236 0.8040563930568323 0.1
0.1223782624456237 0.1707675327327958 0.1
0.5710661501320503 0.8791208955979585 0.1
0.5912060844806011 0.8724530960145577 0.1
0.5194319212095826 0.8811577789006404 0.1
0.2932895611353257 0.5209939465924005 0.1
0.1385972034880203 0.4632398462988389 0.1
0.1823570571446621 0.5079890438221596 0.1
0.5031529694259285 0.145835645853776 0.1
0.5408464000944087 0.1594027088327797 0.1
0.5522400173800773 0.2002910280102238 0.1
0.5719619573349094 0.1681517827663633 0.1
0.3089674810395738 0.8786792568448208 0.1
0.8513829949632992 0.4657047443843403 0.1
0.1176493889444579 0.8444700345077266 0.1
0.1183926870118999 0.8666940146723259 0.1
0.8872409349426955 0.8686864393303124 0.1
0.86565717857594 0.8820621481597513 0.1
0.1106241361015521 0.7998684058105093 0.1
0.7193688491943937 0.1737303114367815 0.1
0.2986263250997381 0.1822983624244094 0.1
0.3034269611471119 0.1573626838823116 0.1
0.3104124548951317 0.1298282882893596 0.1
0.2819511817611251 0.126997016931999 0.1
0.146332851575239 0.7435889811606458 0.1
0.1251572017912176 0.7347820913048261 0.1
0.1118381723255601 0.4597885805760371 0.1
0.1177694941245315 0.437413032121811 0.1
0.14368647939455 0.4408674248310276 0.1
0.1202808884763556 0.4153978826644998 0.1
0.2757633174895991 0.5211020601615304 0.1
0.3334380197978118 0.2388002895776562 0.1
0.3451519105751372 0.2549750196585501 0.1
0.5275225024105898 0.5280561508488144 0.1
0.09603669371417596 0.4141728726354399 0.1
0.1196550477120022 0.3928780634807998 0.1
0.8520632322130933 0.5016598665528974 0.1
0.8502973618952624 0.77965790695502 0.1
0.8810868622696877 0.7825124837730382 0.1
0.2249155614121368 0.8963103952399676 0.1
0.1986226321916935 0.8938325473684771 0.1
0.09478969123717441 0.8673144904748646 0.1
0.09624140465989828 0.8891784527979307 0.1
0.1101492322847391 0.5095077553936059 0.1
0.5930212723837344 0.1926904031422604 0.1
0.6093554471633741 0.1577819992770138 0.1
0.8941076799230012 0.8852380501509098 0.1
0.7117224906875013 0.8865701610709171 0.1
0.7387309252913807 0.8934855207117235 0.1
0.6882669739027711 0.8779301720229157 0.1
0.671079164631341 0.8630007523797928 0.1
0.1202397153295102 0.8890445998930463 0.1
0.4635016902810357 0.2865979669729641 0.1
0.8303041606010925 0.5306303730507831 0.1
0.8855376195807756 0.650954176243091 0.1
0.8662683805915619 0.6233310610975942 0.1
0.1755129774408935 0.6680060924747228 0.1
0.3200534893062431 0.5224017955330534 0.1
0.3004781690404879 0.5381074726683933 0.1
0.3433048047229917 0.6618584830751189 0.1
0.5771151408277704 0.9015656100180339 0.1
0.5999721103423281 0.8928059255195847 0.1
0.5326403394088852 0.6143917420617332 0.1
0.1462152091689232 0.4174525974856788 0.1
0.420199577831503 0.8942823518076313 0.1
0.3969283221597899 0.8886374777869037 0.1
0.4451743263428031 0.9000951110767504 0.1
0.2869398061936227 0.7751200233432407 0.1
0.3360332976331655 0.547368946450748 0.1
0.3895628961253156 0.4303188813643097 0.1
0.5690440962316725 0.3769032972514912 0.1
0.172672647865027 0.4489008792280729 0.1
0.2013245780808091 0.5285802787699548 0.1
0.9133589734210124 0.8650599188985381 0.1
0.2482299729600878 0.4989919664642699 0.1
0.7937961172982624 0.2861999103303963 0.1
0.8308963768357455 0.2675998748228327 0.1
0.8404961203533442 0.300042034857137 0.1
0.3105734604178605 0.5683813834127983 0.1
0.5272900342674992 0.2759003064141527 0.1
0.3053631528362375 0.9010809061337877 0.1
0.09479033989775268 0.1378725780507462 0.1
0.4238314117607381 0.8123945242601998 0.1
0.2796684095168582 0.1813504761542203 0.1
0.287773040986854 0.1005524847094694 0.1
0.2683481373833699 0.1011965808080059 0.1
0.3206747653996553 0.0966905485094658 0.1
0.09484727591021389 0.3927520377797811 0.1
0.1182999664955158 0.3701656077478588 0.1
0.120695848406066 0.9107712978235183 0.1
0.1392185222387288 0.9100250026874532 0.1
0.07459729819854423 0.4151646579075571 0.1
0.5316390537923192 0.136616149832217 0.1
0.4888776720821491 0.1177222614605572 0.1
0.7733796163706073 0.5941936622668601 0.1
0.742127764032385 0.5932997822852581 0.1
0.8747203672226197 0.5329895745516416 0.1
0.8831295039457182 0.6765591887292108 0.1
0.3255228071624466 0.2724239103094662 0.1
0.341649690141802 0.2972991333736886 0.1
0.3626538501054959 0.2784668703173724 0.1
0.35746708698859 0.3238065282002113 0.1
0.3864315010937865 0.3070677762749187 0.1
0.3711700306252023 0.3505381250879593 0.1
0.09594793952633135 0.9105480471689472 0.1
0.09327179738786723 0.3702778494562537 0.1
0.09199947793340932 0.3474529427636939 0.1
0.1175961912777426 0.3473706431119625 0.1
0.1167632700351997 0.3240540960607106 0.1
0.8815475855361058 0.8989069989425343 0.1
0.8416505127975831 0.9011348008844812 0.1
0.8989710217798886 0.9138052503950657 0.1
0.3513316638594958 0.5734893052917255 0.1
0.3320118773961634 0.5922902500619545 0.1
0.6022672925081665 0.1198424992871048 0.1
0.6333852447723156 0.1274173423163783 0.1
0.4038613242700889 0.7996108876844411 0.1
0.8714455349124167 0.2723713424479325 0.1
0.8675666583169788 0.304779253163157 0.1
0.6615780920861895 0.8052072450506503 0.1
0.1389149652843409 0.7121453853733902 0.1
0.1166385991207527 0.7034742620997423 0.1
0.1036404650598755 0.7257340983569686 0.1
0.08312974671514008 0.7159175269013174 0.1
0.09621973818772915 0.6934856080552974 0.1
0.2583967254886643 0.1186934370709048 0.1
0.2388347714008312 0.105028587824095 0.1
0.1933498647560108 0.7357637365542014 0.1
0.1987364352466653 0.8670779106398072 0.1
0.5730179246181966 0.7368749065900502 0.1
0.5506523238445655 0.7309891543097456 0.1
0.1305237188687933 0.06774372882212369 0.1
0.873441863325387 0.4665644807053849 0.1
0.3280112163191153 0.907219623348106 0.1
0.5377288671426058 0.7525365185337214 0.1
0.5169946049181474 0.7444183810639636 0.1
0.5290146861577197 0.7227896018098048 0.1
0.3866978845763998 0.8670682092694579 0.1
0.6984122251860825 0.9108295716712221 0.1
0.6980005618546093 0.2397399319457128 0.1
0.8508647611766417 0.7544850629939913 0.1
0.8813989460779788 0.7564091342358877 0.1
0.9131297457408247 0.7862440498018987 0.1
0.4325711326886844 0.9215306538470273 0.1
0.4557225616078507 0.9302051086808967 0.1
0.5054631950930346 0.7155492746200761 0.1
0.5145393025024662 0.6921258156550669 0.1
0.4950795665562869 0.7389920638936062 0.1
0.6684237136659437 0.9034639296275264 0.1
0.09345263182860945 0.8448248314906013 0.1
0.07216035811586183 0.8693403928475741 0.1
0.8236182243275335 0.7538122308227202 0.1
0.7350813506861248 0.6748563209354111 0.1
0.09056086039209985 0.3244484844915163 0.1
0.08747878132114109 0.3013555404246677 0.1
0.281290745878128 0.5691137770857456 0.1
0.1207909050917256 0.932318671480295 0.1
0.6078073637320334 0.859728220580525 0.1
0.8885042676839677 0.6245571468466995 0.1
0.2204513665681649 0.9245583577811707 0.1
0.2512270712352846 0.9198912295995676 0.1
0.8648653173466018 0.9187934275851219 0.1
0.827958423815887 0.9293921065834112 0.1
0.7752614718487574 0.566613015808535 0.1
0.7442649330356892 0.5637404820071684 0.1
0.7097544207586891 0.5907292982726747 0.1
0.7121109767213207 0.562006133200827 0.1
0.7114142935515376 0.5334883717687627 0.1
0.6802723656656297 0.5329559458427786 0.1
0.2222454723307622 0.1268732946837162 0.1
0.1439498715453807 0.3241364300750661 0.1
0.1733457345586984 0.4195126850567092 0.1
0.3194292460572375 0.9216253631400831 0.1
0.349222104821398 0.9176962408477133 0.1
0.8919680288142843 0.597066928164866 0.1
0.07778691485611056 0.6826690493194805 0.1
0.08723407047279153 0.6674030878818347 0.1
0.1439408354845929 0.3478692566717129 0.1
0.1912789296276878 0.9163224897744153 0.1
0.06237599462130692 0.3029754000617617 0.1
0.0821698317516537 0.2784382065026024 0.1
0.108704746286985 0.2754282425199637 0.1
0.100218444639754 0.2526105854386721 0.1
0.812916014037295 0.8994559946684078 0.1
0.8048719452420081 0.920817917560986 0.1
0.3363986905428266 0.340404921983797 0.1
0.3091197991992636 0.2450113787379238 0.1
0.4789633421579368 0.7071674607670027 0.1
0.5179697378262897 0.1061247046003309 0.1
0.4724158737262991 0.09236410425464986 0.1
0.4409311068249845 0.9493509936263587 0.1
0.1738700247998481 0.8276666670381203 0.1
0.05742883251260657 0.2809284925223298 0.1
0.2590642897468665 0.08074103895439198 0.1
0.2188056452882607 0.09229526868103953 0.1
0.5487122951265923 0.9098546756617527 0.1
0.5633624476878167 0.9278708705768097 0.1
0.534194348441382 0.9321131092148538 0.1
0.3015118275570953 0.9208683020021979 0.1
0.6419128081858586 0.8232355961862335 0.1
0.2213198376501715 0.6972080727566008 0.1
0.7948053846589942 0.8980029692607447 0.1
0.7841125928998735 0.9124594945272868 0.1
0.3863059938147629 0.8170178974979683 0.1
0.3767301881319954 0.8032327126044059 0.1
0.07002852279939226 0.7381796577950072 0.1
0.08976157628087082 0.7475111785077144 0.1
0.6788304678651785 0.587717490138551 0.1
0.617396861563186 0.1884179700501172 0.1
0.6239270965725299 0.2188311198804754 0.1
0.3954932506536993 0.3407838540554133 0.1
0.3831697018951142 0.3751742977427156 0.1
0.1661532691646132 0.7205615365019393 0.1
0.3129233017049803 0.819569800394199 0.1
0.3784149704189709 0.4916978068613967 0.1
0.8650067408171237 0.3369466736128907 0.1
0.9002175762516391 0.3415376158257724 0.1
0.8646835457400215 0.3710935350596104 0.1
0.1961365127432479 0.4449822363727604 0.1
0.4397417972924184 0.7888039532439429 0.1
0.1940667694121057 0.5749523613310179 0.1
0.4034552137980261 0.2766831972913827 0.1
0.1713362227216344 0.3946282005827849 0.1
0.2868123885875367 0.2720712527292958 0.1
0.2425835655688169 0.1434668451731115 0.1
0.4828832784546238 0.5099932605316531 0.1
0.5504833817658998 0.09696890331626162 0.1
0.8498108353036482 0.9401823987869136 0.1
0.06201495122515898 0.6686339345511074 0.1
0.07818234215082473 0.6525648994687084 0.1
0.09776759633442569 0.640414109185889 0.1
0.08634085619836447 0.6171310604087499 0.1
0.06214371653765978 0.6303691795236274 0.1
0.07681935893093418 0.6007305989213613 0.1
0.805758054154842 0.5951243431580133 0.1
0.8446319581235717 0.2383844393764866 0.1
0.8764399623642668 0.2332066809414908 0.1
0.8574189748547609 0.2004059780686888 0.1
0.9130134665586792 0.7596138654056441 0.1
0.3133744641725232 0.06976057195613521 0.1
0.3408483575728453 0.07882290529666446 0.1
0.350564698658426 0.1079401760062007 0.1
0.3619941093284109 0.0825187863727903 0.1
0.3767700533553923 0.1205300925045248 0.1
0.3989991153185175 0.09109743188419958 0.1
0.3663219701085529 0.595946412222437 0.1
0.3843633382758472 0.5808986013304557 0.1
0.348347502425003 0.6144658199281254 0.1
0.1505743370007662 0.9285212978739396 0.1
0.9008870683936254 0.3094833822624903 0.1
0.6849246517576885 0.1763117505013621 0.1
0.7219293270074872 0.1394925753384805 0.1
0.7494399498789162 0.1427904914357954 0.1
0.7294520568153233 0.09922787360167984 0.1
0.7733452644472278 0.1149570510832919 0.1
0.7925847025520008 0.1548442036643953 0.1
0.8103923774843003 0.1139012512852935 0.1
0.6951776821665223 0.1041129130658596 0.1
0.06095824238617215 0.7550080002253914 0.1
0.0719900494106548 0.7722614849358714 0.1
0.2795089217694915 0.2326182223581947 0.1
0.6757652445600409 0.8266928327088359 0.1
0.1727825337072456 0.3246592334218087 0.1
0.1489246323173344 0.6893530594252438 0.1
0.6884311165299595 0.9343195795133873 0.1
0.6628788347650607 0.9320478056908106 0.1
0.622371719880178 0.09105762167644707 0.1
0.313488773955641 0.607638911719757 0.1
0.4216460770296989 0.1202911446174045 0.1
0.9208348957436275 0.5992706880346851 0.1
0.7078635436218454 0.5055584698246336 0.1
0.6767673904191823 0.5061112339693646 0.1
0.9164879452719878 0.6254283504933532 0.1
0.7134431180666361 0.937916412978774 0.1
0.8238361272061264 0.1387290360062016 0.1
0.8563755483689528 0.1247739832247519 0.1
0.6810235798739901 0.7903541616410603 0.1
0.1962067616709647 0.3920027308859801 0.1
0.4695008906947113 0.9088351242260431 0.1
0.492107028684822 0.9179820001523917 0.1
0.8725018097828483 0.1576198184344318 0.1
0.8919101536783358 0.115671486865587 0.1
0.2093117860225832 0.5085865011006523 0.1
0.2276518045333852 0.5270417598529282 0.1
0.8962683630362678 0.2104391077811165 0.1
0.9123417341112926 0.7327386553749998 0.1
0.1479626309384335 0.8898235455600867 0.1
0.4534306767182948 0.1671777339225862 0.1
0.4360909481878241 0.08110853402983503 0.1
0.2312441322831507 0.9406863014219005 0.1
0.5454207927520257 0.6979858782524694 0.1
0.5449708252778557 0.6672685645024559 0.1
0.8486785201329418 0.7276160518423125 0.1
0.7057858397215356 0.4795364947332651 0.1
0.6758762563927584 0.4782539270807602 0.1
0.6806861858551335 0.4498428370850475 0.1
0.6421681603135828 0.5108019782997112 0.1
0.6435694599009304 0.4773631608146255 0.1
0.7034784130892808 0.619621945660896 0.1
0.1872523048056205 0.4736052346152949 0.1
0.206903092668527 0.4616869476560979 0.1
0.4203963027559374 0.9413919303703704 0.1
0.8522727377037534 0.5526585497474943 0.1
0.2491847897747697 0.9398496690487367 0.1
0.8946676994581747 0.5620898072437825 0.1
0.3283720615420295 0.9376938750409471 0.1
0.2313485544867696 0.07020471589496236 0.1
0.9281786863961332 0.5707940658196171 0.1
0.9104401541228404 0.5372790137801485 0.1
0.7965229433270896 0.7367674436091827 0.1
0.7915207636950974 0.9411371917776902 0.1
0.7703387676616276 0.9321086220936908 0.1
0.7178057335302521 0.0666755505931174 0.1
0.06555619772313014 0.3256480582860327 0.1
0.9005288033200218 0.3750246352556081 0.1
0.8565941422169755 0.4365246488961733 0.1
0.8846069526521599 0.4474833970418546 0.1
0.9066577026800685 0.4683008311396207 0.1
0.9117516145207819 0.8133015136678344 0.1
0.8105942797469985 0.5533680449533869 0.1
0.4710862458771721 0.7352120386628898 0.1
0.4894347655479656 0.7611831403857474 0.1
0.7431146418799016 0.5008649205768666 0.1
0.6769983644106854 0.07640713062202972 0.1
0.6153188453488883 0.5026575560441326 0.1
0.6060188925647307 0.4778055894862705 0.1
0.6168704721435296 0.4421939272750456 0.1
0.5901520977807326 0.4339705713548797 0.1
0.5762254216293985 0.4595655659036563 0.1
0.5541023041174988 0.4428867845027391 0.1
0.5383778642934984 0.4667678135709278 0.1
0.5985231222352283 0.4137102452276392 0.1
0.5597048535839605 0.4836043382708279 0.1
0.06966051938302302 0.8480160899161068 0.1
0.06833246581789122 0.8252993970412182 0.1
0.05173384970287057 0.8759513766105054 0.1
0.0578433705065451 0.8897876281711743 0.1
0.3635469786162155 0.8976936751961373 0.1
0.3723388635923773 0.9280251997707798 0.1
0.5408688523299757 0.06451027881698701 0.1
0.207697496665446 0.06381950081239847 0.1
0.1976183859144354 0.08409715936800509 0.1
0.1856236496181913 0.05965500383719177 0.1
0.1766879134269786 0.07874701959808696 0.1
0.6448961852594721 0.9114034886063884 0.1
0.6389089706234279 0.92903287011103 0.1
0.5531289586149847 0.9482221052274458 0.1
0.5818589807141096 0.9502449753096772 0.1
0.5246202447675676 0.944531893517473 0.1
0.03584786985735191 0.1103172555278555 0.1
0.05423464776667894 0.1209524639630051 0.1
0.3268714366415105 0.6308193249661407 0.1
0.3024853295974918 0.6409063051927197 0.1
0.7861956334628166 0.07166282023632517 0.1
0.1215890919983488 0.2447609364419392 0.1
0.1111278749922459 0.231230691717084 0.1
0.09465355314203228 0.2314333864655831 0.1
0.09514669886792773 0.2068934834521758 0.1
0.06911137347142621 0.2104733456309709 0.1
0.08531041699976746 0.1895556922697655 0.1
0.06913626983451032 0.188926773765781 0.1
0.0752935568713395 0.1643411950450629 0.1
0.04837968868777417 0.165995717661658 0.1
0.07182871067286867 0.2329847534306372 0.1
0.06016978238815784 0.6031969815888231 0.1
0.05673966969106863 0.5800928425659878 0.1
0.08387890558197618 0.5793225338587508 0.1
0.07345331454870264 0.5511294935596009 0.1
0.05136331859191262 0.556211856918847 0.1
0.0654812329503323 0.5342326668810964 0.1
0.3671400703368083 0.6336623009810556 0.1
0.1659165071145122 0.05468534291482748 0.1
0.3613225455318489 0.8289715161471012 0.1
0.3602905132808614 0.8029724865682558 0.1
0.3654687328431634 0.7821664197512348 0.1
0.3436561237769346 0.7750822092251947 0.1
0.8674915738595977 0.953896167738487 0.1
0.145815536850248 0.9566312800852041 0.1
0.1207881455058535 0.9550262888758172 0.1
0.5178094990867603 0.6684857543969123 0.1
0.07543251468196598 0.1173617536455589 0.1
0.0788033544024917 0.09062350211386137 0.1
0.4087648516404519 0.7389032123782868 0.1
0.3668077471028601 0.05685882541749739 0.1
0.3934072125204296 0.5965019052724321 0.1
0.4044584459199814 0.5701604255872719 0.1
0.943665190616275 0.8192178572915295 0.1
0.4046898041574172 0.3646991521689756 0.1
0.425244659459348 0.3350901101174507 0.1
0.3950617016427281 0.3969312597322715 0.1
0.3629398102710211 0.3896595889338339 0.1
0.09495514511843771 0.5423105086660717 0.1
0.763332965107359 0.9027236844523177 0.1
0.6576648862751274 0.9551509521159792 0.1
0.9433106355066282 0.7368025947882546 0.1
0.8551026537890467 0.9661054820711661 0.1
0.9004566996079134 0.9491749911863469 0.1
0.9291724244950024 0.4472779934529743 0.1
0.6571214385091986 0.2138656690020651 0.1
0.6332390206513731 0.2500567372346032 0.1
0.6027739542462384 0.2606443650883243 0.1
0.5233747853768679 0.4894974212966055 0.1
0.5031840815694101 0.4740833501790376 0.1
0.9054877937710401 0.1487741051803755 0.1
0.2671113003322393 0.0502022053589949 0.1
0.552987946129324 0.9760591548816131 0.1
0.2023067313079319 0.1454715142155388 0.1
0.189182205209219 0.1267673875356434 0.1
0.3078197874818149 0.6675790162791391 0.1
0.04503760118063068 0.8310567268911121 0.1
0.1432180671553393 0.2986664907408145 0.1
0.04767595420248771 0.5330811237002666 0.1
0.04618559021356491 0.5103022968264993 0.1
0.039706138510497 0.4869692448937795 0.1
0.07134772890006372 0.478370059816248 0.1
0.04797942859477813 0.4528806159916395 0.1
0.06605835700312596 0.4393301855413073 0.1
0.02480249784306453 0.5599079408114015 0.1
0.6568978103970785 0.8436137720459174 0.1
0.1202608482128636 0.6307450529162801 0.1
0.5139216333903148 0.9243369407793198 0.1
0.5085477676804639 0.9430557798066567 0.1
0.4814933397974953 0.9433221229016646 0.1
0.4588533540505763 0.9614785992460454 0.1
0.8804692645995231 0.07939074680702646 0.1
0.1219689789902765 0.0532948655253683 0.1
0.1301305077498385 0.04017093137161477 0.1
0.0734258924315504 0.1398567211111418 0.1
0.4000022510496491 0.05625775412050563 0.1
0.4330317934040023 0.05529832843739641 0.1
0.4153059796527487 0.5951532288123823 0.1
0.9427731104395989 0.7090585607940708 0.1
0.9437102369186946 0.764725332811817 0.1
0.5154082665233795 0.6453784801969913 0.1
0.5408686285658413 0.640958025239969 0.1
0.5741087721882195 0.05990988294883536 0.1
0.6045887688250342 0.05864388365239979 0.1
0.1727658440439403 0.2983369160287843 0.1
0.02901816756667697 0.8923956284897507 0.1
0.5056711864627086 0.6227860166919984 0.1
0.04336935167620931 0.6899020083450343 0.1
0.03686917090798127 0.6700315684080441 0.1
0.03610518566994601 0.7125798969844329 0.1
0.9148541236343202 0.247887266033592 0.1
0.9220931784427349 0.214676715672441 0.1
0.8808824082505378 0.7023719832035507 0.1
0.6949988712938956 0.8113149412395494 0.1
0.8170160068352361 0.8781889267538717 0.1
0.94288675744799 0.6808586873333807 0.1
0.1712653435621201 0.349677238418636 0.1
0.3747345018723061 0.6749587791030371 0.1
0.1879163500652109 0.102373939613567 0.1
0.4626955170815623 0.1305830728239441 0.1
0.2914594138324145 0.2069201011931772 0.1
0.2688870158532199 0.1985383997315596 0.1
0.2471432924308311 0.1865107552280954 0.1
0.2317368939737137 0.2122757120133872 0.1
0.7069810010239697 0.9577218546310791 0.1
0.1726368364492851 0.6922529323007074 0.1
0.05408264226566187 0.4198712524833669 0.1
0.02831946979654741 0.429432142143717 0.1
0.0482112269740016 0.3971551300118638 0.1
0.04556150348460553 0.3734444347353236 0.1
0.04441130408253896 0.7822034648083336 0.1
0.8830363868986781 0.9345201394737583 0.1
0.9154779643005475 0.9296606590809309 0.1
0.9317569900868112 0.9134978672144861 0.1
0.9421257779763123 0.9278967820401901 0.1
0.9321522065982049 0.9484802739774667 0.1
0.6226908796779331 0.5346939339707845 0.1
0.9302933191767261 0.1121430999824698 0.1
0.9591332616278443 0.4276044798100065 0.1
0.1591396664397937 0.2415986818192964 0.1
0.9640943561765859 0.3133457514285063 0.1
0.966187909708591 0.351205011680103 0.1
0.02428110417034408 0.1692777096991057 0.1
0.1965705206361933 0.02167797267324465 0.1
0.2770242593569039 0.9197797565987275 0.1
0.06918551811804231 0.801545301936503 0.1
0.04657260727764695 0.7300922983072688 0.1
0.7142373574403634 0.7958648693176487 0.1
0.5002815988241552 0.9027327970744945 0.1
0.5394951373338061 0.0319290467635754 0.1
0.5612141724656878 0.6088493328450688 0.1
0.4430463790683646 0.2702513016241668 0.1
0.4254284819123208 0.2938366151224625 0.1
0.6986830837823449 0.7742910133676173 0.1
0.80778307260888 0.5107491680931745 0.1
0.09911739894611335 0.7783864755090348 0.1
0.739302286060346 0.6298037155685994 0.1
0.7179816793696444 0.6563411254521557 0.1
0.7099466391490903 0.2702335252625834 0.1
0.6772723144058743 0.27463203303661 0.1
0.4346525767054232 0.7525341993070044 0.1
0.6579096324250928 0.533118235272463 0.1
0.2487859270436129 0.02311957895651194 0.1
0.2732064974202383 0.939912394641499 0.1
0.2983150396762419 0.9398996921295599 0.1
0.04629740489803792 0.2135500109561122 0.1
0.624033717947611 0.8426631452164595 0.1
0.6384857256527913 0.8616553027017153 0.1
0.7202148935510011 0.4274317980782246 0.1
0.698424412291431 0.3925786421856627 0.1
0.6683497382679755 0.3873184771260645 0.1
0.6580370203598043 0.4155738243618425 0.1
0.5859438684784076 0.2233610510322651 0.1
0.9726681866846039 0.8284787737507152 0.1
0.9430620077664904 0.8456473518128711 0.1
0.3501561864615597 0.3657169957443272 0.1
0.3173639008896965 0.3578164471035833 0.1
0.3032702412913182 0.3337086252509235 0.1
0.4694968314990978 0.3258713186489371 0.1
0.6200014323118068 0.8787745555906195 0.1
0.9789916919501438 0.9516751271232355 0.1
0.9671484555274621 0.5068876256160033 0.1
0.7692974509512442 0.8440812829464538 0.1
0.684195289487965 0.03460631410130068 0.1
0.3057238252060087 0.2921338744837804 0.1
0.2698494900650443 0.294567150545175 0.1
0.3217936049268765 0.3157487524388627 0.1
0.5812154935499186 0.5006849809046414 0.1
0.8120270356349581 0.9554233724537406 0.1
0.4876094981378677 0.8852562646590125 0.1
0.9724987441151441 0.8558960176666671 0.1
0.3782434706952302 0.8520328779436002 0.1
0.6526129985306512 0.8807454494946447 0.1
0.6056907999333815 0.6905218725163452 0.1
0.6040133140481468 0.7158835360985968 0.1
0.820742068671358 0.3246873985491578 0.1
0.6808985781529231 0.5600173181069457 0.1
0.6513217859545768 0.5862918593525199 0.1
0.3021034554283142 0.02675437205801009 0.1
0.9608630842863225 0.5851514958786525 0.1
0.03994938557808415 0.3049185340947613 0.1
0.03502159665078088 0.2846729046111482 0.1
0.05219650873637163 0.2590078468974901 0.1
0.2795451697842982 0.8986351979888491 0.1
0.3835027203319852 0.6117659619882665 0.1
0.093356033573224 0.8002315847121664 0.1
0.5776916256069213 0.714897645357249 0.1
0.06747201866832642 0.3486083321838185 0.1
0.04409120630982331 0.3500137434017305 0.1
0.3027369340779476 0.5910958047981205 0.1
0.2853053200136233 0.5932238234399879 0.1
0.2560787248746015 0.5719591505015139 0.1
0.721990053236895 0.03539534616380834 0.1
0.3169712249304056 0.2123725979015272 0.1
0.7543856236500915 0.8691345381475204 0.1
0.7483119422806732 0.9238426072409955 0.1
0.7351439670183617 0.9436990955243079 0.1
0.7246427079326758 0.9166393928476516 0.1
0.6066114388448057 0.8277161372159771 0.1
0.9715691337489977 0.6525179748602069 0.1
0.10781482110185 0.48378233982974 0.1
0.4291279041329726 0.9618793500095633 0.1
0.5471644433348133 0.783872505465695 0.1
0.5169836492235189 0.7767823936141988 0.1
0.5074017077444325 0.7599677401815641 0.1
0.09384079625762085 0.433507968888259 0.1
0.02320420335619599 0.2185295054310286 0.1
0.4088774879264607 0.9149410125642821 0.1
0.3970788178912653 0.9353642949060357 0.1
0.5188795737490836 0.9041890194054143 0.1
0.07652621338851881 0.2557676711485136 0.1
0.3361871960583618 0.7437378465466997 0.1
0.2338712236193461 0.4105599964878167 0.1
0.1200639817073644 0.7849589831309373 0.1
0.3799268476580266 0.7399918262129528 0.1
0.4073228334048908 0.5089351451822438 0.1
0.3878897271967605 0.5276216425667962 0.1
0.200112272889235 0.6675139693259006 0.1
0.9785292479544361 0.9099156548029579 0.1
0.2620567996399318 0.4632623101387442 0.1
0.2396380896587387 0.4738349283737095 0.1
0.4574094553008302 0.7126531597971864 0.1
0.4661547935029143 0.6859476671312634 0.1
0.5818153056969046 0.9253137384061514 0.1
0.6074728841403281 0.9508361172694897 0.1
0.2428573546098996 0.7058791909325018 0.1
0.2128244310461687 0.7138732400891503 0.1
0.06384015029899276 0.704191988872922 0.1
0.4003091250029974 0.2311498970950316 0.1
0.2778527223040072 0.5447382649336039 0.1
0.253290807715127 0.5477340838719956 0.1
0.1525781301246357 0.6681256370639053 0.1
0.1366087095069722 0.6680318081873653 0.1
0.2812551738531797 0.8761689915715066 0.1
0.04674127677987253 0.6546532419342134 0.1
0.2254479666906667 0.8301568484876501 0.1
0.2235544770260095 0.8076215952007644 0.1
0.2025612777555273 0.8344173511309853 0.1
0.5698111485837696 0.4191365586130358 0.1
0.5340720631459113 0.4248499199965831 0.1
0.2708861578090806 0.1595972520432427 0.1
0.2019452327103354 0.9481461984573778 0.1
0.1791459217808426 0.939269181907595 0.1
0.3794887733517791 0.1628601465673636 0.1
0.9409093973539802 0.8696670747102959 0.1
0.1301816246415902 0.1990414624878314 0.1
0.2047597351878838 0.1120558445580794 0.1
0.7759072650076733 0.7493933354885661 0.1
0.09500896749324098 0.9321725078778295 0.1
0.07190126408188284 0.9090786325820046 0.1
0.06912556159738277 0.9307309449175782 0.1
0.06907522812532754 0.9539011133494508 0.1
0.04421842714395021 0.9539493479341256 0.1
0.3579289663333966 0.9517503790453854 0.1
0.162494762002223 0.8549915469616923 0.1
0.3004633689869605 0.7537933331848273 0.1
0.3107219977657006 0.05248490543925632 0.1
0.1828482758275478 0.84420170057412 0.1
0.1800732276674318 0.8920636420770496 0.1
0.2104633081133694 0.8503596001820644 0.1
0.4516449586091619 0.3506930453270963 0.1
0.4054976999608371 0.8393337645941085 0.1
0.3604916914797818 0.8654498462832403 0.1
0.2753674371649142 0.7952896601721208 0.1
0.6048977699558562 0.3783558471441326 0.1
0.07395451804765976 0.8893333691549239 0.1
0.1725715534294641 0.876420055497245 0.1
0.3383801968720076 0.4987272559629551 0.1
0.4264148779914501 0.4046072555543129 0.1
0.1858409671450208 0.8050775387387605 0.1
0.8254799714110757 0.8557614958849683 0.1
0.5066898834350976 0.9609037877432716 0.1
0.5346201252597297 0.8084544863435017 0.1
0.6899060032442206 0.3046091977192535 0.1
0.09304301694568146 0.82234985499966 0.1
0.1692357096144425 0.9062284601933376 0.1
0.5325260972302258 0.3798482963166269 0.1
0.07166383839345557 0.9770759900589677 0.1
0.2348515013998744 0.9787578063261123 0.1
0.02196863619844841 0.7658066675507903 0.1
0.2842926224548338 0.979911602446793 0.1
0.02047142653285232 0.6158974362513379 0.1
0.3318646540336034 0.9797170274182135 0.1
0.2225711152031863 0.730358466285143 0.1
0.3806291177468624 0.9783396719082498 0.1
0.2201022188288109 0.3843814389691294 0.1
0.2523670476125217 0.8977047902609011 0.1
0.1111021737137439 0.7564521584131189 0.1
0.1408425208968261 0.863059166788913 0.1
0.8838051010575296 0.4871931053484269 0.1
0.9306119999151714 0.4986062570154395 0.1
0.1453510887075327 0.3939639173138345 0.1
0.4557866229168132 0.8771406525849135 0.1
0.02196698512099678 0.8151882189620693 0.1
0.5931951953288435 0.8464807930592998 0.1
0.8780392710937419 0.8097329162014156 0.1
0.679837541336608 0.1348351489396146 0.1
0.1056188144346648 0.1609396619054443 0.1
0.2027875634114293 0.3256086309437624 0.1
0.1754900711110712 0.7369864797324865 0.1
0.6700332818588315 0.7753573185920547 0.1
0.5344624689614551 0.2286158765570544 0.1
0.5462215748818771 0.8812707757821706 0.1
0.487011056913694 0.7819139804564226 0.1
0.4951828696300512 0.6895631814416419 0.1
0.7941694977037158 0.7734694664631315 0.1
0.6893516572360613 0.8467468129274095 0.1
0.3856369499582049 0.788791331294557 0.1
0.4593169255814328 0.7988340181601528 0.1
0.5074153911657404 0.8056959060143798 0.1
0.1143134707109203 0.2996523842995333 0.1
0.9111098067144566 0.9776977207805247 0.1
0.4999301204362421 0.0702749575912225 0.1
0.2949602754891845 0.8060431851669642 0.1
0.6895927399788755 0.6697224604354146 0.1
0.2109809127136832 0.6080198064070618 0.1
0.7891714139642273 0.9795303586105477 0.1
0.7344550548329277 0.9731276372226388 0.1
0.3244697705586168 0.4248550437849308 0.1
0.1443604757872062 0.3709677573709145 0.1
0.4761902227328282 0.1561703550221133 0.1
0.1763225113299148 0.5431349723151216 0.1
0.6904498102110701 0.6944144333766026 0.1
0.59766806963718 0.7404119551175353 0.1
0.1575976498638812 0.4662684001885696 0.1
0.2890873947649458 0.07561259552070169 0.1
0.6740149168609106 0.615059524973396 0.1
0.3632892519469418 0.5247776889608232 0.1
0.4704040841128239 0.4864003521272249 0.1
0.491862084689913 0.526336992758921 0.1
0.1946357532103421 0.7154350095907098 0.1
0.7857139212803225 0.8799193595242111 0.1
0.9142900610820089 0.04055526983268523 0.1
0.8110634736357084 0.7028526909385442 0.1
0.141419762950292 0.2670634224203499 0.1
0.4633875081726505 0.1834268282498359 0.1
0.1973618948016006 0.6930302680603905 0.1
0.8355169224010275 0.8804749327325069 0.1
0.749030822493772 0.07470832722106689 0.1
0.3325455442536346 0.8606039361117899 0.1
0.3086670265192612 0.7863995799607135 0.1
0.8243850572816438 0.4304635647206672 0.1
0.7827600612043826 0.3751669223966482 0.1
0.02176176142157134 0.3505413384409614 0.1
0.758292773741586 0.6605589632739732 0.1
0.09523127796606819 0.9545736386890045 0.1
0.3824213468919518 0.2556955436604066 0.1
0.9145803917798415 0.6520384446588922 0.1
0.2086784759992379 0.5504344537508981 0.1
0.7441703509426065 0.5340679600215795 0.1
0.592682588897839 0.3075628900960847 0.1
0.4144965085454981 0.428636891967108 0.1
0.8301151369020129 0.6195024166690422 0.1
0.7735667692840288 0.3323962384398393 0.1
0.1281623794089549 0.6821316394550845 0.1
0.552089563917908 0.3038268083627814 0.1
0.1632806146985933 0.4873346745722307 0.1
0.5634980018832434 0.1294959013299737 0.1
0.205205923004208 0.4236405704466275 0.1
0.3378503387064815 0.1343941331927005 0.1
0.3576820752317198 0.4297998147517511 0.1
0.5488128741237029 0.5427478737589103 0.1
0.9053623872403256 0.2790644322894276 0.1
0.803096906668366 0.2354187354703713 0.1
0.7573714185264688 0.1752234079106421 0.1
0.8226807146302296 0.7770051256122092 0.1
0.7140554829537481 0.6882337902933264 0.1
0.8258447306195839 0.3681510214198258 0.1
0.2483805851183141 0.2813641336089869 0.1
0.5208770520566144 0.2480177015461409 0.1
0.0774832169315514 0.5158739809161036 0.1
0.1187142815872235 0.5342735344303079 0.1
0.07158985376671453 0.3941680323580186 0.1
0.4218185975641144 0.2510752397558369 0.1
0.1069224343491026 0.5649583617889226 0.1
0.1437720721772384 0.6245415022521175 0.1
0.1099724953514924 0.601545397340187 0.1
0.1695276623139071 0.1351398801277409 0.1
0.1699033354845799 0.3722746019799127 0.1
0.37310798348095 0.5577447642202958 0.1
0.218007731352816 0.2369702151414159 0.1
0.1293854712296397 0.6534553030146089 0.1
0.226340299858394 0.4494348539368746 0.1
0.7984321644275649 0.03885145842773008 0.1
0.1756956180888221 0.1618349597510199 0.1
0.1995534235346141 0.4942310546443962 0.1
0.4261353964690056 0.5628174013059787 0.1
0.1219050501037204 0.9778017731179337 0.1
0.02061351461514192 0.9369305194608391 0.1
0.02087895396165745 0.3266804250603498 0.1
0.1072215608977495 0.6674613243357761 0.1
0.431523063971735 0.5800949842537407 0.1
0.1889276004170923 0.374354465152255 0.1
0.832279040323202 0.08681253218802784 0.1
0.8108770329476522 0.1869485726998949 0.1
0.3602485084958316 0.1453194432813431 0.1
0.558788323029195 0.7153935624370402 0.1
0.8385876920050843 0.9609648056474903 0.1
0.5784050326200358 0.97536792729118 0.1
0.3692134263941282 0.02918067502587507 0.1
0.5820815478940101 0.08807862827001282 0.1
0.6286789058008923 0.976885101177162 0.1
0.8576966247889928 0.5968527300615566 0.1
0.2182589660455929 0.1716590360845622 0.1
0.2552083408946256 0.2223859823353971 0.1
0.1482964247924746 0.09505774779580577 0.1
0.4131017990790026 0.3115119482059071 0.1
0.44681779332681 0.3098367263077169 0.1
0.9331792783691556 0.3456904260416085 0.1
0.5767662333523196 0.6914737698601386 0.1
0.7070057718226743 0.6713807451059824 0.1
0.6490784326980137 0.4462422801628847 0.1
0.870850511722732 0.04020766180179059 0.1
0.9214281811841486 0.07997017759554813 0.1
0.1455729785772799 0.9787376491235661 0.1
0.2642667325516307 0.2579528334053687 0.1
0.9151954875429795 0.8922735711779295 0.1
0.8051176794567604 0.7537022422898568 0.1
0.6592148294621233 0.3095509525214351 0.1
0.2251899087625745 0.5049017110554924 0.1
0.6499338861436633 0.1083035526174786 0.1
0.6364820769674118 0.06390454795940258 0.1
0.574270856898342 0.6646006741476436 0.1
0.5562482436805313 0.2515287867504015 0.1
0.9494471732604931 0.9006101769835456 0.1
0.5694630089270913 0.6361418807439152 0.1
0.469208856686441 0.782886669748533 0.1
0.9110565822983014 0.840993139548876 0.1
0.0240845385301855 0.8646571034580924 0.1
0.3952945616281546 0.5470852160088361 0.1
0.2821706355889479 0.6689069954035096 0.1
0.2927259081986837 0.616371153900282 0.1
0.9536741701729639 0.9755813908969608 0.1
0.6828048513245415 0.9565185620384737 0.1
0.2780647380668259 0.6461642121460058 0.1
0.218064033549476 0.4833669950985677 0.1
0.5755437124625942 0.2798683570623414 0.1
0.9572435505590018 0.9511851926271921 0.1
0.4389029488440077 0.1449952796886306 0.1
0.2298692266133495 0.5749264673901706 0.1
0.2076785933707223 0.2034513238264595 0.1
0.7251051243352098 0.9575628386606039 0.1
0.2617694962230409 0.5971172233071709 0.1
0.8300185704578977 0.2166310107818508 0.1
0.1687056902900219 0.9623804759325336 0.1
0.03535274451722262 0.5856888185315414 0.1
0.6418755022048431 0.1501880686410435 0.1
0.398999369442226 0.1409013928631277 0.1
0.6504426457738224 0.1817911712474947 0.1
0.3221829105220536 0.7649205553186631 0.1
0.689441072128184 0.4212974724176153 0.1
0.02156429184565725 0.9534088596050998 0.1
0.2559500570092873 0.3142768950710923 0.1
0.8452280059353514 0.693312697756804 0.1
0.05086234613417401 0.9040122120922797 0.1
0.8203433191031433 0.7295730328940357 0.1
0.6786558802344776 0.9782088514461698 0.1
0.04273130977796314 0.6256056563485767 0.1
0.4354369812994572 0.02795111298231857 0.1
0.2877423022836036 0.3124826610832335 0.1
0.9293284856775157 0.2873946724609198 0.1
0.9326585518359503 0.405188906832002 0.1
0.08622153541210216 0.4524464031426893 0.1
0.4688783020494394 0.02981021543157434 0.1
0.8805228497155233 0.7293836522450816 0.1
0.4804575566468022 0.4617985936357761 0.1
0.4854107978132732 0.6363637606324881 0.1
0.3307111813132182 0.382510597693941 0.1
0.2851498188206347 0.3507262225603654 0.1
0.1169218565341236 0.5805632429288184 0.1
0.02395795345488555 0.5305728605716924 0.1
0.05138299813487996 0.1423319182292763 0.1
0.1896513060436243 0.9707512924810474 0.1
0.2984215665281996 0.3742820612607585 0.1
0.8285573215565736 0.4007343641721056 0.1
0.9407385315746177 0.603650854588261 0.1
0.727644611971107 0.480084812767499 0.1
0.3906077006667283 0.6484807310901607 0.1
0.7105564698093805 0.4544087682560045 0.1
0.02867171114229081 0.2645532341593682 0.1
0.7625999981974502 0.4750402026684026 0.1
0.6950487638378661 0.6463326376064503 0.1
0.8411097790804212 0.170722620059685 0.1
0.4475612391630399 0.1061876018882854 0.1
0.5177191374225635 0.4500015729432425 0.1
0.2224602360800471 0.9552054715342049 0.1
0.7708603319126908 0.5082728996079604 0.1
0.01760061447515229 0.4489429641756953 0.1
0.7969209208462091 0.5701637115246975 0.1
0.9724813099939469 0.7719759202963539 0.1
0.8624474171464377 0.405432532871746 0.1
0.2927796502642517 0.05153941089562356 0.1
0.7813873057890183 0.5336221535409928 0.1
0.02191758418942258 0.4904393182263858 0.1
0.4583643504842899 0.07673358731278171 0.1
0.9431314060139702 0.6522761785116431 0.1
0.6179429603552667 0.2916392506396105 0.1
0.4116424337787565 0.9599519238729252 0.1
0.3873828560426663 0.9565052988589957 0.1
0.09845610144449811 0.1161092714708077 0.1
0.2436554854970771 0.9586680538203056 0.1
0.8863398004097482 0.1884881826174168 0.1
0.1180747198797367 0.01935571393337208 0.1
0.9718614877996652 0.7133158587863681 0.1
0.02143591944474953 0.6712338228684925 0.1
0.8315544700379127 0.5738621754764465 0.1
0.6466598563451452 0.6108298946020084 0.1
0.02006493962420735 0.1177101610928967 0.1
0.9636023288161623 0.1276081812932712 0.1
0.1754791882589269 0.04122512361718346 0.1
0.4610948009494777 0.7645373890662333 0.1
0.5131351639036051 0.4066866622570979 0.1
0.04426030102475907 0.7588427028445105 0.1
0.2672338447498599 0.9595702322113175 0.1
0.6465811310680224 0.2812786047496239 0.1
0.7555149535327839 0.9516485957374097 0.1
0.9430678251163815 0.4702206159749773 0.1
0.9181416138900016 0.1812121207807916 0.1
0.09297019352898245 0.1536640908866103 0.1
0.4356024934393563 0.977735503524902 0.1
0.9122495396049386 0.7060211583730112 0.1
0.4638915793722241 0.05789146567323707 0.1
0.6329437970172519 0.5865054857806133 0.1
0.04515269508819328 0.8069855121630624 0.1
0.6030592158227684 0.0798386470353008 0.1
0.3438899442856901 0.4067718204087153 0.1
0.7765983452951758 0.9595354311967469 0.1
0.04691054730162166 0.1904272603282278 0.1
0.01967605077182606 0.2886419063373509 0.1
0.623906145346393 0.4055972205102817 0.1
0.0485289936532323 0.2367717076300836 0.1
0.8675673361235463 0.5699200020934758 0.1
0.396889292324674 0.7674145023214525 0.1
0.3544625075796112 0.7547540694388599 0.1
0.3745095919341886 0.7611531684570029 0.1
0.2926608048020145 0.9597176506059798 0.1
0.04258530765567335 0.3267843394863772 0.1
0.4191955682769336 0.7768743305298571 0.1
0.06935823046285836 0.371612431790228 0.1
0.1480607463765462 0.047158321966481 0.1
0.9570813471875974 0.04382476715111141 0.1
0.3203731910768483 0.9599775218299433 0.1
0.6474623408280582 0.5561264302158819 0.1
0.9131164009449769 0.679010326861674 0.1
0.0203948120924593 0.7178960086692492 0.1
0.1926060654552989 0.04126368486804287 0.1
0.9330342896707837 0.5390203742939514 0.1
0.9595774087455288 0.2220727438312617 0.1
0.9435012199758097 0.7925434112931496 0.1
0.3856421187133593 0.9075150223022455 0.1
0.9769551956138247 0.9754633361993217 0.1
0.9030375509162218 0.415829493192606 0.1
0.09433705566813227 0.1770832698118618 0.1
0.7912784004248762 0.9653346145568227 0.1
0.4570495138185268 0.9862878243093126 0.1
0.376937195342268 0.8793888302060395 0.1
0.2159916715384415 0.04321400026820185 0.1
0.02323839698091878 0.9762962980546327 0.1
0.632967214204237 0.9527639528334907 0.1
0.3349935300055796 0.9643224802613478 0.1
0.8989449018950946 0.5153280395362426 0.1
0.1403232270488871 0.02120498097504676 0.1
0.3761340427302293 0.4117008258681278 0.1
0.4475555104038241 0.7009129541289192 0.1
0.6052836214029178 0.553894152594919 0.1
0.3386003171191872 0.8814262327568511 0.1
0.3447076971040846 0.848902645743455 0.1
0.4065485514792258 0.4157022553202609 0.1
0.4527964790092278 0.6693059918375789 0.1
0.1695505749723316 0.09771562068053963 0.1
0.9318275408739601 0.3124418029574673 0.1
0.04738624167830909 0.8551492260926069 0.1
0.4895904042054217 0.9611259865667945 0.1
0.6662895459651639 0.2446718465085927 0.1
0.1557004873939193 0.0741633561191283 0.1
0.3403888951480304 0.8223029394047179 0.1
0.5512538135086508 0.4003413456576666 0.1
0.8315905386223547 0.9807883435687982 0.1
0.1111867877814495 0.1880059391349299 0.1
0.04015751998450982 0.9276283286913242 0.1
0.3334772795546264 0.8018766612954551 0.1
0.937005239977987 0.8868445554013895 0.1
0.9330662930868689 0.3798291557031616 0.1
0.02462755149421287 0.3997361921216822 0.1
0.2283589506666735 0.5500305527578441 0.1
0.6097309355706848 0.03033082510204685 0.1
0.4973664375803 0.6493779570536025 0.1
0.4152749708284751 0.3847903527033582 0.1
0.2410021788155851 0.04687704986417289 0.1
0.2515985711670036 0.5235099946756042 0.1
0.5039841381830754 0.9796225812652338 0.1
0.4894270389174019 0.669442603633789 0.1
0.9131518826072025 0.9591997660566373 0.1
0.03988917024125201 0.1227737043196547 0.1
0.3383952637982292 0.06134651005607825 0.1
0.612013843360702 0.9194961761398031 0.1
0.1811331421535508 0.1149444245328511 0.1
0.01333339501562757 0.5766078497686649 0.1
0.6904056980944886 0.2087908161396955 0.1
0.5641773555772649 0.5216782476224131 0.1
0.6018667362115278 0.5177674415464626 0.1
0.5862706403467534 0.3977969722568885 0.1
0.9425838654091721 0.6243687028688664 0.1
0.5086632154454531 0.510712958816935 0.1
0.4909924632672643 0.4956588689367878 0.1
0.4213556361567759 0.3579301815744592 0.1
0.04002166014298621 0.6085117048122436 0.1
0.5436140618797713 0.5057399565458912 0.1
0.633641860905939 0.8976601611351529 0.1
0.5275047502153252 0.9579631548748416 0.1
0.07820889941050471 0.4293720123991551 0.1
0.9623282576568966 0.9244085043284325 0.1
0.7420157709564383 0.06359981863036181 0.1
0.9304015007440483 0.1430167961280068 0.1
0.1188177309484961 0.2175040761607667 0.1
0.4486723837663016 0.7290932705506546 0.1
0.8573916372746562 0.9829843089800928 0.1
3 1 0 3960
3331
3332
3333
3334
3335
3336
3337
3338
3339
3340
3341
3342
3343
3344
3345
3346
3347
3348
3349
3350
3351
3352
3353
3354
3355
3356
3357
3358
3359
3360
3361
3362
3363
3364
3365
3366
3367
3368
3369
3370
3371
3372
3373
3374
3375
3376
3377
3378
3379
3380
3381
3382
3383
3384
3385
3386
3387
3388
3389
3390
3391
3392
3393
3394
3395
3396
3397
3398
3399
3400
3401
3402
3403
3404
3405
3406
3407
3408
3409
3410
3411
3412
3413
3414
3415
3416
3417
3418
3419
3420
3421
3422
3423
3424
3425
3426
3427
3428
3429
3430
3431
3432
3433
3434
3435
3436
3437
3438
3439
3440
3441
3442
3443
3444
3445
3446
3447
3448
3449
3450
3451
3452
3453
3454
3455
3456
3457
3458
3459
3460
3461
3462
3463
3464
3465
3466
3467
3468
3469
3470
3471
3472
3473
3474
3475
3476
3477
3478
3479
3480
3481
3482
3483
3484
3485
3486
3487
3488
3489
3490
3491
3492
3493
3494
3495
3496
3497
3498
3499
3500
3501
3502
3503
3504
3505
3506
3507
3508
3509
3510
3511
3512
3513
3514
3515
3516
3517
3518
3519
3520
3521
3522
3523
3524
3525
3526
3527
3528
3529
3530
3531
3532
3533
3534
3535
3536
3537
3538
3539
3540
3541
3542
3543
3544
3545
3546
3547
3548
3549
3550
3551
3552
3553
3554
3555
3556
3557
3558
3559
3560
3561
3562
3563
3564
3565
3566
3567
3568
3569
3570
3571
3572
3573
3574
3575
3576
3577
3578
3579
3580
3581
3582
3583
3584
3585
3586
3587
3588
3589
3590
3591
3592
3593
3594
3595
3596
3597
3598
3599
3600
3601
3602
3603
3604
3605
3606
3607
3608
3609
3610
3611
3612
3613
3614
3615
3616
3617
3618
3619
3620
3621
3622
3623
3624
3625
3626
3627
3628
3629
3630
3631
3632
3633
3634
3635
3636
3637
3638
3639
3640
3641
3642
3643
3644
3645
3646
3647
3648
3649
3650
3651
3652
3653
3654
3655
3656
3657
3658
3659
3660
3661
3662
3663
3664
3665
3666
3667
3668
3669
3670
3671
3672
3673
3674
3675
3676
3677
3678
3679
3680
3681
3682
3683
3684
3685
3686
3687
3688
3689
3690
3691
3692
3693
3694
3695
3696
3697
3698
3699
3700
3701
3702
3703
3704
3705
3706
3707
3708
3709
3710
3711
3712
3713
3714
3715
3716
3717
3718
3719
3720
3721
3722
3723
3724
3725
3726
3727
3728
3729
3730
3731
3732
3733
3734
3735
3736
3737
3738
3739
3740
3741
3742
3743
3744
3745
3746
3747
3748
3749
3750
3751
3752
3753
3754
3755
3756
3757
3758
3759
3760
3761
3762
3763
3764
3765
3766
3767
3768
3769
3770
3771
3772
3773
3774
3775
3776
3777
3778
3779
3780
3781
3782
3783
3784
3785
3786
3787
3788
3789
3790
3791
3792
3793
3794
3795
3796
3797
3798
3799
3800
3801
3802
3803
3804
3805
3806
3807
3808
3809
3810
3811
3812
3813
3814
3815
3816
3817
3818
3819
3820
3821
3822
3823
3824
3825
3826
3827
3828
3829
3830
3831
3832
3833
3834
3835
3836
3837
3838
3839
3840
3841
3842
3843
3844
3845
3846
3847
3848
3849
3850
3851
3852
3853
3854
3855
3856
3857
3858
3859
3860
3861
3862
3863
3864
3865
3866
3867
3868
3869
3870
3871
3872
3873
3874
3875
3876
3877
3878
3879
3880
3881
3882
3883
3884
3885
3886
3887
3888
3889
3890
3891
3892
3893
3894
3895
3896
3897
3898
3899
3900
3901
3902
3903
3904
3905
3906
3907
3908
3909
3910
3911
3912
3913
3914
3915
3916
3917
3918
3919
3920
3921
3922
3923
3924
3925
3926
3927
3928
3929
3930
3931
3932
3933
3934
3935
3936
3937
3938
3939
3940
3941
3942
3943
3944
3945
3946
3947
3948
3949
3950
3951
3952
3953
3954
3955
3956
3957
3958
3959
3960
3961
3962
3963
3964
3965
3966
3967
3968
3969
3970
3971
3972
3973
3974
3975
3976
3977
3978
3979
3980
3981
3982
3983
3984
3985
3986
3987
3988
3989
3990
3991
3992
3993
3994
3995
3996
3997
3998
3999
4000
4001
4002
4003
4004
4005
4006
4007
4008
4009
4010
4011
4012
4013
4014
4015
4016
4017
4018
4019
4020
4021
4022
4023
4024
4025
4026
4027
4028
4029
4030
4031
4032
4033
4034
4035
4036
4037
4038
4039
4040
4041
4042
4043
4044
4045
4046
4047
4048
4049
4050
4051
4052
4053
4054
4055
4056
4057
4058
4059
4060
4061
4062
4063
4064
4065
4066
4067
4068
4069
4070
4071
4072
4073
4074
4075
4076
4077
4078
4079
4080
4081
4082
4083
4084
4085
4086
4087
4088
4089
4090
4091
4092
4093
4094
4095
4096
4097
4098
4099
4100
4101
4102
4103
4104
4105
4106
4107
4108
4109
4110
4111
4112
4113
4114
4115
4116
4117
4118
4119
4120
4121
4122
4123
4124
4125
4126
4127
4128
4129
4130
4131
4132
4133
4134
4135
4136
4137
4138
4139
4140
4141
4142
4143
4144
4145
4146
4147
4148
4149
4150
4151
4152
4153
4154
4155
4156
4157
4158
4159
4160
4161
4162
4163
4164
4165
4166
4167
4168
4169
4170
4171
4172
4173
4174
4175
4176
4177
4178
4179
4180
4181
4182
4183
4184
4185
4186
4187
4188
4189
4190
4191
4192
4193
4194
4195
4196
4197
4198
4199
4200
4201
4202
4203
4204
4205
4206
4207
4208
4209
4210
4211
4212
4213
4214
4215
4216
4217
4218
4219
4220
4221
4222
4223
4224
4225
4226
4227
4228
4229
4230
4231
4232
4233
4234
4235
4236
4237
4238
4239
4240
4241
4242
4243
4244
4245
4246
4247
4248
4249
4250
4251
4252
4253
4254
4255
4256
4257
4258
4259
4260
4261
4262
4263
4264
4265
4266
4267
4268
4269
4270
4271
4272
4273
4274
4275
4276
4277
4278
4279
4280
4281
4282
4283
4284
4285
4286
4287
4288
4289
4290
4291
4292
4293
4294
4295
4296
4297
4298
4299
4300
4301
4302
4303
4304
4305
4306
4307
4308
4309
4310
4311
4312
4313
4314
4315
4316
4317
4318
4319
4320
4321
4322
4323
4324
4325
4326
4327
4328
4329
4330
4331
4332
4333
4334
4335
4336
4337
4338
4339
4340
4341
4342
4343
4344
4345
4346
4347
4348
4349
4350
4351
4352
4353
4354
4355
4356
4357
4358
4359
4360
4361
4362
4363
4364
4365
4366
4367
4368
4369
4370
4371
4372
4373
4374
4375
4376
4377
4378
4379
4380
4381
4382
4383
4384
4385
4386
4387
4388
4389
4390
4391
4392
4393
4394
4395
4396
4397
4398
4399
4400
4401
4402
4403
4404
4405
4406
4407
4408
4409
4410
4411
4412
4413
4414
4415
4416
4417
4418
4419
4420
4421
4422
4423
4424
4425
4426
4427
4428
4429
4430
4431
4432
4433
4434
4435
4436
4437
4438
4439
4440
4441
4442
4443
4444
4445
4446
4447
4448
4449
4450
4451
4452
4453
4454
4455
4456
4457
4458
4459
4460
4461
4462
4463
4464
4465
4466
4467
4468
4469
4470
4471
4472
4473
4474
4475
4476
4477
4478
4479
4480
4481
4482
4483
4484
4485
4486
4487
4488
4489
4490
4491
4492
4493
4494
4495
4496
4497
4498
4499
4500
4501
4502
4503
4504
4505
4506
4507
4508
4509
4510
4511
4512
4513
4514
4515
4516
4517
4518
4519
4520
4521
4522
4523
4524
4525
4526
4527
4528
4529
4530
4531
4532
4533
4534
4535
4536
4537
4538
4539
4540
4541
4542
4543
4544
4545
4546
4547
4548
4549
4550
4551
4552
4553
4554
4555
4556
4557
4558
4559
4560
4561
4562
4563
4564
4565
4566
4567
4568
4569
4570
4571
4572
4573
4574
4575
4576
4577
4578
4579
4580
4581
4582
4583
4584
4585
4586
4587
4588
4589
4590
4591
4592
4593
4594
4595
4596
4597
4598
4599
4600
4601
4602
4603
4604
4605
4606
4607
4608
4609
4610
4611
4612
4613
4614
4615
4616
4617
4618
4619
4620
4621
4622
4623
4624
4625
4626
4627
4628
4629
4630
4631
4632
4633
4634
4635
4636
4637
4638
4639
4640
4641
4642
4643
4644
4645
4646
4647
4648
4649
4650
4651
4652
4653
4654
4655
4656
4657
4658
4659
4660
4661
4662
4663
4664
4665
4666
4667
4668
4669
4670
4671
4672
4673
4674
4675
4676
4677
4678
4679
4680
4681
4682
4683
4684
4685
4686
4687
4688
4689
4690
4691
4692
4693
4694
4695
4696
4697
4698
4699
4700
4701
4702
4703
4704
4705
4706
4707
4708
4709
4710
4711
4712
4713
4714
4715
4716
4717
4718
4719
4720
4721
4722
4723
4724
4725
4726
4727
4728
4729
4730
4731
4732
4733
4734
4735
4736
4737
4738
4739
4740
4741
4742
4743
4744
4745
4746
4747
4748
4749
4750
4751
4752
4753
4754
4755
4756
4757
4758
4759
4760
4761
4762
4763
4764
4765
4766
4767
4768
4769
4770
4771
4772
4773
4774
4775
4776
4777
4778
4779
4780
4781
4782
4783
4784
4785
4786
4787
4788
4789
4790
4791
4792
4793
4794
4795
4796
4797
4798
4799
4800
4801
4802
4803
4804
4805
4806
4807
4808
4809
4810
4811
4812
4813
4814
4815
4816
4817
4818
4819
4820
4821
4822
4823
4824
4825
4826
4827
4828
4829
4830
4831
4832
4833
4834
4835
4836
4837
4838
4839
4840
4841
4842
4843
4844
4845
4846
4847
4848
4849
4850
4851
4852
4853
4854
4855
4856
4857
4858
4859
4860
4861
4862
4863
4864
4865
4866
4867
4868
4869
4870
4871
4872
4873
4874
4875
4876
4877
4878
4879
4880
4881
4882
4883
4884
4885
4886
4887
4888
4889
4890
4891
4892
4893
4894
4895
4896
4897
4898
4899
4900
4901
4902
4903
4904
4905
4906
4907
4908
4909
4910
4911
4912
4913
4914
4915
4916
4917
4918
4919
4920
4921
4922
4923
4924
4925
4926
4927
4928
4929
4930
4931
4932
4933
4934
4935
4936
4937
4938
4939
4940
4941
4942
4943
4944
4945
4946
4947
4948
4949
4950
4951
4952
4953
4954
4955
4956
4957
4958
4959
4960
4961
4962
4963
4964
4965
4966
4967
4968
4969
4970
4971
4972
4973
4974
4975
4976
4977
4978
4979
4980
4981
4982
4983
4984
4985
4986
4987
4988
4989
4990
4991
4992
4993
4994
4995
4996
4997
4998
4999
5000
5001
5002
5003
5004
5005
5006
5007
5008
5009
5010
5011
5012
5013
5014
5015
5016
5017
5018
5019
5020
5021
5022
5023
5024
5025
5026
5027
5028
5029
5030
5031
5032
5033
5034
5035
5036
5037
5038
5039
5040
5041
5042
5043
5044
5045
5046
5047
5048
5049
5050
5051
5052
5053
5054
5055
5056
5057
5058
5059
5060
5061
5062
5063
5064
5065
5066
5067
5068
5069
5070
5071
5072
5073
5074
5075
5076
5077
5078
5079
5080
5081
5082
5083
5084
5085
5086
5087
5088
5089
5090
5091
5092
5093
5094
5095
5096
5097
5098
5099
5100
5101
5102
5103
5104
5105
5106
5107
5108
5109
5110
5111
5112
5113
5114
5115
5116
5117
5118
5119
5120
5121
5122
5123
5124
5125
5126
5127
5128
5129
5130
5131
5132
5133
5134
5135
5136
5137
5138
5139
5140
5141
5142
5143
5144
5145
5146
5147
5148
5149
5150
5151
5152
5153
5154
5155
5156
5157
5158
5159
5160
5161
5162
5163
5164
5165
5166
5167
5168
5169
5170
5171
5172
5173
5174
5175
5176
5177
5178
5179
5180
5181
5182
5183
5184
5185
5186
5187
5188
5189
5190
5191
5192
5193
5194
5195
5196
5197
5198
5199
5200
5201
5202
5203
5204
5205
5206
5207
5208
5209
5210
5211
5212
5213
5214
5215
5216
5217
5218
5219
5220
5221
5222
5223
5224
5225
5226
5227
5228
5229
5230
5231
5232
5233
5234
5235
5236
5237
5238
5239
5240
5241
5242
5243
5244
5245
5246
5247
5248
5249
5250
5251
5252
5253
5254
5255
5256
5257
5258
5259
5260
5261
5262
5263
5264
5265
5266
5267
5268
5269
5270
5271
5272
5273
5274
5275
5276
5277
5278
5279
5280
5281
5282
5283
5284
5285
5286
5287
5288
5289
5290
5291
5292
5293
5294
5295
5296
5297
5298
5299
5300
5301
5302
5303
5304
5305
5306
5307
5308
5309
5310
5311
5312
5313
5314
5315
5316
5317
5318
5319
5320
5321
5322
5323
5324
5325
5326
5327
5328
5329
5330
5331
5332
5333
5334
5335
5336
5337
5338
5339
5340
5341
5342
5343
5344
5345
5346
5347
5348
5349
5350
5351
5352
5353
5354
5355
5356
5357
5358
5359
5360
5361
5362
5363
5364
5365
5366
5367
5368
5369
5370
5371
5372
5373
5374
5375
5376
5377
5378
5379
5380
5381
5382
5383
5384
5385
5386
5387
5388
5389
5390
5391
5392
5393
5394
5395
5396
5397
5398
5399
5400
5401
5402
5403
5404
5405
5406
5407
5408
5409
5410
5411
5412
5413
5414
5415
5416
5417
5418
5419
5420
5421
5422
5423
5424
5425
5426
5427
5428
5429
5430
5431
5432
5433
5434
5435
5436
5437
5438
5439
5440
5441
5442
5443
5444
5445
5446
5447
5448
5449
5450
5451
5452
5453
5454
5455
5456
5457
5458
5459
5460
5461
5462
5463
5464
5465
5466
5467
5468
5469
5470
5471
5472
5473
5474
5475
5476
5477
5478
5479
5480
5481
5482
5483
5484
5485
5486
5487
5488
5489
5490
5491
5492
5493
5494
5495
5496
5497
5498
5499
5500
5501
5502
5503
5504
5505
5506
5507
5508
5509
5510
5511
5512
5513
5514
5515
5516
5517
5518
5519
5520
5521
5522
5523
5524
5525
5526
5527
5528
5529
5530
5531
5532
5533
5534
5535
5536
5537
5538
5539
5540
5541
5542
5543
5544
5545
5546
5547
5548
5549
5550
5551
5552
5553
5554
5555
5556
5557
5558
5559
5560
5561
5562
5563
5564
5565
5566
5567
5568
5569
5570
5571
5572
5573
5574
5575
5576
5577
5578
5579
5580
5581
5582
5583
5584
5585
5586
5587
5588
5589
5590
5591
5592
5593
5594
5595
5596
5597
5598
5599
5600
5601
5602
5603
5604
5605
5606
5607
5608
5609
5610
5611
5612
5613
5614
5615
5616
5617
5618
5619
5620
5621
5622
5623
5624
5625
5626
5627
5628
5629
5630
5631
5632
5633
5634
5635
5636
5637
5638
5639
5640
5641
5642
5643
5644
5645
5646
5647
5648
5649
5650
5651
5652
5653
5654
5655
5656
5657
5658
5659
5660
5661
5662
5663
5664
5665
5666
5667
5668
5669
5670
5671
5672
5673
5674
5675
5676
5677
5678
5679
5680
5681
5682
5683
5684
5685
5686
5687
5688
5689
5690
5691
5692
5693
5694
5695
5696
5697
5698
5699
5700
5701
5702
5703
5704
5705
5706
5707
5708
5709
5710
5711
5712
5713
5714
5715
5716
5717
5718
5719
5720
5721
5722
5723
5724
5725
5726
5727
5728
5729
5730
5731
5732
5733
5734
5735
5736
5737
5738
5739
5740
5741
5742
5743
5744
5745
5746
5747
5748
5749
5750
5751
5752
5753
5754
5755
5756
5757
5758
5759
5760
5761
5762
5763
5764
5765
5766
5767
5768
5769
5770
5771
5772
5773
5774
5775
5776
5777
5778
5779
5780
5781
5782
5783
5784
5785
5786
5787
5788
5789
5790
5791
5792
5793
5794
5795
5796
5797
5798
5799
5800
5801
5802
5803
5804
5805
5806
5807
5808
5809
5810
5811
5812
5813
5814
5815
5816
5817
5818
5819
5820
5821
5822
5823
5824
5825
5826
5827
5828
5829
5830
5831
5832
5833
5834
5835
5836
5837
5838
5839
5840
5841
5842
5843
5844
5845
5846
5847
5848
5849
5850
5851
5852
5853
5854
5855
5856
5857
5858
5859
5860
5861
5862
5863
5864
5865
5866
5867
5868
5869
5870
5871
5872
5873
5874
5875
5876
5877
5878
5879
5880
5881
5882
5883
5884
5885
5886
5887
5888
5889
5890
5891
5892
5893
5894
5895
5896
5897
5898
5899
5900
5901
5902
5903
5904
5905
5906
5907
5908
5909
5910
5911
5912
5913
5914
5915
5916
5917
5918
5919
5920
5921
5922
5923
5924
5925
5926
5927
5928
5929
5930
5931
5932
5933
5934
5935
5936
5937
5938
5939
5940
5941
5942
5943
5944
5945
5946
5947
5948
5949
5950
5951
5952
5953
5954
5955
5956
5957
5958
5959
5960
5961
5962
5963
5964
5965
5966
5967
5968
5969
5970
5971
5972
5973
5974
5975
5976
5977
5978
5979
5980
5981
5982
5983
5984
5985
5986
5987
5988
5989
5990
5991
5992
5993
5994
5995
5996
5997
5998
5999
6000
6001
6002
6003
6004
6005
6006
6007
6008
6009
6010
6011
6012
6013
6014
6015
6016
6017
6018
6019
6020
6021
6022
6023
6024
6025
6026
6027
6028
6029
6030
6031
6032
6033
6034
6035
6036
6037
6038
6039
6040
6041
6042
6043
6044
6045
6046
6047
6048
6049
6050
6051
6052
6053
6054
6055
6056
6057
6058
6059
6060
6061
6062
6063
6064
6065
6066
6067
6068
6069
6070
6071
6072
6073
6074
6075
6076
6077
6078
6079
6080
6081
6082
6083
6084
6085
6086
6087
6088
6089
6090
6091
6092
6093
6094
6095
6096
6097
6098
6099
6100
6101
6102
6103
6104
6105
6106
6107
6108
6109
6110
6111
6112
6113
6114
6115
6116
6117
6118
6119
6120
6121
6122
6123
6124
6125
6126
6127
6128
6129
6130
6131
6132
6133
6134
6135
6136
6137
6138
6139
6140
6141
6142
6143
6144
6145
6146
6147
6148
6149
6150
6151
6152
6153
6154
6155
6156
6157
6158
6159
6160
6161
6162
6163
6164
6165
6166
6167
6168
6169
6170
6171
6172
6173
6174
6175
6176
6177
6178
6179
6180
6181
6182
6183
6184
6185
6186
6187
6188
6189
6190
6191
6192
6193
6194
6195
6196
6197
6198
6199
6200
6201
6202
6203
6204
6205
6206
6207
6208
6209
6210
6211
6212
6213
6214
6215
6216
6217
6218
6219
6220
6221
6222
6223
6224
6225
6226
6227
6228
6229
6230
6231
6232
6233
6234
6235
6236
6237
6238
6239
6240
6241
6242
6243
6244
6245
6246
6247
6248
6249
6250
6251
6252
6253
6254
6255
6256
6257
6258
6259
6260
6261
6262
6263
6264
6265
6266
6267
6268
6269
6270
6271
6272
6273
6274
6275
6276
6277
6278
6279
6280
6281
6282
6283
6284
6285
6286
6287
6288
6289
6290
6291
6292
6293
6294
6295
6296
6297
6298
6299
6300
6301
6302
6303
6304
6305
6306
6307
6308
6309
6310
6311
6312
6313
6314
6315
6316
6317
6318
6319
6320
6321
6322
6323
6324
6325
6326
6327
6328
6329
6330
6331
6332
6333
6334
6335
6336
6337
6338
6339
6340
6341
6342
6343
6344
6345
6346
6347
6348
6349
6350
6351
6352
6353
6354
6355
6356
6357
6358
6359
6360
6361
6362
6363
6364
6365
6366
6367
6368
6369
6370
6371
6372
6373
6374
6375
6376
6377
6378
6379
6380
6381
6382
6383
6384
6385
6386
6387
6388
6389
6390
6391
6392
6393
6394
6395
6396
6397
6398
6399
6400
6401
6402
6403
6404
6405
6406
6407
6408
6409
6410
6411
6412
6413
6414
6415
6416
6417
6418
6419
6420
6421
6422
6423
6424
6425
6426
6427
6428
6429
6430
6431
6432
6433
6434
6435
6436
6437
6438
6439
6440
6441
6442
6443
6444
6445
6446
6447
6448
6449
6450
6451
6452
6453
6454
6455
6456
6457
6458
6459
6460
6461
6462
6463
6464
6465
6466
6467
6468
6469
6470
6471
6472
6473
6474
6475
6476
6477
6478
6479
6480
6481
6482
6483
6484
6485
6486
6487
6488
6489
6490
6491
6492
6493
6494
6495
6496
6497
6498
6499
6500
6501
6502
6503
6504
6505
6506
6507
6508
6509
6510
6511
6512
6513
6514
6515
6516
6517
6518
6519
6520
6521
6522
6523
6524
6525
6526
6527
6528
6529
6530
6531
6532
6533
6534
6535
6536
6537
6538
6539
6540
6541
6542
6543
6544
6545
6546
6547
6548
6549
6550
6551
6552
6553
6554
6555
6556
6557
6558
6559
6560
6561
6562
6563
6564
6565
6566
6567
6568
6569
6570
6571
6572
6573
6574
6575
6576
6577
6578
6579
6580
6581
6582
6583
6584
6585
6586
6587
6588
6589
6590
6591
6592
6593
6594
6595
6596
6597
6598
6599
6600
6601
6602
6603
6604
6605
6606
6607
6608
6609
6610
6611
6612
6613
6614
6615
6616
6617
6618
6619
6620
6621
6622
6623
6624
6625
6626
6627
6628
6629
6630
6631
6632
6633
6634
6635
6636
6637
6638
6639
6640
6641
6642
6643
6644
6645
6646
6647
6648
6649
6650
6651
6652
6653
6654
6655
6656
6657
6658
6659
6660
6661
6662
6663
6664
6665
6666
6667
6668
6669
6670
6671
6672
6673
6674
6675
6676
6677
6678
6679
6680
6681
6682
6683
6684
6685
6686
6687
6688
6689
6690
6691
6692
6693
6694
6695
6696
6697
6698
6699
6700
6701
6702
6703
6704
6705
6706
6707
6708
6709
6710
6711
6712
6713
6714
6715
6716
6717
6718
6719
6720
6721
6722
6723
6724
6725
6726
6727
6728
6729
6730
6731
6732
6733
6734
6735
6736
6737
6738
6739
6740
6741
6742
6743
6744
6745
6746
6747
6748
6749
6750
6751
6752
6753
6754
6755
6756
6757
6758
6759
6760
6761
6762
6763
6764
6765
6766
6767
6768
6769
6770
6771
6772
6773
6774
6775
6776
6777
6778
6779
6780
6781
6782
6783
6784
6785
6786
6787
6788
6789
6790
6791
6792
6793
6794
6795
6796
6797
6798
6799
6800
6801
6802
6803
6804
6805
6806
6807
6808
6809
6810
6811
6812
6813
6814
6815
6816
6817
6818
6819
6820
6821
6822
6823
6824
6825
6826
6827
6828
6829
6830
6831
6832
6833
6834
6835
6836
6837
6838
6839
6840
6841
6842
6843
6844
6845
6846
6847
6848
6849
6850
6851
6852
6853
6854
6855
6856
6857
6858
6859
6860
6861
6862
6863
6864
6865
6866
6867
6868
6869
6870
6871
6872
6873
6874
6875
6876
6877
6878
6879
6880
6881
6882
6883
6884
6885
6886
6887
6888
6889
6890
6891
6892
6893
6894
6895
6896
6897
6898
6899
6900
6901
6902
6903
6904
6905
6906
6907
6908
6909
6910
6911
6912
6913
6914
6915
6916
6917
6918
6919
6920
6921
6922
6923
6924
6925
6926
6927
6928
6929
6930
6931
6932
6933
6934
6935
6936
6937
6938
6939
6940
6941
6942
6943
6944
6945
6946
6947
6948
6949
6950
6951
6952
6953
6954
6955
6956
6957
6958
6959
6960
6961
6962
6963
6964
6965
6966
6967
6968
6969
6970
6971
6972
6973
6974
6975
6976
6977
6978
6979
6980
6981
6982
6983
6984
6985
6986
6987
6988
6989
6990
6991
6992
6993
6994
6995
6996
6997
6998
6999
7000
7001
7002
7003
7004
7005
7006
7007
7008
7009
7010
7011
7012
7013
7014
7015
7016
7017
7018
7019
7020
7021
7022
7023
7024
7025
7026
7027
7028
7029
7030
7031
7032
7033
7034
7035
7036
7037
7038
7039
7040
7041
7042
7043
7044
7045
7046
7047
7048
7049
7050
7051
7052
7053
7054
7055
7056
7057
7058
7059
7060
7061
7062
7063
7064
7065
7066
7067
7068
7069
7070
7071
7072
7073
7074
7075
7076
7077
7078
7079
7080
7081
7082
7083
7084
7085
7086
7087
7088
7089
7090
7091
7092
7093
7094
7095
7096
7097
7098
7099
7100
7101
7102
7103
7104
7105
7106
7107
7108
7109
7110
7111
7112
7113
7114
7115
7116
7117
7118
7119
7120
7121
7122
7123
7124
7125
7126
7127
7128
7129
7130
7131
7132
7133
7134
7135
7136
7137
7138
7139
7140
7141
7142
7143
7144
7145
7146
7147
7148
7149
7150
7151
7152
7153
7154
7155
7156
7157
7158
7159
7160
7161
7162
7163
7164
7165
7166
7167
7168
7169
7170
7171
7172
7173
7174
7175
7176
7177
7178
7179
7180
7181
7182
7183
7184
7185
7186
7187
7188
7189
7190
7191
7192
7193
7194
7195
7196
7197
7198
7199
7200
7201
7202
7203
7204
7205
7206
7207
7208
7209
7210
7211
7212
7213
7214
7215
7216
7217
7218
7219
7220
7221
7222
7223
7224
7225
7226
7227
7228
7229
7230
7231
7232
7233
7234
7235
7236
7237
7238
7239
7240
7241
7242
7243
7244
7245
7246
7247
7248
7249
7250
7251
7252
7253
7254
7255
7256
7257
7258
7259
7260
7261
7262
7263
7264
7265
7266
7267
7268
7269
7270
7271
7272
7273
7274
7275
7276
7277
7278
7279
7280
7281
7282
7283
7284
7285
7286
7287
7288
7289
7290
0.4782721701429523 0.9783420968465352 0.025
0.4782721701429523 0.9783420968465352 0.05
0.4782721701429523 0.9783420968465352 0.07500000000000001
0.02249466876281409 0.5071389508175956 0.025
0.02249466876281409 0.5071389508175956 0.05
0.02249466876281409 0.5071389508175956 0.07500000000000001
0.503227475117264 0.03192299444900087 0.025
0.503227475117264 0.03192299444900087 0.05
0.503227475117264 0.03192299444900087 0.07500000000000001
0.02248373784550068 0.3749208127502213 0.025
0.02248373784550068 0.3749208127502213 0.05
0.02248373784550068 0.3749208127502213 0.07500000000000001
0.6039472558957719 0.9761312248973532 0.025
0.6039472558957719 0.9761312248973532 0.05
0.6039472558957719 0.9761312248973532 0.07500000000000001
0.3556565748732636 0.978291739158402 0.025
0.3556565748732636 0.978291739158402 0.05
0.3556565748732636 0.978291739158402 0.07500000000000001
0.9657959721179366 0.5434457876119571 0.025
0.9657959721179366 0.5434457876119571 0.05
0.9657959721179366 0.5434457876119571 0.07500000000000001
0.02666706840493703 0.6419771075523162 0.025
0.02666706840493703 0.6419771075523162 0.05
0.02666706840493703 0.6419771075523162 0.07500000000000001
0.329462168131232 0.03268824648626742 0.025
0.329462168131232 0.03268824648626742 0.05
0.329462168131232 0.03268824648626742 0.07500000000000001
0.9719440294582986 0.6829380384876976 0.025
0.9719440294582986 0.6829380384876976 0.05
0.9719440294582986 0.6829380384876976 0.07500000000000001
0.0241130819393301 0.2419537160917662 0.025
0.0241130819393301 0.2419537160917662 0.05
0.0241130819393301 0.2419537160917662 0.07500000000000001
0.9660590416131114 0.387295331768326 0.025
0.9660590416131114 0.387295331768326 0.05
0.9660590416131114 0.387295331768326 0.07500000000000001
0.02131244488171667 0.7411484591264037 0.025
0.02131244488171667 0.7411484591264037 0.05
0.02131244488171667 0.7411484591264037 0.07500000000000001
0.2592852211952266 0.9796186006604128 0.025
0.2592852211952266 0.9796186006604128 0.05
0.2592852211952266 0.9796186006604128 0.07500000000000001
0.7038532441273019 0.9780110375784136 0.025
0.7038532441273019 0.9780110375784136 0.05
0.7038532441273019 0.9780110375784136 0.07500000000000001
0.6452982969160678 0.03216798946546848 0.025
0.6452982969160678 0.03216798946546848 0.05
0.6452982969160678 0.03216798946546848 0.07500000000000001
0.09028007467227026 0.07294811420828623 0.025
0.09028007467227026 0.07294811420828623 0.05
0.09028007467227026 0.07294811420828623 0.07500000000000001
0.9730828745297804 0.8002229103129097 0.025
0.9730828745297804 0.8002229103129097 0.05
0.9730828745297804 0.8002229103129097 0.07500000000000001
0.1621874819371143 0.9790205908734244 0.025
0.1621874819371143 0.9790205908734244 0.05
0.1621874819371143 0.9790205908734244 0.07500000000000001
0.808647353886606 0.9796677024139751 0.025
0.808647353886606 0.9796677024139751 0.05
0.808647353886606 0.9796677024139751 0.07500000000000001
0.7540439605248729 0.04268954126779342 0.025
0.7540439605248729 0.04268954126779342 0.05
0.7540439605248729 0.04268954126779342 0.07500000000000001
0.02213443891876188 0.8394395700122426 0.025
0.02213443891876188 0.8394395700122426 0.05
0.02213443891876188 0.8394395700122426 0.07500000000000001
0.2224645473650808 0.02165570290062734 0.025
0.2224645473650808 0.02165570290062734 0.05
0.2224645473650808 0.02165570290062734 0.07500000000000001
0.019630109206274 0.3044727453449437 0.025
0.019630109206274 0.3044727453449437 0.05
0.019630109206274 0.3044727453449437 0.07500000000000001
0.9536962298072731 0.2687827003741676 0.025
0.9536962298072731 0.2687827003741676 0.05
0.9536962298072731 0.2687827003741676 0.07500000000000001
0.9753562747792075 0.8826520535863281 0.025
0.9753562747792075 0.8826520535863281 0.05
0.9753562747792075 0.8826520535863281 0.07500000000000001
0.05567340031937875 0.1013674406992072 0.025
0.05567340031937875 0.1013674406992072 0.05
0.05567340031937875 0.1013674406992072 0.07500000000000001
0.8833703946579108 0.9768055806476267 0.025
0.8833703946579108 0.9768055806476267 0.05
0.8833703946579108 0.9768055806476267 0.07500000000000001
0.09648436673239118 0.9773089419478893 0.025
0.09648436673239118 0.9773089419478893 0.05
0.09648436673239118 0.9773089419478893 0.07500000000000001
0.02258761755086551 0.9144813803584546 0.025
0.02258761755086551 0.9144813803584546 0.05
0.02258761755086551 0.9144813803584546 0.07500000000000001
0.9637935739778755 0.1709930243037987 0.025
0.9637935739778755 0.1709930243037987 0.05
0.9637935739778755 0.1709930243037987 0.07500000000000001
0.2754164961690946 0.02477991067247422 0.025
0.2754164961690946 0.02477991067247422 0.05
0.2754164961690946 0.02477991067247422 0.07500000000000001
0.8289093271628185 0.03962459658935657 0.025
0.8289093271628185 0.03962459658935657 0.05
0.8289093271628185 0.03962459658935657 0.07500000000000001
0.5739088435589627 0.03035364343554046 0.025
0.5739088435589627 0.03035364343554046 0.05
0.5739088435589627 0.03035364343554046 0.07500000000000001
0.9670879067801049 0.470393156601785 0.025
0.9670879067801049 0.470393156601785 0.05
0.9670879067801049 0.470393156601785 0.07500000000000001
0.9700695577649722 0.6210566843719503 0.025
0.9700695577649722 0.6210566843719503 0.05
0.9700695577649722 0.6210566843719503 0.07500000000000001
0.9725034094465493 0.7424784153779049 0.025
0.9725034094465493 0.7424784153779049 0.05
0.9725034094465493 0.7424784153779049 0.07500000000000001
0.4021203593970626 0.02756761273261921 0.025
0.4021203593970626 0.02756761273261921 0.05
0.4021203593970626 0.02756761273261921 0.07500000000000001
0.1667531392723821 0.02623424384292337 0.025
0.1667531392723821 0.02623424384292337 0.05
0.1667531392723821 0.02623424384292337 0.07500000000000001
0.02169360507462069 0.7903152111500233 0.025
0.02169360507462069 0.7903152111500233 0.05
0.02169360507462069 0.7903152111500233 0.07500000000000001
0.3088646599319357 0.9802138097495846 0.025
0.3088646599319357 0.9802138097495846 0.05
0.3088646599319357 0.9802138097495846 0.07500000000000001
0.2113358522114688 0.9765561749502717 0.025
0.2113358522114688 0.9765561749502717 0.05
0.2113358522114688 0.9765561749502717 0.07500000000000001
0.01714741635112375 0.5928534543717668 0.025
0.01714741635112375 0.5928534543717668 0.05
0.01714741635112375 0.5928534543717668 0.07500000000000001
0.02022236104193993 0.69444913722574 0.025
0.02022236104193993 0.69444913722574 0.05
0.02022236104193993 0.69444913722574 0.07500000000000001
0.4060744093952539 0.9792916182283268 0.025
0.4060744093952539 0.9792916182283268 0.05
0.4060744093952539 0.9792916182283268 0.07500000000000001
0.02722980178801974 0.4648059797993194 0.025
0.02722980178801974 0.4648059797993194 0.05
0.02722980178801974 0.4648059797993194 0.07500000000000001
0.5284512517494446 0.9782714839064872 0.025
0.5284512517494446 0.9782714839064872 0.05
0.5284512517494446 0.9782714839064872 0.07500000000000001
0.02307888948398905 0.1940844041036252 0.025
0.02307888948398905 0.1940844041036252 0.05
0.02307888948398905 0.1940844041036252 0.07500000000000001
0.6533849558548714 0.9778708776003898 0.025
0.6533849558548714 0.9778708776003898 0.05
0.6533849558548714 0.9778708776003898 0.07500000000000001
0.76286633982778 0.9786861446707539 0.025
0.76286633982778 0.9786861446707539 0.05
0.76286633982778 0.9786861446707539 0.07500000000000001
0.9307581225313173 0.9761484421980348 0.025
0.9307581225313173 0.9761484421980348 0.05
0.9307581225313173 0.9761484421980348 0.07500000000000001
0.9801040602269989 0.9343634052892839 0.025
0.9801040602269989 0.9343634052892839 0.05
0.9801040602269989 0.9343634052892839 0.07500000000000001
0.1113010922412715 0.03744468776233824 0.025
0.1113010922412715 0.03744468776233824 0.05
0.1113010922412715 0.03744468776233824 0.07500000000000001
0.02670152290785602 0.1401128195253109 0.025
0.02670152290785602 0.1401128195253109 0.05
0.02670152290785602 0.1401128195253109 0.07500000000000001
0.9610287559062773 0.08613969897291193 0.025
0.9610287559062773 0.08613969897291193 0.05
0.9610287559062773 0.08613969897291193 0.07500000000000001
0.04660003086981485 0.976983924937074 0.025
0.04660003086981485 0.976983924937074 0.05
0.04660003086981485 0.976983924937074 0.07500000000000001
0.1070779736071631 0.05459856716808551 0.025
0.1070779736071631 0.05459856716808551 0.05
0.1070779736071631 0.05459856716808551 0.07500000000000001
0.1053422181249669 0.07247759689681886 0.025
0.1053422181249669 0.07247759689681886 0.05
0.1053422181249669 0.07247759689681886 0.07500000000000001
0.1019716217526257 0.09314595661370478 0.025
0.1019716217526257 0.09314595661370478 0.05
0.1019716217526257 0.09314595661370478 0.07500000000000001
0.1248970116359255 0.09340174099826908 0.025
0.1248970116359255 0.09340174099826908 0.05
0.1248970116359255 0.09340174099826908 0.07500000000000001
0.1216136335230578 0.1161678991583955 0.025
0.1216136335230578 0.1161678991583955 0.05
0.1216136335230578 0.1161678991583955 0.07500000000000001
0.1451932716990222 0.1163449398264642 0.025
0.1451932716990222 0.1163449398264642 0.05
0.1451932716990222 0.1163449398264642 0.07500000000000001
0.1201025706119449 0.1420116812330059 0.025
0.1201025706119449 0.1420116812330059 0.05
0.1201025706119449 0.1420116812330059 0.07500000000000001
0.1467728176940574 0.1380598066947825 0.025
0.1467728176940574 0.1380598066947825 0.05
0.1467728176940574 0.1380598066947825 0.07500000000000001
0.1307180783692317 0.157936973031053 0.025
0.1307180783692317 0.157936973031053 0.05
0.1307180783692317 0.157936973031053 0.07500000000000001
0.1475303665141725 0.1593306710821654 0.025
0.1475303665141725 0.1593306710821654 0.05
0.1475303665141725 0.1593306710821654 0.07500000000000001
0.1415295637778397 0.1796156956106321 0.025
0.1415295637778397 0.1796156956106321 0.05
0.1415295637778397 0.1796156956106321 0.07500000000000001
0.1629489465293123 0.1883557568644513 0.025
0.1629489465293123 0.1883557568644513 0.05
0.1629489465293123 0.1883557568644513 0.07500000000000001
0.1509140964496047 0.2099107555907599 0.025
0.1509140964496047 0.2099107555907599 0.05
0.1509140964496047 0.2099107555907599 0.07500000000000001
0.1848639290351974 0.1967273820635144 0.025
0.1848639290351974 0.1967273820635144 0.05
0.1848639290351974 0.1967273820635144 0.07500000000000001
0.1725702316698169 0.2195919546752241 0.025
0.1725702316698169 0.2195919546752241 0.05
0.1725702316698169 0.2195919546752241 0.07500000000000001
0.1951968933666636 0.2283650944803332 0.025
0.1951968933666636 0.2283650944803332 0.05
0.1951968933666636 0.2283650944803332 0.07500000000000001
0.1825304000649996 0.2514846350626831 0.025
0.1825304000649996 0.2514846350626831 0.05
0.1825304000649996 0.2514846350626831 0.07500000000000001
0.2045375509064536 0.2598812454157563 0.025
0.2045375509064536 0.2598812454157563 0.05
0.2045375509064536 0.2598812454157563 0.07500000000000001
0.1941715802208222 0.2758550331096653 0.025
0.1941715802208222 0.2758550331096653 0.05
0.1941715802208222 0.2758550331096653 0.07500000000000001
0.2257274009935711 0.2699712781230931 0.025
0.2257274009935711 0.2699712781230931 0.05
0.2257274009935711 0.2699712781230931 0.07500000000000001
0.2057741943517083 0.2944261352132929 0.025
0.2057741943517083 0.2944261352132929 0.05
0.2057741943517083 0.2944261352132929 0.07500000000000001
0.2354445541045589 0.3037988150655718 0.025
0.2354445541045589 0.3037988150655718 0.05
0.2354445541045589 0.3037988150655718 0.07500000000000001
0.2297897186047478 0.3267432484722377 0.025
0.2297897186047478 0.3267432484722377 0.05
0.2297897186047478 0.3267432484722377 0.07500000000000001
0.247340944511013 0.3277139990681276 0.025
0.247340944511013 0.3277139990681276 0.05
0.247340944511013 0.3277139990681276 0.07500000000000001
0.2335517580840875 0.3502817632890367 0.025
0.2335517580840875 0.3502817632890367 0.05
0.2335517580840875 0.3502817632890367 0.07500000000000001
0.2549679537698706 0.3426712801267269 0.025
0.2549679537698706 0.3426712801267269 0.05
0.2549679537698706 0.3426712801267269 0.07500000000000001
0.2442259569841248 0.3747683181431008 0.025
0.2442259569841248 0.3747683181431008 0.05
0.2442259569841248 0.3747683181431008 0.07500000000000001
0.2662564870737603 0.3645274400509413 0.025
0.2662564870737603 0.3645274400509413 0.05
0.2662564870737603 0.3645274400509413 0.07500000000000001
0.2575665582651688 0.4003065877332675 0.025
0.2575665582651688 0.4003065877332675 0.05
0.2575665582651688 0.4003065877332675 0.07500000000000001
0.2790448803996647 0.3889491446242517 0.025
0.2790448803996647 0.3889491446242517 0.05
0.2790448803996647 0.3889491446242517 0.07500000000000001
0.2712780401498511 0.4265263428677342 0.025
0.2712780401498511 0.4265263428677342 0.05
0.2712780401498511 0.4265263428677342 0.07500000000000001
0.2922283782489332 0.4143882992697722 0.025
0.2922283782489332 0.4143882992697722 0.05
0.2922283782489332 0.4143882992697722 0.07500000000000001
0.2840136971437461 0.4525334046741435 0.025
0.2840136971437461 0.4525334046741435 0.05
0.2840136971437461 0.4525334046741435 0.07500000000000001
0.3045220796683891 0.4406312005455235 0.025
0.3045220796683891 0.4406312005455235 0.05
0.3045220796683891 0.4406312005455235 0.07500000000000001
0.2923183816179737 0.4721482394603088 0.025
0.2923183816179737 0.4721482394603088 0.05
0.2923183816179737 0.4721482394603088 0.07500000000000001
0.31476118961741 0.4737345583904955 0.025
0.31476118961741 0.4737345583904955 0.05
0.31476118961741 0.4737345583904955 0.07500000000000001
0.3385357068153896 0.4505872888376203 0.025
0.3385357068153896 0.4505872888376203 0.05
0.3385357068153896 0.4505872888376203 0.07500000000000001
0.3560026377936535 0.4736385576447584 0.025
0.3560026377936535 0.4736385576447584 0.05
0.3560026377936535 0.4736385576447584 0.07500000000000001
0.373027722448168 0.450229951411468 0.025
0.373027722448168 0.450229951411468 0.05
0.373027722448168 0.450229951411468 0.07500000000000001
0.3926807575983744 0.4660107926397249 0.025
0.3926807575983744 0.4660107926397249 0.05
0.3926807575983744 0.4660107926397249 0.07500000000000001
0.3023408583573683 0.5044393968583951 0.025
0.3023408583573683 0.5044393968583951 0.05
0.3023408583573683 0.5044393968583951 0.07500000000000001
0.4057672878283062 0.4436478630964635 0.025
0.4057672878283062 0.4436478630964635 0.05
0.4057672878283062 0.4436478630964635 0.07500000000000001
0.4173813595972999 0.4758312325821263 0.025
0.4173813595972999 0.4758312325821263 0.05
0.4173813595972999 0.4758312325821263 0.07500000000000001
0.4278773144207993 0.4499921500476091 0.025
0.4278773144207993 0.4499921500476091 0.05
0.4278773144207993 0.4499921500476091 0.07500000000000001
0.4447394570439949 0.4810318595702441 0.025
0.4447394570439949 0.4810318595702441 0.05
0.4447394570439949 0.4810318595702441 0.07500000000000001
0.4403951766180695 0.5075974261998795 0.025
0.4403951766180695 0.5075974261998795 0.05
0.4403951766180695 0.5075974261998795 0.07500000000000001
0.466122620206242 0.5087346742945982 0.025
0.466122620206242 0.5087346742945982 0.05
0.466122620206242 0.5087346742945982 0.07500000000000001
0.4544570820513061 0.4540122834271181 0.025
0.4544570820513061 0.4540122834271181 0.05
0.4544570820513061 0.4540122834271181 0.07500000000000001
0.4439591346567154 0.5339710340093624 0.025
0.4439591346567154 0.5339710340093624 0.05
0.4439591346567154 0.5339710340093624 0.07500000000000001
0.4701442494432977 0.532445145848943 0.025
0.4701442494432977 0.532445145848943 0.05
0.4701442494432977 0.532445145848943 0.07500000000000001
0.4505867249730731 0.5596784827862258 0.025
0.4505867249730731 0.5596784827862258 0.05
0.4505867249730731 0.5596784827862258 0.07500000000000001
0.478400373297665 0.5596815347278326 0.025
0.478400373297665 0.5596815347278326 0.05
0.478400373297665 0.5596815347278326 0.07500000000000001
0.4512127405497018 0.5843513356488954 0.025
0.4512127405497018 0.5843513356488954 0.05
0.4512127405497018 0.5843513356488954 0.07500000000000001
0.4850998680774122 0.5943332509691025 0.025
0.4850998680774122 0.5943332509691025 0.05
0.4850998680774122 0.5943332509691025 0.07500000000000001
0.5084674818984226 0.5586341219006694 0.025
0.5084674818984226 0.5586341219006694 0.05
0.5084674818984226 0.5586341219006694 0.07500000000000001
0.5208500894700506 0.5869543068031006 0.025
0.5208500894700506 0.5869543068031006 0.05
0.5208500894700506 0.5869543068031006 0.07500000000000001
0.5378085022735705 0.5593263292170244 0.025
0.5378085022735705 0.5593263292170244 0.05
0.5378085022735705 0.5593263292170244 0.07500000000000001
0.5539691638128937 0.5790162885973171 0.025
0.5539691638128937 0.5790162885973171 0.05
0.5539691638128937 0.5790162885973171 0.07500000000000001
0.4664337362283177 0.6201175351395988 0.025
0.4664337362283177 0.6201175351395988 0.05
0.4664337362283177 0.6201175351395988 0.07500000000000001
0.2716997581794285 0.3296225822347301 0.025
0.2716997581794285 0.3296225822347301 0.05
0.2716997581794285 0.3296225822347301 0.07500000000000001
0.5698884648402617 0.5565157206658359 0.025
0.5698884648402617 0.5565157206658359 0.05
0.5698884648402617 0.5565157206658359 0.07500000000000001
0.5781505776505476 0.5846661245325824 0.025
0.5781505776505476 0.5846661245325824 0.05
0.5781505776505476 0.5846661245325824 0.07500000000000001
0.5892294895770416 0.5713862332846362 0.025
0.5892294895770416 0.5713862332846362 0.05
0.5892294895770416 0.5713862332846362 0.07500000000000001
0.6059132240541399 0.5881038256256318 0.025
0.6059132240541399 0.5881038256256318 0.05
0.6059132240541399 0.5881038256256318 0.07500000000000001
0.5867603443615966 0.6015378613533541 0.025
0.5867603443615966 0.6015378613533541 0.05
0.5867603443615966 0.6015378613533541 0.07500000000000001
0.6234484232550576 0.6028859624456601 0.025
0.6234484232550576 0.6028859624456601 0.05
0.6234484232550576 0.6028859624456601 0.07500000000000001
0.6045702339425395 0.628533066978251 0.025
0.6045702339425395 0.628533066978251 0.05
0.6045702339425395 0.628533066978251 0.07500000000000001
0.6388893683756893 0.6370860652304506 0.025
0.6388893683756893 0.6370860652304506 0.05
0.6388893683756893 0.6370860652304506 0.07500000000000001
0.4421677259721448 0.6081282651853016 0.025
0.4421677259721448 0.6081282651853016 0.05
0.4421677259721448 0.6081282651853016 0.07500000000000001
0.4520062008508753 0.6408824357160391 0.025
0.4520062008508753 0.6408824357160391 0.05
0.4520062008508753 0.6408824357160391 0.07500000000000001
0.4296891171100554 0.6321003563424288 0.025
0.4296891171100554 0.6321003563424288 0.05
0.4296891171100554 0.6321003563424288 0.07500000000000001
0.4425953587386691 0.6564950473976832 0.025
0.4425953587386691 0.6564950473976832 0.05
0.4425953587386691 0.6564950473976832 0.07500000000000001
0.4192317607967876 0.6617869710306521 0.025
0.4192317607967876 0.6617869710306521 0.05
0.4192317607967876 0.6617869710306521 0.07500000000000001
0.432204051216921 0.4264398942788806 0.025
0.432204051216921 0.4264398942788806 0.05
0.432204051216921 0.4264398942788806 0.07500000000000001
0.4652698011196914 0.4190106818175955 0.025
0.4652698011196914 0.4190106818175955 0.05
0.4652698011196914 0.4190106818175955 0.07500000000000001
0.4501017140542724 0.3908461122620707 0.025
0.4501017140542724 0.3908461122620707 0.05
0.4501017140542724 0.3908461122620707 0.07500000000000001
0.4336800616211722 0.6847023320837552 0.025
0.4336800616211722 0.6847023320837552 0.05
0.4336800616211722 0.6847023320837552 0.07500000000000001
0.3973227293306252 0.6879410329900608 0.025
0.3973227293306252 0.6879410329900608 0.05
0.3973227293306252 0.6879410329900608 0.07500000000000001
0.6351924239063976 0.6646445321152105 0.025
0.6351924239063976 0.6646445321152105 0.05
0.6351924239063976 0.6646445321152105 0.07500000000000001
0.6639854516166934 0.6674317540218691 0.025
0.6639854516166934 0.6674317540218691 0.05
0.6639854516166934 0.6674317540218691 0.07500000000000001
0.6227579642459263 0.5719461144835365 0.025
0.6227579642459263 0.5719461144835365 0.05
0.6227579642459263 0.5719461144835365 0.07500000000000001
0.4729049103570772 0.3685418083232996 0.025
0.4729049103570772 0.3685418083232996 0.05
0.4729049103570772 0.3685418083232996 0.07500000000000001
0.4925881502145852 0.387448866390009 0.025
0.4925881502145852 0.387448866390009 0.05
0.4925881502145852 0.387448866390009 0.07500000000000001
0.2771083413203147 0.4914434252716683 0.025
0.2771083413203147 0.4914434252716683 0.05
0.2771083413203147 0.4914434252716683 0.07500000000000001
0.4151843510469527 0.7031561544117397 0.025
0.4151843510469527 0.7031561544117397 0.05
0.4151843510469527 0.7031561544117397 0.07500000000000001
0.6348810025679192 0.6917080656237674 0.025
0.6348810025679192 0.6917080656237674 0.05
0.6348810025679192 0.6917080656237674 0.07500000000000001
0.6635495749414412 0.6939881896540018 0.025
0.6635495749414412 0.6939881896540018 0.05
0.6635495749414412 0.6939881896540018 0.07500000000000001
0.6678957738493155 0.641357743424285 0.025
0.6678957738493155 0.641357743424285 0.05
0.6678957738493155 0.641357743424285 0.07500000000000001
0.5138140331836877 0.3592343686036235 0.025
0.5138140331836877 0.3592343686036235 0.05
0.5138140331836877 0.3592343686036235 0.07500000000000001
0.2408524008522578 0.2467075352244765 0.025
0.2408524008522578 0.2467075352244765 0.05
0.2408524008522578 0.2467075352244765 0.07500000000000001
0.4019067706813269 0.7182001583214604 0.025
0.4019067706813269 0.7182001583214604 0.05
0.4019067706813269 0.7182001583214604 0.07500000000000001
0.3796400466516097 0.713468452118257 0.025
0.3796400466516097 0.713468452118257 0.05
0.3796400466516097 0.713468452118257 0.07500000000000001
0.6326389428047152 0.7177361734680374 0.025
0.6326389428047152 0.7177361734680374 0.05
0.6326389428047152 0.7177361734680374 0.07500000000000001
0.6613980288216845 0.7213281596840189 0.025
0.6613980288216845 0.7213281596840189 0.05
0.6613980288216845 0.7213281596840189 0.07500000000000001
0.3645061258097306 0.6954848730762581 0.025
0.3645061258097306 0.6954848730762581 0.05
0.3645061258097306 0.6954848730762581 0.07500000000000001
0.3537966572405549 0.7268820733476334 0.025
0.3537966572405549 0.7268820733476334 0.05
0.3537966572405549 0.7268820733476334 0.07500000000000001
0.337525685709276 0.7028565298258312 0.025
0.337525685709276 0.7028565298258312 0.05
0.337525685709276 0.7028565298258312 0.07500000000000001
0.3160957346159253 0.7308059662627362 0.025
0.3160957346159253 0.7308059662627362 0.05
0.3160957346159253 0.7308059662627362 0.07500000000000001
0.3043729512885113 0.6957835016458261 0.025
0.3043729512885113 0.6957835016458261 0.05
0.3043729512885113 0.6957835016458261 0.07500000000000001
0.2920214471723226 0.7215223329601711 0.025
0.2920214471723226 0.7215223329601711 0.05
0.2920214471723226 0.7215223329601711 0.07500000000000001
0.2784483747541977 0.6917460209817937 0.025
0.2784483747541977 0.6917460209817937 0.05
0.2784483747541977 0.6917460209817937 0.07500000000000001
0.2666157992189009 0.7146762284521007 0.025
0.2666157992189009 0.7146762284521007 0.05
0.2666157992189009 0.7146762284521007 0.07500000000000001
0.2565732699829789 0.684325395181276 0.025
0.2565732699829789 0.684325395181276 0.05
0.2565732699829789 0.684325395181276 0.07500000000000001
0.4307591087543157 0.7180089127201497 0.025
0.4307591087543157 0.7180089127201497 0.05
0.4307591087543157 0.7180089127201497 0.07500000000000001
0.2774779277768578 0.744822406256176 0.025
0.2774779277768578 0.744822406256176 0.05
0.2774779277768578 0.744822406256176 0.07500000000000001
0.2521957530279305 0.7383821956411579 0.025
0.2521957530279305 0.7383821956411579 0.05
0.2521957530279305 0.7383821956411579 0.07500000000000001
0.4928146482598224 0.3413589831726554 0.025
0.4928146482598224 0.3413589831726554 0.05
0.4928146482598224 0.3413589831726554 0.07500000000000001
0.5326928849932714 0.3309299653585814 0.025
0.5326928849932714 0.3309299653585814 0.05
0.5326928849932714 0.3309299653585814 0.07500000000000001
0.3627474394985404 0.740588759238876 0.025
0.3627474394985404 0.740588759238876 0.05
0.3627474394985404 0.740588759238876 0.07500000000000001
0.2486774819367716 0.4372148159187069 0.025
0.2486774819367716 0.4372148159187069 0.05
0.2486774819367716 0.4372148159187069 0.07500000000000001
0.6544422026653233 0.748293320059726 0.025
0.6544422026653233 0.748293320059726 0.05
0.6544422026653233 0.748293320059726 0.07500000000000001
0.6796521893088626 0.7573208897938136 0.025
0.6796521893088626 0.7573208897938136 0.05
0.6796521893088626 0.7573208897938136 0.07500000000000001
0.6954492237497929 0.7284387154740984 0.025
0.6954492237497929 0.7284387154740984 0.05
0.6954492237497929 0.7284387154740984 0.07500000000000001
0.7180951712768912 0.756303100956418 0.025
0.7180951712768912 0.756303100956418 0.05
0.7180951712768912 0.756303100956418 0.07500000000000001
0.5514506070688202 0.353862077694539 0.025
0.5514506070688202 0.353862077694539 0.05
0.5514506070688202 0.353862077694539 0.07500000000000001
0.5707370158350444 0.328998111252179 0.025
0.5707370158350444 0.328998111252179 0.05
0.5707370158350444 0.328998111252179 0.07500000000000001
0.5876024517034145 0.3542816512955216 0.025
0.5876024517034145 0.3542816512955216 0.05
0.5876024517034145 0.3542816512955216 0.07500000000000001
0.6081314438573231 0.3337560424551749 0.025
0.6081314438573231 0.3337560424551749 0.05
0.6081314438573231 0.3337560424551749 0.07500000000000001
0.6243801325566256 0.358543390740593 0.025
0.6243801325566256 0.358543390740593 0.05
0.6243801325566256 0.358543390740593 0.07500000000000001
0.6452212787543226 0.3431827345439788 0.025
0.6452212787543226 0.3431827345439788 0.05
0.6452212787543226 0.3431827345439788 0.07500000000000001
0.6545600441942219 0.36061497012204 0.025
0.6545600441942219 0.36061497012204 0.05
0.6545600441942219 0.36061497012204 0.07500000000000001
0.6702266718590242 0.3360062236154316 0.025
0.6702266718590242 0.3360062236154316 0.05
0.6702266718590242 0.3360062236154316 0.07500000000000001
0.6742467489459192 0.3616492072306752 0.025
0.6742467489459192 0.3616492072306752 0.05
0.6742467489459192 0.3616492072306752 0.07500000000000001
0.2640650819072108 0.7670922610946822 0.025
0.2640650819072108 0.7670922610946822 0.05
0.2640650819072108 0.7670922610946822 0.07500000000000001
0.2389238149344346 0.7621460902299797 0.025
0.2389238149344346 0.7621460902299797 0.05
0.2389238149344346 0.7621460902299797 0.07500000000000001
0.7254877717423538 0.7130061581123845 0.025
0.7254877717423538 0.7130061581123845 0.05
0.7254877717423538 0.7130061581123845 0.07500000000000001
0.7396967031187125 0.7394138462517363 0.025
0.7396967031187125 0.7394138462517363 0.05
0.7396967031187125 0.7394138462517363 0.07500000000000001
0.6258492956200371 0.7439001817439315 0.025
0.6258492956200371 0.7439001817439315 0.05
0.6258492956200371 0.7439001817439315 0.07500000000000001
0.5103089345748133 0.3121002096684439 0.025
0.5103089345748133 0.3121002096684439 0.05
0.5103089345748133 0.3121002096684439 0.07500000000000001
0.4859708389779974 0.2989174352384902 0.025
0.4859708389779974 0.2989174352384902 0.05
0.4859708389779974 0.2989174352384902 0.07500000000000001
0.6458689254546538 0.7795755029483697 0.025
0.6458689254546538 0.7795755029483697 0.05
0.6458689254546538 0.7795755029483697 0.07500000000000001
0.6147070052235626 0.769932923202063 0.025
0.6147070052235626 0.769932923202063 0.05
0.6147070052235626 0.769932923202063 0.07500000000000001
0.6318972170248653 0.3185830173837216 0.025
0.6318972170248653 0.3185830173837216 0.05
0.6318972170248653 0.3185830173837216 0.07500000000000001
0.1930034070780259 0.1780436091243739 0.025
0.1930034070780259 0.1780436091243739 0.05
0.1930034070780259 0.1780436091243739 0.07500000000000001
0.2536075922649741 0.788357631157695 0.025
0.2536075922649741 0.788357631157695 0.05
0.2536075922649741 0.788357631157695 0.07500000000000001
0.2283511373460115 0.785016066034974 0.025
0.2283511373460115 0.785016066034974 0.05
0.2283511373460115 0.785016066034974 0.07500000000000001
0.2124037234215334 0.7589506940402788 0.025
0.2124037234215334 0.7589506940402788 0.05
0.2124037234215334 0.7589506940402788 0.07500000000000001
0.7339826578590178 0.7804578482976438 0.025
0.7339826578590178 0.7804578482976438 0.05
0.7339826578590178 0.7804578482976438 0.07500000000000001
0.7547663473178884 0.7647544534603222 0.025
0.7547663473178884 0.7647544534603222 0.05
0.7547663473178884 0.7647544534603222 0.07500000000000001
0.2010459662125109 0.7821588165193621 0.025
0.2010459662125109 0.7821588165193621 0.05
0.2010459662125109 0.7821588165193621 0.07500000000000001
0.4956883695130088 0.2716990391651442 0.025
0.4956883695130088 0.2716990391651442 0.05
0.4956883695130088 0.2716990391651442 0.07500000000000001
0.475807544859813 0.269056606490666 0.025
0.475807544859813 0.269056606490666 0.05
0.475807544859813 0.269056606490666 0.07500000000000001
0.7004730441228438 0.3340753622250767 0.025
0.7004730441228438 0.3340753622250767 0.05
0.7004730441228438 0.3340753622250767 0.07500000000000001
0.7037086772353908 0.3634106210793719 0.025
0.7037086772353908 0.3634106210793719 0.05
0.7037086772353908 0.3634106210793719 0.07500000000000001
0.7619610608929387 0.7243262189623055 0.025
0.7619610608929387 0.7243262189623055 0.05
0.7619610608929387 0.7243262189623055 0.07500000000000001
0.2028340089061046 0.3568345819238083 0.025
0.2028340089061046 0.3568345819238083 0.05
0.2028340089061046 0.3568345819238083 0.07500000000000001
0.1871870987620786 0.7565474349414693 0.025
0.1871870987620786 0.7565474349414693 0.05
0.1871870987620786 0.7565474349414693 0.07500000000000001
0.6235100639605953 0.8054396456625305 0.025
0.6235100639605953 0.8054396456625305 0.05
0.6235100639605953 0.8054396456625305 0.07500000000000001
0.600000548535628 0.7947308731412371 0.025
0.600000548535628 0.7947308731412371 0.05
0.600000548535628 0.7947308731412371 0.07500000000000001
0.2493103734736042 0.8087159750436809 0.025
0.2493103734736042 0.8087159750436809 0.05
0.2493103734736042 0.8087159750436809 0.07500000000000001
0.2672040183956486 0.8092757268958597 0.025
0.2672040183956486 0.8092757268958597 0.05
0.2672040183956486 0.8092757268958597 0.07500000000000001
0.7476476920461401 0.803124185219884 0.025
0.7476476920461401 0.803124185219884 0.05
0.7476476920461401 0.803124185219884 0.07500000000000001
0.7683172997929237 0.7887129794452528 0.025
0.7683172997929237 0.7887129794452528 0.05
0.7683172997929237 0.7887129794452528 0.07500000000000001
0.2654604377837847 0.6692002474945646 0.025
0.2654604377837847 0.6692002474945646 0.05
0.2654604377837847 0.6692002474945646 0.07500000000000001
0.2319842352025678 0.6678980692592044 0.025
0.2319842352025678 0.6678980692592044 0.05
0.2319842352025678 0.6678980692592044 0.07500000000000001
0.5006608028709945 0.244708338722176 0.025
0.5006608028709945 0.244708338722176 0.05
0.5006608028709945 0.244708338722176 0.07500000000000001
0.4675374758676403 0.2449755243443602 0.025
0.4675374758676403 0.2449755243443602 0.05
0.4675374758676403 0.2449755243443602 0.07500000000000001
0.1756742664544347 0.7782340031812462 0.025
0.1756742664544347 0.7782340031812462 0.05
0.1756742664544347 0.7782340031812462 0.07500000000000001
0.7351920824158907 0.3342265411838387 0.025
0.7351920824158907 0.3342265411838387 0.05
0.7351920824158907 0.3342265411838387 0.07500000000000001
0.7234421237087866 0.3019917203010201 0.025
0.7234421237087866 0.3019917203010201 0.05
0.7234421237087866 0.3019917203010201 0.07500000000000001
0.5874866526885076 0.7648436900770681 0.025
0.5874866526885076 0.7648436900770681 0.05
0.5874866526885076 0.7648436900770681 0.07500000000000001
0.5739507322491864 0.7887481833090016 0.025
0.5739507322491864 0.7887481833090016 0.05
0.5739507322491864 0.7887481833090016 0.07500000000000001
0.5852878581127894 0.8174497113495296 0.025
0.5852878581127894 0.8174497113495296 0.05
0.5852878581127894 0.8174497113495296 0.07500000000000001
0.5606230263667534 0.8121465308651933 0.025
0.5606230263667534 0.8121465308651933 0.05
0.5606230263667534 0.8121465308651933 0.07500000000000001
0.7384644113419189 0.3668798295548515 0.025
0.7384644113419189 0.3668798295548515 0.05
0.7384644113419189 0.3668798295548515 0.07500000000000001
0.7316557249961535 0.3981359061545859 0.025
0.7316557249961535 0.3981359061545859 0.05
0.7316557249961535 0.3981359061545859 0.07500000000000001
0.4051004639948925 0.6233506211092579 0.025
0.4051004639948925 0.6233506211092579 0.05
0.4051004639948925 0.6233506211092579 0.07500000000000001
0.4344115793883693 0.3712537148271248 0.025
0.4344115793883693 0.3712537148271248 0.05
0.4344115793883693 0.3712537148271248 0.07500000000000001
0.1658965682088445 0.7517249994590544 0.025
0.1658965682088445 0.7517249994590544 0.05
0.1658965682088445 0.7517249994590544 0.07500000000000001
0.2511156923013786 0.8298231022205327 0.025
0.2511156923013786 0.8298231022205327 0.05
0.2511156923013786 0.8298231022205327 0.07500000000000001
0.2795133664773799 0.8265095869915239 0.025
0.2795133664773799 0.8265095869915239 0.05
0.2795133664773799 0.8265095869915239 0.07500000000000001
0.7642212685830058 0.4080448969241895 0.025
0.7642212685830058 0.4080448969241895 0.05
0.7642212685830058 0.4080448969241895 0.07500000000000001
0.7497470405920335 0.4364296705052795 0.025
0.7497470405920335 0.4364296705052795 0.05
0.7497470405920335 0.4364296705052795 0.07500000000000001
0.7570875063624518 0.8191052396480081 0.025
0.7570875063624518 0.8191052396480081 0.05
0.7570875063624518 0.8191052396480081 0.07500000000000001
0.7806632183600406 0.8145306771069608 0.025
0.7806632183600406 0.8145306771069608 0.05
0.7806632183600406 0.8145306771069608 0.07500000000000001
0.7985203459677753 0.796588668856415 0.025
0.7985203459677753 0.796588668856415 0.05
0.7985203459677753 0.796588668856415 0.07500000000000001
0.8092099335774607 0.8240592847509483 0.025
0.8092099335774607 0.8240592847509483 0.05
0.8092099335774607 0.8240592847509483 0.07500000000000001
0.1744174926337211 0.2741067330752345 0.025
0.1744174926337211 0.2741067330752345 0.05
0.1744174926337211 0.2741067330752345 0.07500000000000001
0.5848011186461797 0.5371441029177836 0.025
0.5848011186461797 0.5371441029177836 0.05
0.5848011186461797 0.5371441029177836 0.07500000000000001
0.2565689564770833 0.6530898603764285 0.025
0.2565689564770833 0.6530898603764285 0.05
0.2565689564770833 0.6530898603764285 0.07500000000000001
0.5741194313811364 0.838531729100613 0.025
0.5741194313811364 0.838531729100613 0.05
0.5741194313811364 0.838531729100613 0.07500000000000001
0.5505424941115277 0.8349505643171031 0.025
0.5505424941115277 0.8349505643171031 0.05
0.5505424941115277 0.8349505643171031 0.07500000000000001
0.4697403018317833 0.6531793557364627 0.025
0.4697403018317833 0.6531793557364627 0.05
0.4697403018317833 0.6531793557364627 0.07500000000000001
0.4790898167327715 0.2103142163295853 0.025
0.4790898167327715 0.2103142163295853 0.05
0.4790898167327715 0.2103142163295853 0.07500000000000001
0.4539541566990323 0.2009073056076726 0.025
0.4539541566990323 0.2009073056076726 0.05
0.4539541566990323 0.2009073056076726 0.07500000000000001
0.5082512728084112 0.2159777297804838 0.025
0.5082512728084112 0.2159777297804838 0.05
0.5082512728084112 0.2159777297804838 0.07500000000000001
0.4392174654505391 0.2258469681426976 0.025
0.4392174654505391 0.2258469681426976 0.05
0.4392174654505391 0.2258469681426976 0.07500000000000001
0.4178112411481797 0.2062618274526737 0.025
0.4178112411481797 0.2062618274526737 0.05
0.4178112411481797 0.2062618274526737 0.07500000000000001
0.7590146526016378 0.2975373071359645 0.025
0.7590146526016378 0.2975373071359645 0.05
0.7590146526016378 0.2975373071359645 0.07500000000000001
0.7424896590519108 0.2647597852304996 0.025
0.7424896590519108 0.2647597852304996 0.05
0.7424896590519108 0.2647597852304996 0.07500000000000001
0.818062579360457 0.8002170373805945 0.025
0.818062579360457 0.8002170373805945 0.05
0.818062579360457 0.8002170373805945 0.07500000000000001
0.8375528479506928 0.8305082069894451 0.025
0.8375528479506928 0.8305082069894451 0.05
0.8375528479506928 0.8305082069894451 0.07500000000000001
0.7942267206986676 0.4206754140161048 0.025
0.7942267206986676 0.4206754140161048 0.05
0.7942267206986676 0.4206754140161048 0.07500000000000001
0.7791352944911717 0.4489814028520057 0.025
0.7791352944911717 0.4489814028520057 0.05
0.7791352944911717 0.4489814028520057 0.07500000000000001
0.1533261737830684 0.7721291376038885 0.025
0.1533261737830684 0.7721291376038885 0.05
0.1533261737830684 0.7721291376038885 0.07500000000000001
0.1624235612075771 0.8013279279997609 0.025
0.1624235612075771 0.8013279279997609 0.05
0.1624235612075771 0.8013279279997609 0.07500000000000001
0.4349994088879717 0.1837251114930768 0.025
0.4349994088879717 0.1837251114930768 0.05
0.4349994088879717 0.1837251114930768 0.07500000000000001
0.3985692319665092 0.1844431600763652 0.025
0.3985692319665092 0.1844431600763652 0.05
0.3985692319665092 0.1844431600763652 0.07500000000000001
0.3801663227512684 0.2095676803118093 0.025
0.3801663227512684 0.2095676803118093 0.05
0.3801663227512684 0.2095676803118093 0.07500000000000001
0.3554966516707702 0.1862270315847652 0.025
0.3554966516707702 0.1862270315847652 0.05
0.3554966516707702 0.1862270315847652 0.07500000000000001
0.5614905623254161 0.7598697283046849 0.025
0.5614905623254161 0.7598697283046849 0.05
0.5614905623254161 0.7598697283046849 0.07500000000000001
0.8137253144547856 0.4664244344909428 0.025
0.8137253144547856 0.4664244344909428 0.05
0.8137253144547856 0.4664244344909428 0.07500000000000001
0.7863862840388879 0.4917174251643378 0.025
0.7863862840388879 0.4917174251643378 0.05
0.7863862840388879 0.4917174251643378 0.07500000000000001
0.2458012008412904 0.6284898100878179 0.025
0.2458012008412904 0.6284898100878179 0.05
0.2458012008412904 0.6284898100878179 0.07500000000000001
0.221645425415001 0.6355847747636212 0.025
0.221645425415001 0.6355847747636212 0.05
0.221645425415001 0.6355847747636212 0.07500000000000001
0.1971118510494118 0.640861419861287 0.025
0.1971118510494118 0.640861419861287 0.05
0.1971118510494118 0.640861419861287 0.07500000000000001
0.1884859224740683 0.6156375210530493 0.025
0.1884859224740683 0.6156375210530493 0.05
0.1884859224740683 0.6156375210530493 0.07500000000000001
0.1730084863024781 0.6439999170691877 0.025
0.1730084863024781 0.6439999170691877 0.05
0.1730084863024781 0.6439999170691877 0.07500000000000001
0.1666838358202676 0.6208333250396899 0.025
0.1666838358202676 0.6208333250396899 0.05
0.1666838358202676 0.6208333250396899 0.07500000000000001
0.1804422511160994 0.5981086691484487 0.025
0.1804422511160994 0.5981086691484487 0.05
0.1804422511160994 0.5981086691484487 0.07500000000000001
0.1622224198130462 0.5985718218096635 0.025
0.1622224198130462 0.5985718218096635 0.05
0.1622224198130462 0.5985718218096635 0.07500000000000001
0.1589555512767768 0.5755580967287159 0.025
0.1589555512767768 0.5755580967287159 0.05
0.1589555512767768 0.5755580967287159 0.07500000000000001
0.2697491895493351 0.6223073338776547 0.025
0.2697491895493351 0.6223073338776547 0.05
0.2697491895493351 0.6223073338776547 0.07500000000000001
0.1502524440758373 0.6471013087339093 0.025
0.1502524440758373 0.6471013087339093 0.05
0.1502524440758373 0.6471013087339093 0.07500000000000001
0.1344141272061059 0.5782945599394982 0.025
0.1344141272061059 0.5782945599394982 0.05
0.1344141272061059 0.5782945599394982 0.07500000000000001
0.1520508964721879 0.5515952416441438 0.025
0.1520508964721879 0.5515952416441438 0.05
0.1520508964721879 0.5515952416441438 0.07500000000000001
0.7740704451371212 0.253445442415896 0.025
0.7740704451371212 0.253445442415896 0.05
0.7740704451371212 0.253445442415896 0.07500000000000001
0.7567551723633044 0.223286090774091 0.025
0.7567551723633044 0.223286090774091 0.05
0.7567551723633044 0.223286090774091 0.07500000000000001
0.7289952040874836 0.2338689688518229 0.025
0.7289952040874836 0.2338689688518229 0.05
0.7289952040874836 0.2338689688518229 0.07500000000000001
0.6435252178473994 0.3773685231168282 0.025
0.6435252178473994 0.3773685231168282 0.05
0.6435252178473994 0.3773685231168282 0.07500000000000001
0.7486831313872061 0.6988983788138635 0.025
0.7486831313872061 0.6988983788138635 0.05
0.7486831313872061 0.6988983788138635 0.07500000000000001
0.7849117271911337 0.7121332773857993 0.025
0.7849117271911337 0.7121332773857993 0.05
0.7849117271911337 0.7121332773857993 0.07500000000000001
0.7721939945013326 0.6863272374641564 0.025
0.7721939945013326 0.6863272374641564 0.05
0.7721939945013326 0.6863272374641564 0.07500000000000001
0.7977073258427226 0.6753165955357688 0.025
0.7977073258427226 0.6753165955357688 0.05
0.7977073258427226 0.6753165955357688 0.07500000000000001
0.7840440730557108 0.6484545417928823 0.025
0.7840440730557108 0.6484545417928823 0.05
0.7840440730557108 0.6484545417928823 0.07500000000000001
0.8081532026165459 0.6368144946548813 0.025
0.8081532026165459 0.6368144946548813 0.05
0.8081532026165459 0.6368144946548813 0.07500000000000001
0.8237806456639332 0.6629748710678089 0.025
0.8237806456639332 0.6629748710678089 0.05
0.8237806456639332 0.6629748710678089 0.07500000000000001
0.2538057119487075 0.8522555173405703 0.025
0.2538057119487075 0.8522555173405703 0.05
0.2538057119487075 0.8522555173405703 0.07500000000000001
0.2812779864262641 0.8529372253795182 0.025
0.2812779864262641 0.8529372253795182 0.05
0.2812779864262641 0.8529372253795182 0.07500000000000001
0.2282392873326477 0.8514827934400717 0.025
0.2282392873326477 0.8514827934400717 0.05
0.2282392873326477 0.8514827934400717 0.07500000000000001
0.7975679343122235 0.8496902400156837 0.025
0.7975679343122235 0.8496902400156837 0.05
0.7975679343122235 0.8496902400156837 0.07500000000000001
0.7367744551711358 0.4623376344743618 0.025
0.7367744551711358 0.4623376344743618 0.05
0.7367744551711358 0.4623376344743618 0.07500000000000001
0.1322881351016183 0.7644909956951477 0.025
0.1322881351016183 0.7644909956951477 0.05
0.1322881351016183 0.7644909956951477 0.07500000000000001
0.5692298656582152 0.8584680844934468 0.025
0.5692298656582152 0.8584680844934468 0.05
0.5692298656582152 0.8584680844934468 0.07500000000000001
0.5459587938600128 0.8575632240389952 0.025
0.5459587938600128 0.8575632240389952 0.05
0.5459587938600128 0.8575632240389952 0.07500000000000001
0.5849553242747882 0.8589978413486559 0.025
0.5849553242747882 0.8589978413486559 0.05
0.5849553242747882 0.8589978413486559 0.07500000000000001
0.5247463382884429 0.8326778956322376 0.025
0.5247463382884429 0.8326778956322376 0.05
0.5247463382884429 0.8326778956322376 0.07500000000000001
0.5197354793497062 0.8567912609048097 0.025
0.5197354793497062 0.8567912609048097 0.05
0.5197354793497062 0.8567912609048097 0.07500000000000001
0.497959717814853 0.8307571531000656 0.025
0.497959717814853 0.8307571531000656 0.05
0.497959717814853 0.8307571531000656 0.07500000000000001
0.4918236124332319 0.8556143221695992 0.025
0.4918236124332319 0.8556143221695992 0.05
0.4918236124332319 0.8556143221695992 0.07500000000000001
0.4716036793224711 0.8279085820178674 0.025
0.4716036793224711 0.8279085820178674 0.05
0.4716036793224711 0.8279085820178674 0.07500000000000001
0.4638653783357616 0.8525116454998509 0.025
0.4638653783357616 0.8525116454998509 0.05
0.4638653783357616 0.8525116454998509 0.07500000000000001
0.1398722213843435 0.7938374059175408 0.025
0.1398722213843435 0.7938374059175408 0.05
0.1398722213843435 0.7938374059175408 0.07500000000000001
0.1513316972645604 0.8298991042456108 0.025
0.1513316972645604 0.8298991042456108 0.05
0.1513316972645604 0.8298991042456108 0.07500000000000001
0.1664602139300145 0.1157873497757439 0.025
0.1664602139300145 0.1157873497757439 0.05
0.1664602139300145 0.1157873497757439 0.07500000000000001
0.7285355104360487 0.8181860797738868 0.025
0.7285355104360487 0.8181860797738868 0.05
0.7285355104360487 0.8181860797738868 0.07500000000000001
0.8240719992782448 0.49330275737559 0.025
0.8240719992782448 0.49330275737559 0.05
0.8240719992782448 0.49330275737559 0.07500000000000001
0.1280813806111435 0.5567237167264236 0.025
0.1280813806111435 0.5567237167264236 0.05
0.1280813806111435 0.5567237167264236 0.07500000000000001
0.1428085138342471 0.528584065044625 0.025
0.1428085138342471 0.528584065044625 0.05
0.1428085138342471 0.528584065044625 0.07500000000000001
0.1641051735641724 0.5208145770548898 0.025
0.1641051735641724 0.5208145770548898 0.05
0.1641051735641724 0.5208145770548898 0.07500000000000001
0.1546236001797614 0.5056321725777633 0.025
0.1546236001797614 0.5056321725777633 0.05
0.1546236001797614 0.5056321725777633 0.07500000000000001
0.1366493622546839 0.5067487291312829 0.025
0.1366493622546839 0.5067487291312829 0.05
0.1366493622546839 0.5067487291312829 0.07500000000000001
0.1355693584643442 0.4850872935267233 0.025
0.1355693584643442 0.4850872935267233 0.05
0.1355693584643442 0.4850872935267233 0.07500000000000001
0.8045968843865403 0.3996520214222399 0.025
0.8045968843865403 0.3996520214222399 0.05
0.8045968843865403 0.3996520214222399 0.07500000000000001
0.6050598272773207 0.6629627359670738 0.025
0.6050598272773207 0.6629627359670738 0.05
0.6050598272773207 0.6629627359670738 0.07500000000000001
0.4950118874737719 0.4343086664346469 0.025
0.4950118874737719 0.4343086664346469 0.05
0.4950118874737719 0.4343086664346469 0.07500000000000001
0.1383517029659372 0.6008125182229049 0.025
0.1383517029659372 0.6008125182229049 0.05
0.1383517029659372 0.6008125182229049 0.07500000000000001
0.4466745247756956 0.82231471347578 0.025
0.4466745247756956 0.82231471347578 0.05
0.4466745247756956 0.82231471347578 0.07500000000000001
0.4366985327757529 0.8473370309742299 0.025
0.4366985327757529 0.8473370309742299 0.05
0.4366985327757529 0.8473370309742299 0.07500000000000001
0.7450792840685077 0.8401871326994558 0.025
0.7450792840685077 0.8401871326994558 0.05
0.7450792840685077 0.8401871326994558 0.07500000000000001
0.7088746657867262 0.8331281030078039 0.025
0.7088746657867262 0.8331281030078039 0.05
0.7088746657867262 0.8331281030078039 0.07500000000000001
0.7444833862380525 0.2024786129630518 0.025
0.7444833862380525 0.2024786129630518 0.05
0.7444833862380525 0.2024786129630518 0.07500000000000001
0.7214785134074511 0.2047348004591399 0.025
0.7214785134074511 0.2047348004591399 0.05
0.7214785134074511 0.2047348004591399 0.07500000000000001
0.7827450980559709 0.2058553592301103 0.025
0.7827450980559709 0.2058553592301103 0.05
0.7827450980559709 0.2058553592301103 0.07500000000000001
0.1377655527694742 0.2296796484977249 0.025
0.1377655527694742 0.2296796484977249 0.05
0.1377655527694742 0.2296796484977249 0.07500000000000001
0.4830932948860852 0.1821373483890291 0.025
0.4830932948860852 0.1821373483890291 0.05
0.4830932948860852 0.1821373483890291 0.07500000000000001
0.5186104524228802 0.1794847715144037 0.025
0.5186104524228802 0.1794847715144037 0.05
0.5186104524228802 0.1794847715144037 0.07500000000000001
0.417954879594485 0.5387582546372826 0.025
0.417954879594485 0.5387582546372826 0.05
0.417954879594485 0.5387582546372826 0.07500000000000001
0.3016165608404107 0.8324378401593888 0.025
0.3016165608404107 0.8324378401593888 0.05
0.3016165608404107 0.8324378401593888 0.07500000000000001
0.3115883006908603 0.8517960234201918 0.025
0.3115883006908603 0.8517960234201918 0.05
0.3115883006908603 0.8517960234201918 0.07500000000000001
0.8461971554095956 0.8049556330059578 0.025
0.8461971554095956 0.8049556330059578 0.05
0.8461971554095956 0.8049556330059578 0.07500000000000001
0.2358953629884053 0.6014366409123828 0.025
0.2358953629884053 0.6014366409123828 0.05
0.2358953629884053 0.6014366409123828 0.07500000000000001
0.329019800516286 0.8341361215379425 0.025
0.329019800516286 0.8341361215379425 0.05
0.329019800516286 0.8341361215379425 0.07500000000000001
0.3117091998727139 0.3993789159009884 0.025
0.3117091998727139 0.3993789159009884 0.05
0.3117091998727139 0.3993789159009884 0.07500000000000001
0.8725425478249254 0.8417494976327842 0.025
0.8725425478249254 0.8417494976327842 0.05
0.8725425478249254 0.8417494976327842 0.07500000000000001
0.8486456738645872 0.865424296376254 0.025
0.8486456738645872 0.865424296376254 0.05
0.8486456738645872 0.865424296376254 0.07500000000000001
0.4176907195920453 0.1624105852203319 0.025
0.4176907195920453 0.1624105852203319 0.05
0.4176907195920453 0.1624105852203319 0.07500000000000001
0.3420675638792652 0.2191353990002897 0.025
0.3420675638792652 0.2191353990002897 0.05
0.3420675638792652 0.2191353990002897 0.07500000000000001
0.3243887968271817 0.184657911646797 0.025
0.3243887968271817 0.184657911646797 0.05
0.3243887968271817 0.184657911646797 0.07500000000000001
0.348682511590394 0.1612483549807234 0.025
0.348682511590394 0.1612483549807234 0.05
0.348682511590394 0.1612483549807234 0.07500000000000001
0.3296586583920361 0.159209864383942 0.025
0.3296586583920361 0.159209864383942 0.05
0.3296586583920361 0.159209864383942 0.07500000000000001
0.3626756786803483 0.2345408082258492 0.025
0.3626756786803483 0.2345408082258492 0.05
0.3626756786803483 0.2345408082258492 0.07500000000000001
0.4288953969559001 0.8720115795085963 0.025
0.4288953969559001 0.8720115795085963 0.05
0.4288953969559001 0.8720115795085963 0.07500000000000001
0.403916541406073 0.8685833254278919 0.025
0.403916541406073 0.8685833254278919 0.05
0.403916541406073 0.8685833254278919 0.07500000000000001
0.8514498669592753 0.6482361870574447 0.025
0.8514498669592753 0.6482361870574447 0.05
0.8514498669592753 0.6482361870574447 0.07500000000000001
0.7233877666057896 0.8580086282667074 0.025
0.7233877666057896 0.8580086282667074 0.05
0.7233877666057896 0.8580086282667074 0.07500000000000001
0.6990053025438187 0.8616026758690732 0.025
0.6990053025438187 0.8616026758690732 0.05
0.6990053025438187 0.8616026758690732 0.07500000000000001
0.2541936054116106 0.8748462534058177 0.025
0.2541936054116106 0.8748462534058177 0.05
0.2541936054116106 0.8748462534058177 0.07500000000000001
0.2275073225452991 0.8728488795029373 0.025
0.2275073225452991 0.8728488795029373 0.05
0.2275073225452991 0.8728488795029373 0.07500000000000001
0.8603749170218906 0.6732740146807989 0.025
0.8603749170218906 0.6732740146807989 0.05
0.8603749170218906 0.6732740146807989 0.07500000000000001
0.7964239639241792 0.6185479401764311 0.025
0.7964239639241792 0.6185479401764311 0.05
0.7964239639241792 0.6185479401764311 0.07500000000000001
0.7752301080211076 0.6216147681064669 0.025
0.7752301080211076 0.6216147681064669 0.05
0.7752301080211076 0.6216147681064669 0.07500000000000001
0.1212691527699242 0.8172954434850013 0.025
0.1212691527699242 0.8172954434850013 0.05
0.1212691527699242 0.8172954434850013 0.07500000000000001
0.1354089715408164 0.8462597027986445 0.025
0.1354089715408164 0.8462597027986445 0.05
0.1354089715408164 0.8462597027986445 0.07500000000000001
0.4811278332013236 0.8040563930568323 0.025
0.4811278332013236 0.8040563930568323 0.05
0.4811278332013236 0.8040563930568323 0.07500000000000001
0.1223782624456237 0.1707675327327958 0.025
0.1223782624456237 0.1707675327327958 0.05
0.1223782624456237 0.1707675327327958 0.07500000000000001
0.5710661501320503 0.8791208955979585 0.025
0.5710661501320503 0.8791208955979585 0.05
0.5710661501320503 0.8791208955979585 0.07500000000000001
0.5912060844806011 0.8724530960145577 0.025
0.5912060844806011 0.8724530960145577 0.05
0.5912060844806011 0.8724530960145577 0.07500000000000001
0.5194319212095826 0.8811577789006404 0.025
0.5194319212095826 0.8811577789006404 0.05
0.5194319212095826 0.8811577789006404 0.07500000000000001
0.2932895611353257 0.5209939465924005 0.025
0.2932895611353257 0.5209939465924005 0.05
0.2932895611353257 0.5209939465924005 0.07500000000000001
0.1385972034880203 0.4632398462988389 0.025
0.1385972034880203 0.4632398462988389 0.05
0.1385972034880203 0.4632398462988389 0.07500000000000001
0.1823570571446621 0.5079890438221596 0.025
0.1823570571446621 0.5079890438221596 0.05
0.1823570571446621 0.5079890438221596 0.07500000000000001
0.5031529694259285 0.145835645853776 0.025
0.5031529694259285 0.145835645853776 0.05
0.5031529694259285 0.145835645853776 0.07500000000000001
0.5408464000944087 0.1594027088327797 0.025
0.5408464000944087 0.1594027088327797 0.05
0.5408464000944087 0.1594027088327797 0.07500000000000001
0.5522400173800773 0.2002910280102238 0.025
0.5522400173800773 0.2002910280102238 0.05
0.5522400173800773 0.2002910280102238 0.07500000000000001
0.5719619573349094 0.1681517827663633 0.025
0.5719619573349094 0.1681517827663633 0.05
0.5719619573349094 0.1681517827663633 0.07500000000000001
0.3089674810395738 0.8786792568448208 0.025
0.3089674810395738 0.8786792568448208 0.05
0.3089674810395738 0.8786792568448208 0.07500000000000001
0.8513829949632992 0.4657047443843403 0.025
0.8513829949632992 0.4657047443843403 0.05
0.8513829949632992 0.4657047443843403 0.07500000000000001
0.1176493889444579 0.8444700345077266 0.025
0.1176493889444579 0.8444700345077266 0.05
0.1176493889444579 0.8444700345077266 0.07500000000000001
0.1183926870118999 0.8666940146723259 0.025
0.1183926870118999 0.8666940146723259 0.05
0.1183926870118999 0.8666940146723259 0.07500000000000001
0.8872409349426955 0.8686864393303124 0.025
0.8872409349426955 0.8686864393303124 0.05
0.8872409349426955 0.8686864393303124 0.07500000000000001
0.86565717857594 0.8820621481597513 0.025
0.86565717857594 0.8820621481597513 0.05
0.86565717857594 0.8820621481597513 0.07500000000000001
0.1106241361015521 0.7998684058105093 0.025
0.1106241361015521 0.7998684058105093 0.05
0.1106241361015521 0.7998684058105093 0.07500000000000001
0.7193688491943937 0.1737303114367815 0.025
0.7193688491943937 0.1737303114367815 0.05
0.7193688491943937 0.1737303114367815 0.07500000000000001
0.2986263250997381 0.1822983624244094 0.025
0.2986263250997381 0.1822983624244094 0.05
0.2986263250997381 0.1822983624244094 0.07500000000000001
0.3034269611471119 0.1573626838823116 0.025
0.3034269611471119 0.1573626838823116 0.05
0.3034269611471119 0.1573626838823116 0.07500000000000001
0.3104124548951317 0.1298282882893596 0.025
0.3104124548951317 0.1298282882893596 0.05
0.3104124548951317 0.1298282882893596 0.07500000000000001
0.2819511817611251 0.126997016931999 0.025
0.2819511817611251 0.126997016931999 0.05
0.2819511817611251 0.126997016931999 0.07500000000000001
0.146332851575239 0.7435889811606458 0.025
0.146332851575239 0.7435889811606458 0.05
0.146332851575239 0.7435889811606458 0.07500000000000001
0.1251572017912176 0.7347820913048261 0.025
0.1251572017912176 0.7347820913048261 0.05
0.1251572017912176 0.7347820913048261 0.07500000000000001
0.1118381723255601 0.4597885805760371 0.025
0.1118381723255601 0.4597885805760371 0.05
0.1118381723255601 0.4597885805760371 0.07500000000000001
0.1177694941245315 0.437413032121811 0.025
0.1177694941245315 0.437413032121811 0.05
0.1177694941245315 0.437413032121811 0.07500000000000001
0.14368647939455 0.4408674248310276 0.025
0.14368647939455 0.4408674248310276 0.05
0.14368647939455 0.4408674248310276 0.07500000000000001
0.1202808884763556 0.4153978826644998 0.025
0.1202808884763556 0.4153978826644998 0.05
0.1202808884763556 0.4153978826644998 0.07500000000000001
0.2757633174895991 0.5211020601615304 0.025
0.2757633174895991 0.5211020601615304 0.05
0.2757633174895991 0.5211020601615304 0.07500000000000001
0.3334380197978118 0.2388002895776562 0.025
0.3334380197978118 0.2388002895776562 0.05
0.3334380197978118 0.2388002895776562 0.07500000000000001
0.3451519105751372 0.2549750196585501 0.025
0.3451519105751372 0.2549750196585501 0.05
0.3451519105751372 0.2549750196585501 0.07500000000000001
0.5275225024105898 0.5280561508488144 0.025
0.5275225024105898 0.5280561508488144 0.05
0.5275225024105898 0.5280561508488144 0.07500000000000001
0.09603669371417596 0.4141728726354399 0.025
0.09603669371417596 0.4141728726354399 0.05
0.09603669371417596 0.4141728726354399 0.07500000000000001
0.1196550477120022 0.3928780634807998 0.025
0.1196550477120022 0.3928780634807998 0.05
0.1196550477120022 0.3928780634807998 0.07500000000000001
0.8520632322130933 0.5016598665528974 0.025
0.8520632322130933 0.5016598665528974 0.05
0.8520632322130933 0.5016598665528974 0.07500000000000001
0.8502973618952624 0.77965790695502 0.025
0.8502973618952624 0.77965790695502 0.05
0.8502973618952624 0.77965790695502 0.07500000000000001
0.8810868622696877 0.7825124837730382 0.025
0.8810868622696877 0.7825124837730382 0.05
0.8810868622696877 0.7825124837730382 0.07500000000000001
0.2249155614121368 0.8963103952399676 0.025
0.2249155614121368 0.8963103952399676 0.05
0.2249155614121368 0.8963103952399676 0.07500000000000001
0.1986226321916935 0.8938325473684771 0.025
0.1986226321916935 0.8938325473684771 0.05
0.1986226321916935 0.8938325473684771 0.07500000000000001
0.09478969123717441 0.8673144904748646 0.025
0.09478969123717441 0.8673144904748646 0.05
0.09478969123717441 0.8673144904748646 0.07500000000000001
0.09624140465989828 0.8891784527979307 0.025
0.09624140465989828 0.8891784527979307 0.05
0.09624140465989828 0.8891784527979307 0.07500000000000001
0.1101492322847391 0.5095077553936059 0.025
0.1101492322847391 0.5095077553936059 0.05
0.1101492322847391 0.5095077553936059 0.07500000000000001
0.5930212723837344 0.1926904031422604 0.025
0.5930212723837344 0.1926904031422604 0.05
0.5930212723837344 0.1926904031422604 0.07500000000000001
0.6093554471633741 0.1577819992770138 0.025
0.6093554471633741 0.1577819992770138 0.05
0.6093554471633741 0.1577819992770138 0.07500000000000001
0.8941076799230012 0.8852380501509098 0.025
0.8941076799230012 0.8852380501509098 0.05
0.8941076799230012 0.8852380501509098 0.07500000000000001
0.7117224906875013 0.8865701610709171 0.025
0.7117224906875013 0.8865701610709171 0.05
0.7117224906875013 0.8865701610709171 0.07500000000000001
0.7387309252913807 0.8934855207117235 0.025
0.7387309252913807 0.8934855207117235 0.05
0.7387309252913807 0.8934855207117235 0.07500000000000001
0.6882669739027711 0.8779301720229157 0.025
0.6882669739027711 0.8779301720229157 0.05
0.6882669739027711 0.8779301720229157 0.07500000000000001
0.671079164631341 0.8630007523797928 0.025
0.671079164631341 0.8630007523797928 0.05
0.671079164631341 0.8630007523797928 0.07500000000000001
0.1202397153295102 0.8890445998930463 0.025
0.1202397153295102 0.8890445998930463 0.05
0.1202397153295102 0.8890445998930463 0.07500000000000001
0.4635016902810357 0.2865979669729641 0.025
0.4635016902810357 0.2865979669729641 0.05
0.4635016902810357 0.2865979669729641 0.07500000000000001
0.8303041606010925 0.5306303730507831 0.025
0.8303041606010925 0.5306303730507831 0.05
0.8303041606010925 0.5306303730507831 0.07500000000000001
0.8855376195807756 0.650954176243091 0.025
0.8855376195807756 0.650954176243091 0.05
0.8855376195807756 0.650954176243091 0.07500000000000001
0.8662683805915619 0.6233310610975942 0.025
0.8662683805915619 0.6233310610975942 0.05
0.8662683805915619 0.6233310610975942 0.07500000000000001
0.1755129774408935 0.6680060924747228 0.025
0.1755129774408935 0.6680060924747228 0.05
0.1755129774408935 0.6680060924747228 0.07500000000000001
0.3200534893062431 0.5224017955330534 0.025
0.3200534893062431 0.5224017955330534 0.05
0.3200534893062431 0.5224017955330534 0.07500000000000001
0.3004781690404879 0.5381074726683933 0.025
0.3004781690404879 0.5381074726683933 0.05
0.3004781690404879 0.5381074726683933 0.07500000000000001
0.3433048047229917 0.6618584830751189 0.025
0.3433048047229917 0.6618584830751189 0.05
0.3433048047229917 0.6618584830751189 0.07500000000000001
0.5771151408277704 0.9015656100180339 0.025
0.5771151408277704 0.9015656100180339 0.05
0.5771151408277704 0.9015656100180339 0.07500000000000001
0.5999721103423281 0.8928059255195847 0.025
0.5999721103423281 0.8928059255195847 0.05
0.5999721103423281 0.8928059255195847 0.07500000000000001
0.5326403394088852 0.6143917420617332 0.025
0.5326403394088852 0.6143917420617332 0.05
0.5326403394088852 0.6143917420617332 0.07500000000000001
0.1462152091689232 0.4174525974856788 0.025
0.1462152091689232 0.4174525974856788 0.05
0.1462152091689232 0.4174525974856788 0.07500000000000001
0.420199577831503 0.8942823518076313 0.025
0.420199577831503 0.8942823518076313 0.05
0.420199577831503 0.8942823518076313 0.07500000000000001
0.3969283221597899 0.8886374777869037 0.025
0.3969283221597899 0.8886374777869037 0.05
0.3969283221597899 0.8886374777869037 0.07500000000000001
0.4451743263428031 0.9000951110767504 0.025
0.4451743263428031 0.9000951110767504 0.05
0.4451743263428031 0.9000951110767504 0.07500000000000001
0.2869398061936227 0.7751200233432407 0.025
0.2869398061936227 0.7751200233432407 0.05
0.2869398061936227 0.7751200233432407 0.07500000000000001
0.3360332976331655 0.547368946450748 0.025
0.3360332976331655 0.547368946450748 0.05
0.3360332976331655 0.547368946450748 0.07500000000000001
0.3895628961253156 0.4303188813643097 0.025
0.3895628961253156 0.4303188813643097 0.05
0.3895628961253156 0.4303188813643097 0.07500000000000001
0.5690440962316725 0.3769032972514912 0.025
0.5690440962316725 0.3769032972514912 0.05
0.5690440962316725 0.3769032972514912 0.07500000000000001
0.172672647865027 0.4489008792280729 0.025
0.172672647865027 0.4489008792280729 0.05
0.172672647865027 0.4489008792280729 0.07500000000000001
0.2013245780808091 0.5285802787699548 0.025
0.2013245780808091 0.5285802787699548 0.05
0.2013245780808091 0.5285802787699548 0.07500000000000001
0.9133589734210124 0.8650599188985381 0.025
0.9133589734210124 0.8650599188985381 0.05
0.9133589734210124 0.8650599188985381 0.07500000000000001
0.2482299729600878 0.4989919664642699 0.025
0.2482299729600878 0.4989919664642699 0.05
0.2482299729600878 0.4989919664642699 0.07500000000000001
0.7937961172982624 0.2861999103303963 0.025
0.7937961172982624 0.2861999103303963 0.05
0.7937961172982624 0.2861999103303963 0.07500000000000001
0.8308963768357455 0.2675998748228327 0.025
0.8308963768357455 0.2675998748228327 0.05
0.8308963768357455 0.2675998748228327 0.07500000000000001
0.8404961203533442 0.300042034857137 0.025
0.8404961203533442 0.300042034857137 0.05
0.8404961203533442 0.300042034857137 0.07500000000000001
0.3105734604178605 0.5683813834127983 0.025
0.3105734604178605 0.5683813834127983 0.05
0.3105734604178605 0.5683813834127983 0.07500000000000001
0.5272900342674992 0.2759003064141527 0.025
0.5272900342674992 0.2759003064141527 0.05
0.5272900342674992 0.2759003064141527 0.07500000000000001
0.3053631528362375 0.9010809061337877 0.025
0.3053631528362375 0.9010809061337877 0.05
0.3053631528362375 0.9010809061337877 0.07500000000000001
0.09479033989775268 0.1378725780507462 0.025
0.09479033989775268 0.1378725780507462 0.05
0.09479033989775268 0.1378725780507462 0.07500000000000001
0.4238314117607381 0.8123945242601998 0.025
0.4238314117607381 0.8123945242601998 0.05
0.4238314117607381 0.8123945242601998 0.07500000000000001
0.2796684095168582 0.1813504761542203 0.025
0.2796684095168582 0.1813504761542203 0.05
0.2796684095168582 0.1813504761542203 0.07500000000000001
0.287773040986854 0.1005524847094694 0.025
0.287773040986854 0.1005524847094694 0.05
0.287773040986854 0.1005524847094694 0.07500000000000001
0.2683481373833699 0.1011965808080059 0.025
0.2683481373833699 0.1011965808080059 0.05
0.2683481373833699 0.1011965808080059 0.07500000000000001
0.3206747653996553 0.0966905485094658 0.025
0.3206747653996553 0.0966905485094658 0.05
0.3206747653996553 0.0966905485094658 0.07500000000000001
0.09484727591021389 0.3927520377797811 0.025
0.09484727591021389 0.3927520377797811 0.05
0.09484727591021389 0.3927520377797811 0.07500000000000001
0.1182999664955158 0.3701656077478588 0.025
0.1182999664955158 0.3701656077478588 0.05
0.1182999664955158 0.3701656077478588 0.07500000000000001
0.120695848406066 0.9107712978235183 0.025
0.120695848406066 0.9107712978235183 0.05
0.120695848406066 0.9107712978235183 0.07500000000000001
0.1392185222387288 0.9100250026874532 0.025
0.1392185222387288 0.9100250026874532 0.05
0.1392185222387288 0.9100250026874532 0.07500000000000001
0.07459729819854423 0.4151646579075571 0.025
0.07459729819854423 0.4151646579075571 0.05
0.07459729819854423 0.4151646579075571 0.07500000000000001
0.5316390537923192 0.136616149832217 0.025
0.5316390537923192 0.136616149832217 0.05
0.5316390537923192 0.136616149832217 0.07500000000000001
0.4888776720821491 0.1177222614605572 0.025
0.4888776720821491 0.1177222614605572 0.05
0.4888776720821491 0.1177222614605572 0.07500000000000001
0.7733796163706073 0.5941936622668601 0.025
0.7733796163706073 0.5941936622668601 0.05
0.7733796163706073 0.5941936622668601 0.07500000000000001
0.742127764032385 0.5932997822852581 0.025
0.742127764032385 0.5932997822852581 0.05
0.742127764032385 0.5932997822852581 0.07500000000000001
0.8747203672226197 0.5329895745516416 0.025
0.8747203672226197 0.5329895745516416 0.05
0.8747203672226197 0.5329895745516416 0.07500000000000001
0.8831295039457182 0.6765591887292108 0.025
0.8831295039457182 0.6765591887292108 0.05
0.8831295039457182 0.6765591887292108 0.07500000000000001
0.3255228071624466 0.2724239103094662 0.025
0.3255228071624466 0.2724239103094662 0.05
0.3255228071624466 0.2724239103094662 0.07500000000000001
0.341649690141802 0.2972991333736886 0.025
0.341649690141802 0.2972991333736886 0.05
0.341649690141802 0.2972991333736886 0.07500000000000001
0.3626538501054959 0.2784668703173724 0.025
0.3626538501054959 0.2784668703173724 0.05
0.3626538501054959 0.2784668703173724 0.07500000000000001
0.35746708698859 0.3238065282002113 0.025
0.35746708698859 0.3238065282002113 0.05
0.35746708698859 0.3238065282002113 0.07500000000000001
0.3864315010937865 0.3070677762749187 0.025
0.3864315010937865 0.3070677762749187 0.05
0.3864315010937865 0.3070677762749187 0.07500000000000001
0.3711700306252023 0.3505381250879593 0.025
0.3711700306252023 0.3505381250879593 0.05
0.3711700306252023 0.3505381250879593 0.07500000000000001
0.09594793952633135 0.9105480471689472 0.025
0.09594793952633135 0.9105480471689472 0.05
0.09594793952633135 0.9105480471689472 0.07500000000000001
0.09327179738786723 0.3702778494562537 0.025
0.09327179738786723 0.3702778494562537 0.05
0.09327179738786723 0.3702778494562537 0.07500000000000001
0.09199947793340932 0.3474529427636939 0.025
0.09199947793340932 0.3474529427636939 0.05
0.09199947793340932 0.3474529427636939 0.07500000000000001
0.1175961912777426 0.3473706431119625 0.025
0.1175961912777426 0.3473706431119625 0.05
0.1175961912777426 0.3473706431119625 0.07500000000000001
0.1167632700351997 0.3240540960607106 0.025
0.1167632700351997 0.3240540960607106 0.05
0.1167632700351997 0.3240540960607106 0.07500000000000001
0.8815475855361058 0.8989069989425343 0.025
0.8815475855361058 0.8989069989425343 0.05
0.8815475855361058 0.8989069989425343 0.07500000000000001
0.8416505127975831 0.9011348008844812 0.025
0.8416505127975831 0.9011348008844812 0.05
0.8416505127975831 0.9011348008844812 0.07500000000000001
0.8989710217798886 0.9138052503950657 0.025
0.8989710217798886 0.9138052503950657 0.05
0.8989710217798886 0.9138052503950657 0.07500000000000001
0.3513316638594958 0.5734893052917255 0.025
0.3513316638594958 0.5734893052917255 0.05
0.3513316638594958 0.5734893052917255 0.07500000000000001
0.3320118773961634 0.5922902500619545 0.025
0.3320118773961634 0.5922902500619545 0.05
0.3320118773961634 0.5922902500619545 0.07500000000000001
0.6022672925081665 0.1198424992871048 0.025
0.6022672925081665 0.1198424992871048 0.05
0.6022672925081665 0.1198424992871048 0.07500000000000001
0.6333852447723156 0.1274173423163783 0.025
0.6333852447723156 0.1274173423163783 0.05
0.6333852447723156 0.1274173423163783 0.07500000000000001
0.4038613242700889 0.7996108876844411 0.025
0.4038613242700889 0.7996108876844411 0.05
0.4038613242700889 0.7996108876844411 0.07500000000000001
0.8714455349124167 0.2723713424479325 0.025
0.8714455349124167 0.2723713424479325 0.05
0.8714455349124167 0.2723713424479325 0.07500000000000001
0.8675666583169788 0.304779253163157 0.025
0.8675666583169788 0.304779253163157 0.05
0.8675666583169788 0.304779253163157 0.07500000000000001
0.6615780920861895 0.8052072450506503 0.025
0.6615780920861895 0.8052072450506503 0.05
0.6615780920861895 0.8052072450506503 0.07500000000000001
0.1389149652843409 0.7121453853733902 0.025
0.1389149652843409 0.7121453853733902 0.05
0.1389149652843409 0.7121453853733902 0.07500000000000001
0.1166385991207527 0.7034742620997423 0.025
0.1166385991207527 0.7034742620997423 0.05
0.1166385991207527 0.7034742620997423 0.07500000000000001
0.1036404650598755 0.7257340983569686 0.025
0.1036404650598755 0.7257340983569686 0.05
0.1036404650598755 0.7257340983569686 0.07500000000000001
0.08312974671514008 0.7159175269013174 0.025
0.08312974671514008 0.7159175269013174 0.05
0.08312974671514008 0.7159175269013174 0.07500000000000001
0.09621973818772915 0.6934856080552974 0.025
0.09621973818772915 0.6934856080552974 0.05
0.09621973818772915 0.6934856080552974 0.07500000000000001
0.2583967254886643 0.1186934370709048 0.025
0.2583967254886643 0.1186934370709048 0.05
0.2583967254886643 0.1186934370709048 0.07500000000000001
0.2388347714008312 0.105028587824095 0.025
0.2388347714008312 0.105028587824095 0.05
0.2388347714008312 0.105028587824095 0.07500000000000001
0.1933498647560108 0.7357637365542014 0.025
0.1933498647560108 0.7357637365542014 0.05
0.1933498647560108 0.7357637365542014 0.07500000000000001
0.1987364352466653 0.8670779106398072 0.025
0.1987364352466653 0.8670779106398072 0.05
0.1987364352466653 0.8670779106398072 0.07500000000000001
0.5730179246181966 0.7368749065900502 0.025
0.5730179246181966 0.7368749065900502 0.05
0.5730179246181966 0.7368749065900502 0.07500000000000001
0.5506523238445655 0.7309891543097456 0.025
0.5506523238445655 0.7309891543097456 0.05
0.5506523238445655 0.7309891543097456 0.07500000000000001
0.1305237188687933 0.06774372882212369 0.025
0.1305237188687933 0.06774372882212369 0.05
0.1305237188687933 0.06774372882212369 0.07500000000000001
0.873441863325387 0.4665644807053849 0.025
0.873441863325387 0.4665644807053849 0.05
0.873441863325387 0.4665644807053849 0.07500000000000001
0.3280112163191153 0.907219623348106 0.025
0.3280112163191153 0.907219623348106 0.05
0.3280112163191153 0.907219623348106 0.07500000000000001
0.5377288671426058 0.7525365185337214 0.025
0.5377288671426058 0.7525365185337214 0.05
0.5377288671426058 0.7525365185337214 0.07500000000000001
0.5169946049181474 0.7444183810639636 0.025
0.5169946049181474 0.7444183810639636 0.05
0.5169946049181474 0.7444183810639636 0.07500000000000001
0.5290146861577197 0.7227896018098048 0.025
0.5290146861577197 0.7227896018098048 0.05
0.5290146861577197 0.7227896018098048 0.07500000000000001
0.3866978845763998 0.8670682092694579 0.025
0.3866978845763998 0.8670682092694579 0.05
0.3866978845763998 0.8670682092694579 0.07500000000000001
0.6984122251860825 0.9108295716712221 0.025
0.6984122251860825 0.9108295716712221 0.05
0.6984122251860825 0.9108295716712221 0.07500000000000001
0.6980005618546093 0.2397399319457128 0.025
0.6980005618546093 0.2397399319457128 0.05
0.6980005618546093 0.2397399319457128 0.07500000000000001
0.8508647611766417 0.7544850629939913 0.025
0.8508647611766417 0.7544850629939913 0.05
0.8508647611766417 0.7544850629939913 0.07500000000000001
0.8813989460779788 0.7564091342358877 0.025
0.8813989460779788 0.7564091342358877 0.05
0.8813989460779788 0.7564091342358877 0.07500000000000001
0.9131297457408247 0.7862440498018987 0.025
0.9131297457408247 0.7862440498018987 0.05
0.9131297457408247 0.7862440498018987 0.07500000000000001
0.4325711326886844 0.9215306538470273 0.025
0.4325711326886844 0.9215306538470273 0.05
0.4325711326886844 0.9215306538470273 0.07500000000000001
0.4557225616078507 0.9302051086808967 0.025
0.4557225616078507 0.9302051086808967 0.05
0.4557225616078507 0.9302051086808967 0.07500000000000001
0.5054631950930346 0.7155492746200761 0.025
0.5054631950930346 0.7155492746200761 0.05
0.5054631950930346 0.7155492746200761 0.07500000000000001
0.5145393025024662 0.6921258156550669 0.025
0.5145393025024662 0.6921258156550669 0.05
0.5145393025024662 0.6921258156550669 0.07500000000000001
0.4950795665562869 0.7389920638936062 0.025
0.4950795665562869 0.7389920638936062 0.05
0.4950795665562869 0.7389920638936062 0.07500000000000001
0.6684237136659437 0.9034639296275264 0.025
0.6684237136659437 0.9034639296275264 0.05
0.6684237136659437 0.9034639296275264 0.07500000000000001
0.09345263182860945 0.8448248314906013 0.025
0.09345263182860945 0.8448248314906013 0.05
0.09345263182860945 0.8448248314906013 0.07500000000000001
0.07216035811586183 0.8693403928475741 0.025
0.07216035811586183 0.8693403928475741 0.05
0.07216035811586183 0.8693403928475741 0.07500000000000001
0.8236182243275335 0.7538122308227202 0.025
0.8236182243275335 0.7538122308227202 0.05
0.8236182243275335 0.7538122308227202 0.07500000000000001
0.7350813506861248 0.6748563209354111 0.025
0.7350813506861248 0.6748563209354111 0.05
0.7350813506861248 0.6748563209354111 0.07500000000000001
0.09056086039209985 0.3244484844915163 0.025
0.09056086039209985 0.3244484844915163 0.05
0.09056086039209985 0.3244484844915163 0.07500000000000001
0.08747878132114109 0.3013555404246677 0.025
0.08747878132114109 0.3013555404246677 0.05
0.08747878132114109 0.3013555404246677 0.07500000000000001
0.281290745878128 0.5691137770857456 0.025
0.281290745878128 0.5691137770857456 0.05
0.281290745878128 0.5691137770857456 0.07500000000000001
0.1207909050917256 0.932318671480295 0.025
0.1207909050917256 0.932318671480295 0.05
0.1207909050917256 0.932318671480295 0.07500000000000001
0.6078073637320334 0.859728220580525 0.025
0.6078073637320334 0.859728220580525 0.05
0.6078073637320334 0.859728220580525 0.07500000000000001
0.8885042676839677 0.6245571468466995 0.025
0.8885042676839677 0.6245571468466995 0.05
0.8885042676839677 0.6245571468466995 0.07500000000000001
0.2204513665681649 0.9245583577811707 0.025
0.2204513665681649 0.9245583577811707 0.05
0.2204513665681649 0.9245583577811707 0.07500000000000001
0.2512270712352846 0.9198912295995676 0.025
0.2512270712352846 0.9198912295995676 0.05
0.2512270712352846 0.9198912295995676 0.07500000000000001
0.8648653173466018 0.9187934275851219 0.025
0.8648653173466018 0.9187934275851219 0.05
0.8648653173466018 0.9187934275851219 0.07500000000000001
0.827958423815887 0.9293921065834112 0.025
0.827958423815887 0.9293921065834112 0.05
0.827958423815887 0.9293921065834112 0.07500000000000001
0.7752614718487574 0.566613015808535 0.025
0.7752614718487574 0.566613015808535 0.05
0.7752614718487574 0.566613015808535 0.07500000000000001
0.7442649330356892 0.5637404820071684 0.025
0.7442649330356892 0.5637404820071684 0.05
0.7442649330356892 0.5637404820071684 0.07500000000000001
0.7097544207586891 0.5907292982726747 0.025
0.7097544207586891 0.5907292982726747 0.05
0.7097544207586891 0.5907292982726747 0.07500000000000001
0.7121109767213207 0.562006133200827 0.025
0.7121109767213207 0.562006133200827 0.05
0.7121109767213207 0.562006133200827 0.07500000000000001
0.7114142935515376 0.5334883717687627 0.025
0.7114142935515376 0.5334883717687627 0.05
0.7114142935515376 0.5334883717687627 0.07500000000000001
0.6802723656656297 0.5329559458427786 0.025
0.6802723656656297 0.5329559458427786 0.05
0.6802723656656297 0.5329559458427786 0.07500000000000001
0.2222454723307622 0.1268732946837162 0.025
0.2222454723307622 0.1268732946837162 0.05
0.2222454723307622 0.1268732946837162 0.07500000000000001
0.1439498715453807 0.3241364300750661 0.025
0.1439498715453807 0.3241364300750661 0.05
0.1439498715453807 0.3241364300750661 0.07500000000000001
0.1733457345586984 0.4195126850567092 0.025
0.1733457345586984 0.4195126850567092 0.05
0.1733457345586984 0.4195126850567092 0.07500000000000001
0.3194292460572375 0.9216253631400831 0.025
0.3194292460572375 0.9216253631400831 0.05
0.3194292460572375 0.9216253631400831 0.07500000000000001
0.349222104821398 0.9176962408477133 0.025
0.349222104821398 0.9176962408477133 0.05
0.349222104821398 0.9176962408477133 0.07500000000000001
0.8919680288142843 0.597066928164866 0.025
0.8919680288142843 0.597066928164866 0.05
0.8919680288142843 0.597066928164866 0.07500000000000001
0.07778691485611056 0.6826690493194805 0.025
0.07778691485611056 0.6826690493194805 0.05
0.07778691485611056 0.6826690493194805 0.07500000000000001
0.08723407047279153 0.6674030878818347 0.025
0.08723407047279153 0.6674030878818347 0.05
0.08723407047279153 0.6674030878818347 0.07500000000000001
0.1439408354845929 0.3478692566717129 0.025
0.1439408354845929 0.3478692566717129 0.05
0.1439408354845929 0.3478692566717129 0.07500000000000001
0.1912789296276878 0.9163224897744153 0.025
0.1912789296276878 0.9163224897744153 0.05
0.1912789296276878 0.9163224897744153 0.07500000000000001
0.06237599462130692 0.3029754000617617 0.025
0.06237599462130692 0.3029754000617617 0.05
0.06237599462130692 0.3029754000617617 0.07500000000000001
0.0821698317516537 0.2784382065026024 0.025
0.0821698317516537 0.2784382065026024 0.05
0.0821698317516537 0.2784382065026024 0.07500000000000001
0.108704746286985 0.2754282425199637 0.025
0.108704746286985 0.2754282425199637 0.05
0.108704746286985 0.2754282425199637 0.07500000000000001
0.100218444639754 0.2526105854386721 0.025
0.100218444639754 0.2526105854386721 0.05
0.100218444639754 0.2526105854386721 0.07500000000000001
0.812916014037295 0.8994559946684078 0.025
0.812916014037295 0.8994559946684078 0.05
0.812916014037295 0.8994559946684078 0.07500000000000001
0.8048719452420081 0.920817917560986 0.025
0.8048719452420081 0.920817917560986 0.05
0.8048719452420081 0.920817917560986 0.07500000000000001
0.3363986905428266 0.340404921983797 0.025
0.3363986905428266 0.340404921983797 0.05
0.3363986905428266 0.340404921983797 0.07500000000000001
0.3091197991992636 0.2450113787379238 0.025
0.3091197991992636 0.2450113787379238 0.05
0.3091197991992636 0.2450113787379238 0.07500000000000001
0.4789633421579368 0.7071674607670027 0.025
0.4789633421579368 0.7071674607670027 0.05
0.4789633421579368 0.7071674607670027 0.07500000000000001
0.5179697378262897 0.1061247046003309 0.025
0.5179697378262897 0.1061247046003309 0.05
0.5179697378262897 0.1061247046003309 0.07500000000000001
0.4724158737262991 0.09236410425464986 0.025
0.4724158737262991 0.09236410425464986 0.05
0.4724158737262991 0.09236410425464986 0.07500000000000001
0.4409311068249845 0.9493509936263587 0.025
0.4409311068249845 0.9493509936263587 0.05
0.4409311068249845 0.9493509936263587 0.07500000000000001
0.1738700247998481 0.8276666670381203 0.025
0.1738700247998481 0.8276666670381203 0.05
0.1738700247998481 0.8276666670381203 0.07500000000000001
0.05742883251260657 0.2809284925223298 0.025
0.05742883251260657 0.2809284925223298 0.05
0.05742883251260657 0.2809284925223298 0.07500000000000001
0.2590642897468665 0.08074103895439198 0.025
0.2590642897468665 0.08074103895439198 0.05
0.2590642897468665 0.08074103895439198 0.07500000000000001
0.2188056452882607 0.09229526868103953 0.025
0.2188056452882607 0.09229526868103953 0.05
0.2188056452882607 0.09229526868103953 0.07500000000000001
0.5487122951265923 0.9098546756617527 0.025
0.5487122951265923 0.9098546756617527 0.05
0.5487122951265923 0.9098546756617527 0.07500000000000001
0.5633624476878167 0.9278708705768097 0.025
0.5633624476878167 0.9278708705768097 0.05
0.5633624476878167 0.9278708705768097 0.07500000000000001
0.534194348441382 0.9321131092148538 0.025
0.534194348441382 0.9321131092148538 0.05
0.534194348441382 0.9321131092148538 0.07500000000000001
0.3015118275570953 0.9208683020021979 0.025
0.3015118275570953 0.9208683020021979 0.05
0.3015118275570953 0.9208683020021979 0.07500000000000001
0.6419128081858586 0.8232355961862335 0.025
0.6419128081858586 0.8232355961862335 0.05
0.6419128081858586 0.8232355961862335 0.07500000000000001
0.2213198376501715 0.6972080727566008 0.025
0.2213198376501715 0.6972080727566008 0.05
0.2213198376501715 0.6972080727566008 0.07500000000000001
0.7948053846589942 0.8980029692607447 0.025
0.7948053846589942 0.8980029692607447 0.05
0.7948053846589942 0.8980029692607447 0.07500000000000001
0.7841125928998735 0.9124594945272868 0.025
0.7841125928998735 0.9124594945272868 0.05
0.7841125928998735 0.9124594945272868 0.07500000000000001
0.3863059938147629 0.8170178974979683 0.025
0.3863059938147629 0.8170178974979683 0.05
0.3863059938147629 0.8170178974979683 0.07500000000000001
0.3767301881319954 0.8032327126044059 0.025
0.3767301881319954 0.8032327126044059 0.05
0.3767301881319954 0.8032327126044059 0.07500000000000001
0.07002852279939226 0.7381796577950072 0.025
0.07002852279939226 0.7381796577950072 0.05
0.07002852279939226 0.7381796577950072 0.07500000000000001
0.08976157628087082 0.7475111785077144 0.025
0.08976157628087082 0.7475111785077144 0.05
0.08976157628087082 0.7475111785077144 0.07500000000000001
0.6788304678651785 0.587717490138551 0.025
0.6788304678651785 0.587717490138551 0.05
0.6788304678651785 0.587717490138551 0.07500000000000001
0.617396861563186 0.1884179700501172 0.025
0.617396861563186 0.1884179700501172 0.05
0.617396861563186 0.1884179700501172 0.07500000000000001
0.6239270965725299 0.2188311198804754 0.025
0.6239270965725299 0.2188311198804754 0.05
0.6239270965725299 0.2188311198804754 0.07500000000000001
0.3954932506536993 0.3407838540554133 0.025
0.3954932506536993 0.3407838540554133 0.05
0.3954932506536993 0.3407838540554133 0.07500000000000001
0.3831697018951142 0.3751742977427156 0.025
0.3831697018951142 0.3751742977427156 0.05
0.3831697018951142 0.3751742977427156 0.07500000000000001
0.1661532691646132 0.7205615365019393 0.025
0.1661532691646132 0.7205615365019393 0.05
0.1661532691646132 0.7205615365019393 0.07500000000000001
0.3129233017049803 0.819569800394199 0.025
0.3129233017049803 0.819569800394199 0.05
0.3129233017049803 0.819569800394199 0.07500000000000001
0.3784149704189709 0.4916978068613967 0.025
0.3784149704189709 0.4916978068613967 0.05
0.3784149704189709 0.4916978068613967 0.07500000000000001
0.8650067408171237 0.3369466736128907 0.025
0.8650067408171237 0.3369466736128907 0.05
0.8650067408171237 0.3369466736128907 0.07500000000000001
0.9002175762516391 0.3415376158257724 0.025
0.9002175762516391 0.3415376158257724 0.05
0.9002175762516391 0.3415376158257724 0.07500000000000001
0.8646835457400215 0.3710935350596104 0.025
0.8646835457400215 0.3710935350596104 0.05
0.8646835457400215 0.3710935350596104 0.07500000000000001
0.1961365127432479 0.4449822363727604 0.025
0.1961365127432479 0.4449822363727604 0.05
0.1961365127432479 0.4449822363727604 0.07500000000000001
0.4397417972924184 0.7888039532439429 0.025
0.4397417972924184 0.7888039532439429 0.05
0.4397417972924184 0.7888039532439429 0.07500000000000001
0.1940667694121057 0.5749523613310179 0.025
0.1940667694121057 0.5749523613310179 0.05
0.1940667694121057 0.5749523613310179 0.07500000000000001
0.4034552137980261 0.2766831972913827 0.025
0.4034552137980261 0.2766831972913827 0.05
0.4034552137980261 0.2766831972913827 0.07500000000000001
0.1713362227216344 0.3946282005827849 0.025
0.1713362227216344 0.3946282005827849 0.05
0.1713362227216344 0.3946282005827849 0.07500000000000001
0.2868123885875367 0.2720712527292958 0.025
0.2868123885875367 0.2720712527292958 0.05
0.2868123885875367 0.2720712527292958 0.07500000000000001
0.2425835655688169 0.1434668451731115 0.025
0.2425835655688169 0.1434668451731115 0.05
0.2425835655688169 0.1434668451731115 0.07500000000000001
0.4828832784546238 0.5099932605316531 0.025
0.4828832784546238 0.5099932605316531 0.05
0.4828832784546238 0.5099932605316531 0.07500000000000001
0.5504833817658998 0.09696890331626162 0.025
0.5504833817658998 0.09696890331626162 0.05
0.5504833817658998 0.09696890331626162 0.07500000000000001
0.8498108353036482 0.9401823987869136 0.025
0.8498108353036482 0.9401823987869136 0.05
0.8498108353036482 0.9401823987869136 0.07500000000000001
0.06201495122515898 0.6686339345511074 0.025
0.06201495122515898 0.6686339345511074 0.05
0.06201495122515898 0.6686339345511074 0.07500000000000001
0.07818234215082473 0.6525648994687084 0.025
0.07818234215082473 0.6525648994687084 0.05
0.07818234215082473 0.6525648994687084 0.07500000000000001
0.09776759633442569 0.640414109185889 0.025
0.09776759633442569 0.640414109185889 0.05
0.09776759633442569 0.640414109185889 0.07500000000000001
0.08634085619836447 0.6171310604087499 0.025
0.08634085619836447 0.6171310604087499 0.05
0.08634085619836447 0.6171310604087499 0.07500000000000001
0.06214371653765978 0.6303691795236274 0.025
0.06214371653765978 0.6303691795236274 0.05
0.06214371653765978 0.6303691795236274 0.07500000000000001
0.07681935893093418 0.6007305989213613 0.025
0.07681935893093418 0.6007305989213613 0.05
0.07681935893093418 0.6007305989213613 0.07500000000000001
0.805758054154842 0.5951243431580133 0.025
0.805758054154842 0.5951243431580133 0.05
0.805758054154842 0.5951243431580133 0.07500000000000001
0.8446319581235717 0.2383844393764866 0.025
0.8446319581235717 0.2383844393764866 0.05
0.8446319581235717 0.2383844393764866 0.07500000000000001
0.8764399623642668 0.2332066809414908 0.025
0.8764399623642668 0.2332066809414908 0.05
0.8764399623642668 0.2332066809414908 0.07500000000000001
0.8574189748547609 0.2004059780686888 0.025
0.8574189748547609 0.2004059780686888 0.05
0.8574189748547609 0.2004059780686888 0.07500000000000001
0.9130134665586792 0.7596138654056441 0.025
0.9130134665586792 0.7596138654056441 0.05
0.9130134665586792 0.7596138654056441 0.07500000000000001
0.3133744641725232 0.06976057195613521 0.025
0.3133744641725232 0.06976057195613521 0.05
0.3133744641725232 0.06976057195613521 0.07500000000000001
0.3408483575728453 0.07882290529666446 0.025
0.3408483575728453 0.07882290529666446 0.05
0.3408483575728453 0.07882290529666446 0.07500000000000001
0.350564698658426 0.1079401760062007 0.025
0.350564698658426 0.1079401760062007 0.05
0.350564698658426 0.1079401760062007 0.07500000000000001
0.3619941093284109 0.0825187863727903 0.025
0.3619941093284109 0.0825187863727903 0.05
0.3619941093284109 0.0825187863727903 0.07500000000000001
0.3767700533553923 0.1205300925045248 0.025
0.3767700533553923 0.1205300925045248 0.05
0.3767700533553923 0.1205300925045248 0.07500000000000001
0.3989991153185175 0.09109743188419958 0.025
0.3989991153185175 0.09109743188419958 0.05
0.3989991153185175 0.09109743188419958 0.07500000000000001
0.3663219701085529 0.595946412222437 0.025
0.3663219701085529 0.595946412222437 0.05
0.3663219701085529 0.595946412222437 0.07500000000000001
0.3843633382758472 0.5808986013304557 0.025
0.3843633382758472 0.5808986013304557 0.05
0.3843633382758472 0.5808986013304557 0.07500000000000001
0.348347502425003 0.6144658199281254 0.025
0.348347502425003 0.6144658199281254 0.05
0.348347502425003 0.6144658199281254 0.07500000000000001
0.1505743370007662 0.9285212978739396 0.025
0.1505743370007662 0.9285212978739396 0.05
0.1505743370007662 0.9285212978739396 0.07500000000000001
0.9008870683936254 0.3094833822624903 0.025
0.9008870683936254 0.3094833822624903 0.05
0.9008870683936254 0.3094833822624903 0.07500000000000001
0.6849246517576885 0.1763117505013621 0.025
0.6849246517576885 0.1763117505013621 0.05
0.6849246517576885 0.1763117505013621 0.07500000000000001
0.7219293270074872 0.1394925753384805 0.025
0.7219293270074872 0.1394925753384805 0.05
0.7219293270074872 0.1394925753384805 0.07500000000000001
0.7494399498789162 0.1427904914357954 0.025
0.7494399498789162 0.1427904914357954 0.05
0.7494399498789162 0.1427904914357954 0.07500000000000001
0.7294520568153233 0.09922787360167984 0.025
0.7294520568153233 0.09922787360167984 0.05
0.7294520568153233 0.09922787360167984 0.07500000000000001
0.7733452644472278 0.1149570510832919 0.025
0.7733452644472278 0.1149570510832919 0.05
0.7733452644472278 0.1149570510832919 0.07500000000000001
0.7925847025520008 0.1548442036643953 0.025
0.7925847025520008 0.1548442036643953 0.05
0.7925847025520008 0.1548442036643953 0.07500000000000001
0.8103923774843003 0.1139012512852935 0.025
0.8103923774843003 0.1139012512852935 0.05
0.8103923774843003 0.1139012512852935 0.07500000000000001
0.6951776821665223 0.1041129130658596 0.025
0.6951776821665223 0.1041129130658596 0.05
0.6951776821665223 0.1041129130658596 0.07500000000000001
0.06095824238617215 0.7550080002253914 0.025
0.06095824238617215 0.7550080002253914 0.05
0.06095824238617215 0.7550080002253914 0.07500000000000001
0.0719900494106548 0.7722614849358714 0.025
0.0719900494106548 0.7722614849358714 0.05
0.0719900494106548 0.7722614849358714 0.07500000000000001
0.2795089217694915 0.2326182223581947 0.025
0.2795089217694915 0.2326182223581947 0.05
0.2795089217694915 0.2326182223581947 0.07500000000000001
0.6757652445600409 0.8266928327088359 0.025
0.6757652445600409 0.8266928327088359 0.05
0.6757652445600409 0.8266928327088359 0.07500000000000001
0.1727825337072456 0.3246592334218087 0.025
0.1727825337072456 0.3246592334218087 0.05
0.1727825337072456 0.3246592334218087 0.07500000000000001
0.1489246323173344 0.6893530594252438 0.025
0.1489246323173344 0.6893530594252438 0.05
0.1489246323173344 0.6893530594252438 0.07500000000000001
0.6884311165299595 0.9343195795133873 0.025
0.6884311165299595 0.9343195795133873 0.05
0.6884311165299595 0.9343195795133873 0.07500000000000001
0.6628788347650607 0.9320478056908106 0.025
0.6628788347650607 0.9320478056908106 0.05
0.6628788347650607 0.9320478056908106 0.07500000000000001
0.622371719880178 0.09105762167644707 0.025
0.622371719880178 0.09105762167644707 0.05
0.622371719880178 0.09105762167644707 0.07500000000000001
0.313488773955641 0.607638911719757 0.025
0.313488773955641 0.607638911719757 0.05
0.313488773955641 0.607638911719757 0.07500000000000001
0.4216460770296989 0.1202911446174045 0.025
0.4216460770296989 0.1202911446174045 0.05
0.4216460770296989 0.1202911446174045 0.07500000000000001
0.9208348957436275 0.5992706880346851 0.025
0.9208348957436275 0.5992706880346851 0.05
0.9208348957436275 0.5992706880346851 0.07500000000000001
0.7078635436218454 0.5055584698246336 0.025
0.7078635436218454 0.5055584698246336 0.05
0.7078635436218454 0.5055584698246336 0.07500000000000001
0.6767673904191823 0.5061112339693646 0.025
0.6767673904191823 0.5061112339693646 0.05
0.6767673904191823 0.5061112339693646 0.07500000000000001
0.9164879452719878 0.6254283504933532 0.025
0.9164879452719878 0.6254283504933532 0.05
0.9164879452719878 0.6254283504933532 0.07500000000000001
0.7134431180666361 0.937916412978774 0.025
0.7134431180666361 0.937916412978774 0.05
0.7134431180666361 0.937916412978774 0.07500000000000001
0.8238361272061264 0.1387290360062016 0.025
0.8238361272061264 0.1387290360062016 0.05
0.8238361272061264 0.1387290360062016 0.07500000000000001
0.8563755483689528 0.1247739832247519 0.025
0.8563755483689528 0.1247739832247519 0.05
0.8563755483689528 0.1247739832247519 0.07500000000000001
0.6810235798739901 0.7903541616410603 0.025
0.6810235798739901 0.7903541616410603 0.05
0.6810235798739901 0.7903541616410603 0.07500000000000001
0.1962067616709647 0.3920027308859801 0.025
0.1962067616709647 0.3920027308859801 0.05
0.1962067616709647 0.3920027308859801 0.07500000000000001
0.4695008906947113 0.9088351242260431 0.025
0.4695008906947113 0.9088351242260431 0.05
0.4695008906947113 0.9088351242260431 0.07500000000000001
0.492107028684822 0.9179820001523917 0.025
0.492107028684822 0.9179820001523917 0.05
0.492107028684822 0.9179820001523917 0.07500000000000001
0.8725018097828483 0.1576198184344318 0.025
0.8725018097828483 0.1576198184344318 0.05
0.8725018097828483 0.1576198184344318 0.07500000000000001
0.8919101536783358 0.115671486865587 0.025
0.8919101536783358 0.115671486865587 0.05
0.8919101536783358 0.115671486865587 0.07500000000000001
0.2093117860225832 0.5085865011006523 0.025
0.2093117860225832 0.5085865011006523 0.05
0.2093117860225832 0.5085865011006523 0.07500000000000001
0.2276518045333852 0.5270417598529282 0.025
0.2276518045333852 0.5270417598529282 0.05
0.2276518045333852 0.5270417598529282 0.07500000000000001
0.8962683630362678 0.2104391077811165 0.025
0.8962683630362678 0.2104391077811165 0.05
0.8962683630362678 0.2104391077811165 0.07500000000000001
0.9123417341112926 0.7327386553749998 0.025
0.9123417341112926 0.7327386553749998 0.05
0.9123417341112926 0.7327386553749998 0.07500000000000001
0.1479626309384335 0.8898235455600867 0.025
0.1479626309384335 0.8898235455600867 0.05
0.1479626309384335 0.8898235455600867 0.07500000000000001
0.4534306767182948 0.1671777339225862 0.025
0.4534306767182948 0.1671777339225862 0.05
0.4534306767182948 0.1671777339225862 0.07500000000000001
0.4360909481878241 0.08110853402983503 0.025
0.4360909481878241 0.08110853402983503 0.05
0.4360909481878241 0.08110853402983503 0.07500000000000001
0.2312441322831507 0.9406863014219005 0.025
0.2312441322831507 0.9406863014219005 0.05
0.2312441322831507 0.9406863014219005 0.07500000000000001
0.5454207927520257 0.6979858782524694 0.025
0.5454207927520257 0.6979858782524694 0.05
0.5454207927520257 0.6979858782524694 0.07500000000000001
0.5449708252778557 0.6672685645024559 0.025
0.5449708252778557 0.6672685645024559 0.05
0.5449708252778557 0.6672685645024559 0.07500000000000001
0.8486785201329418 0.7276160518423125 0.025
0.8486785201329418 0.7276160518423125 0.05
0.8486785201329418 0.7276160518423125 0.07500000000000001
0.7057858397215356 0.4795364947332651 0.025
0.7057858397215356 0.4795364947332651 0.05
0.7057858397215356 0.4795364947332651 0.07500000000000001
0.6758762563927584 0.4782539270807602 0.025
0.6758762563927584 0.4782539270807602 0.05
0.6758762563927584 0.4782539270807602 0.07500000000000001
0.6806861858551335 0.4498428370850475 0.025
0.6806861858551335 0.4498428370850475 0.05
0.6806861858551335 0.4498428370850475 0.07500000000000001
0.6421681603135828 0.5108019782997112 0.025
0.6421681603135828 0.5108019782997112 0.05
0.6421681603135828 0.5108019782997112 0.07500000000000001
0.6435694599009304 0.4773631608146255 0.025
0.6435694599009304 0.4773631608146255 0.05
0.6435694599009304 0.4773631608146255 0.07500000000000001
0.7034784130892808 0.619621945660896 0.025
0.7034784130892808 0.619621945660896 0.05
0.7034784130892808 0.619621945660896 0.07500000000000001
0.1872523048056205 0.4736052346152949 0.025
0.1872523048056205 0.4736052346152949 0.05
0.1872523048056205 0.4736052346152949 0.07500000000000001
0.206903092668527 0.4616869476560979 0.025
0.206903092668527 0.4616869476560979 0.05
0.206903092668527 0.4616869476560979 0.07500000000000001
0.4203963027559374 0.9413919303703704 0.025
0.4203963027559374 0.9413919303703704 0.05
0.4203963027559374 0.9413919303703704 0.07500000000000001
0.8522727377037534 0.5526585497474943 0.025
0.8522727377037534 0.5526585497474943 0.05
0.8522727377037534 0.5526585497474943 0.07500000000000001
0.2491847897747697 0.9398496690487367 0.025
0.2491847897747697 0.9398496690487367 0.05
0.2491847897747697 0.9398496690487367 0.07500000000000001
0.8946676994581747 0.5620898072437825 0.025
0.8946676994581747 0.5620898072437825 0.05
0.8946676994581747 0.5620898072437825 0.07500000000000001
0.3283720615420295 0.9376938750409471 0.025
0.3283720615420295 0.9376938750409471 0.05
0.3283720615420295 0.9376938750409471 0.07500000000000001
0.2313485544867696 0.07020471589496236 0.025
0.2313485544867696 0.07020471589496236 0.05
0.2313485544867696 0.07020471589496236 0.07500000000000001
0.9281786863961332 0.5707940658196171 0.025
0.9281786863961332 0.5707940658196171 0.05
0.9281786863961332 0.5707940658196171 0.07500000000000001
0.9104401541228404 0.5372790137801485 0.025
0.9104401541228404 0.5372790137801485 0.05
0.9104401541228404 0.5372790137801485 0.07500000000000001
0.7965229433270896 0.7367674436091827 0.025
0.7965229433270896 0.7367674436091827 0.05
0.7965229433270896 0.7367674436091827 0.07500000000000001
0.7915207636950974 0.9411371917776902 0.025
0.7915207636950974 0.9411371917776902 0.05
0.7915207636950974 0.9411371917776902 0.07500000000000001
0.7703387676616276 0.9321086220936908 0.025
0.7703387676616276 0.9321086220936908 0.05
0.7703387676616276 0.9321086220936908 0.07500000000000001
0.7178057335302521 0.0666755505931174 0.025
0.7178057335302521 0.0666755505931174 0.05
0.7178057335302521 0.0666755505931174 0.07500000000000001
0.06555619772313014 0.3256480582860327 0.025
0.06555619772313014 0.3256480582860327 0.05
0.06555619772313014 0.3256480582860327 0.07500000000000001
0.9005288033200218 0.3750246352556081 0.025
0.9005288033200218 0.3750246352556081 0.05
0.9005288033200218 0.3750246352556081 0.07500000000000001
0.8565941422169755 0.4365246488961733 0.025
0.8565941422169755 0.4365246488961733 0.05
0.8565941422169755 0.4365246488961733 0.07500000000000001
0.8846069526521599 0.4474833970418546 0.025
0.8846069526521599 0.4474833970418546 0.05
0.8846069526521599 0.4474833970418546 0.07500000000000001
0.9066577026800685 0.4683008311396207 0.025
0.9066577026800685 0.4683008311396207 0.05
0.9066577026800685 0.4683008311396207 0.07500000000000001
0.9117516145207819 0.8133015136678344 0.025
0.9117516145207819 0.8133015136678344 0.05
0.9117516145207819 0.8133015136678344 0.07500000000000001
0.8105942797469985 0.5533680449533869 0.025
0.8105942797469985 0.5533680449533869 0.05
0.8105942797469985 0.5533680449533869 0.07500000000000001
0.4710862458771721 0.7352120386628898 0.025
0.4710862458771721 0.7352120386628898 0.05
0.4710862458771721 0.7352120386628898 0.07500000000000001
0.4894347655479656 0.7611831403857474 0.025
0.4894347655479656 0.7611831403857474 0.05
0.4894347655479656 0.7611831403857474 0.07500000000000001
0.7431146418799016 0.5008649205768666 0.025
0.7431146418799016 0.5008649205768666 0.05
0.7431146418799016 0.5008649205768666 0.07500000000000001
0.6769983644106854 0.07640713062202972 0.025
0.6769983644106854 0.07640713062202972 0.05
0.6769983644106854 0.07640713062202972 0.07500000000000001
0.6153188453488883 0.5026575560441326 0.025
0.6153188453488883 0.5026575560441326 0.05
0.6153188453488883 0.5026575560441326 0.07500000000000001
0.6060188925647307 0.4778055894862705 0.025
0.6060188925647307 0.4778055894862705 0.05
0.6060188925647307 0.4778055894862705 0.07500000000000001
0.6168704721435296 0.4421939272750456 0.025
0.6168704721435296 0.4421939272750456 0.05
0.6168704721435296 0.4421939272750456 0.07500000000000001
0.5901520977807326 0.4339705713548797 0.025
0.5901520977807326 0.4339705713548797 0.05
0.5901520977807326 0.4339705713548797 0.07500000000000001
0.5762254216293985 0.4595655659036563 0.025
0.5762254216293985 0.4595655659036563 0.05
0.5762254216293985 0.4595655659036563 0.07500000000000001
0.5541023041174988 0.4428867845027391 0.025
0.5541023041174988 0.4428867845027391 0.05
0.5541023041174988 0.4428867845027391 0.07500000000000001
0.5383778642934984 0.4667678135709278 0.025
0.5383778642934984 0.4667678135709278 0.05
0.5383778642934984 0.4667678135709278 0.07500000000000001
0.5985231222352283 0.4137102452276392 0.025
0.5985231222352283 0.4137102452276392 0.05
0.5985231222352283 0.4137102452276392 0.07500000000000001
0.5597048535839605 0.4836043382708279 0.025
0.5597048535839605 0.4836043382708279 0.05
0.5597048535839605 0.4836043382708279 0.07500000000000001
0.06966051938302302 0.8480160899161068 0.025
0.06966051938302302 0.8480160899161068 0.05
0.06966051938302302 0.8480160899161068 0.07500000000000001
0.06833246581789122 0.8252993970412182 0.025
0.06833246581789122 0.8252993970412182 0.05
0.06833246581789122 0.8252993970412182 0.07500000000000001
0.05173384970287057 0.8759513766105054 0.025
0.05173384970287057 0.8759513766105054 0.05
0.05173384970287057 0.8759513766105054 0.07500000000000001
0.0578433705065451 0.8897876281711743 0.025
0.0578433705065451 0.8897876281711743 0.05
0.0578433705065451 0.8897876281711743 0.07500000000000001
0.3635469786162155 0.8976936751961373 0.025
0.3635469786162155 0.8976936751961373 0.05
0.3635469786162155 0.8976936751961373 0.07500000000000001
0.3723388635923773 0.9280251997707798 0.025
0.3723388635923773 0.9280251997707798 0.05
0.3723388635923773 0.9280251997707798 0.07500000000000001
0.5408688523299757 0.06451027881698701 0.025
0.5408688523299757 0.06451027881698701 0.05
0.5408688523299757 0.06451027881698701 0.07500000000000001
0.207697496665446 0.06381950081239847 0.025
0.207697496665446 0.06381950081239847 0.05
0.207697496665446 0.06381950081239847 0.07500000000000001
0.1976183859144354 0.08409715936800509 0.025
0.1976183859144354 0.08409715936800509 0.05
0.1976183859144354 0.08409715936800509 0.07500000000000001
0.1856236496181913 0.05965500383719177 0.025
0.1856236496181913 0.05965500383719177 0.05
0.1856236496181913 0.05965500383719177 0.07500000000000001
0.1766879134269786 0.07874701959808696 0.025
0.1766879134269786 0.07874701959808696 0.05
0.1766879134269786 0.07874701959808696 0.07500000000000001
0.6448961852594721 0.9114034886063884 0.025
0.6448961852594721 0.9114034886063884 0.05
0.6448961852594721 0.9114034886063884 0.07500000000000001
0.6389089706234279 0.92903287011103 0.025
0.6389089706234279 0.92903287011103 0.05
0.6389089706234279 0.92903287011103 0.07500000000000001
0.5531289586149847 0.9482221052274458 0.025
0.5531289586149847 0.9482221052274458 0.05
0.5531289586149847 0.9482221052274458 0.07500000000000001
0.5818589807141096 0.9502449753096772 0.025
0.5818589807141096 0.9502449753096772 0.05
0.5818589807141096 0.9502449753096772 0.07500000000000001
0.5246202447675676 0.944531893517473 0.025
0.5246202447675676 0.944531893517473 0.05
0.5246202447675676 0.944531893517473 0.07500000000000001
0.03584786985735191 0.1103172555278555 0.025
0.03584786985735191 0.1103172555278555 0.05
0.03584786985735191 0.1103172555278555 0.07500000000000001
0.05423464776667894 0.1209524639630051 0.025
0.05423464776667894 0.1209524639630051 0.05
0.05423464776667894 0.1209524639630051 0.07500000000000001
0.3268714366415105 0.6308193249661407 0.025
0.3268714366415105 0.6308193249661407 0.05
0.3268714366415105 0.6308193249661407 0.07500000000000001
0.3024853295974918 0.6409063051927197 0.025
0.3024853295974918 0.6409063051927197 0.05
0.3024853295974918 0.6409063051927197 0.07500000000000001
0.7861956334628166 0.07166282023632517 0.025
0.7861956334628166 0.07166282023632517 0.05
0.7861956334628166 0.07166282023632517 0.07500000000000001
0.1215890919983488 0.2447609364419392 0.025
0.1215890919983488 0.2447609364419392 0.05
0.1215890919983488 0.2447609364419392 0.07500000000000001
0.1111278749922459 0.231230691717084 0.025
0.1111278749922459 0.231230691717084 0.05
0.1111278749922459 0.231230691717084 0.07500000000000001
0.09465355314203228 0.2314333864655831 0.025
0.09465355314203228 0.2314333864655831 0.05
0.09465355314203228 0.2314333864655831 0.07500000000000001
0.09514669886792773 0.2068934834521758 0.025
0.09514669886792773 0.2068934834521758 0.05
0.09514669886792773 0.2068934834521758 0.07500000000000001
0.06911137347142621 0.2104733456309709 0.025
0.06911137347142621 0.2104733456309709 0.05
0.06911137347142621 0.2104733456309709 0.07500000000000001
0.08531041699976746 0.1895556922697655 0.025
0.08531041699976746 0.1895556922697655 0.05
0.08531041699976746 0.1895556922697655 0.07500000000000001
0.06913626983451032 0.188926773765781 0.025
0.06913626983451032 0.188926773765781 0.05
0.06913626983451032 0.188926773765781 0.07500000000000001
0.0752935568713395 0.1643411950450629 0.025
0.0752935568713395 0.1643411950450629 0.05
0.0752935568713395 0.1643411950450629 0.07500000000000001
0.04837968868777417 0.165995717661658 0.025
0.04837968868777417 0.165995717661658 0.05
0.04837968868777417 0.165995717661658 0.07500000000000001
0.07182871067286867 0.2329847534306372 0.025
0.07182871067286867 0.2329847534306372 0.05
0.07182871067286867 0.2329847534306372 0.07500000000000001
0.06016978238815784 0.6031969815888231 0.025
0.06016978238815784 0.6031969815888231 0.05
0.06016978238815784 0.6031969815888231 0.07500000000000001
0.05673966969106863 0.5800928425659878 0.025
0.05673966969106863 0.5800928425659878 0.05
0.05673966969106863 0.5800928425659878 0.07500000000000001
0.08387890558197618 0.5793225338587508 0.025
0.08387890558197618 0.5793225338587508 0.05
0.08387890558197618 0.5793225338587508 0.07500000000000001
0.07345331454870264 0.5511294935596009 0.025
0.07345331454870264 0.5511294935596009 0.05
0.07345331454870264 0.5511294935596009 0.07500000000000001
0.05136331859191262 0.556211856918847 0.025
0.05136331859191262 0.556211856918847 0.05
0.05136331859191262 0.556211856918847 0.07500000000000001
0.0654812329503323 0.5342326668810964 0.025
0.0654812329503323 0.5342326668810964 0.05
0.0654812329503323 0.5342326668810964 0.07500000000000001
0.3671400703368083 0.6336623009810556 0.025
0.3671400703368083 0.6336623009810556 0.05
0.3671400703368083 0.6336623009810556 0.07500000000000001
0.1659165071145122 0.05468534291482748 0.025
0.1659165071145122 0.05468534291482748 0.05
0.1659165071145122 0.05468534291482748 0.07500000000000001
0.3613225455318489 0.8289715161471012 0.025
0.3613225455318489 0.8289715161471012 0.05
0.3613225455318489 0.8289715161471012 0.07500000000000001
0.3602905132808614 0.8029724865682558 0.025
0.3602905132808614 0.8029724865682558 0.05
0.3602905132808614 0.8029724865682558 0.07500000000000001
0.3654687328431634 0.7821664197512348 0.025
0.3654687328431634 0.7821664197512348 0.05
0.3654687328431634 0.7821664197512348 0.07500000000000001
0.3436561237769346 0.7750822092251947 0.025
0.3436561237769346 0.7750822092251947 0.05
0.3436561237769346 0.7750822092251947 0.07500000000000001
0.8674915738595977 0.953896167738487 0.025
0.8674915738595977 0.953896167738487 0.05
0.8674915738595977 0.953896167738487 0.07500000000000001
0.145815536850248 0.9566312800852041 0.025
0.145815536850248 0.9566312800852041 0.05
0.145815536850248 0.9566312800852041 0.07500000000000001
0.1207881455058535 0.9550262888758172 0.025
0.1207881455058535 0.9550262888758172 0.05
0.1207881455058535 0.9550262888758172 0.07500000000000001
0.5178094990867603 0.6684857543969123 0.025
0.5178094990867603 0.6684857543969123 0.05
0.5178094990867603 0.6684857543969123 0.07500000000000001
0.07543251468196598 0.1173617536455589 0.025
0.07543251468196598 0.1173617536455589 0.05
0.07543251468196598 0.1173617536455589 0.07500000000000001
0.0788033544024917 0.09062350211386137 0.025
0.0788033544024917 0.09062350211386137 0.05
0.0788033544024917 0.09062350211386137 0.07500000000000001
0.4087648516404519 0.7389032123782868 0.025
0.4087648516404519 0.7389032123782868 0.05
0.4087648516404519 0.7389032123782868 0.07500000000000001
0.3668077471028601 0.05685882541749739 0.025
0.3668077471028601 0.05685882541749739 0.05
0.3668077471028601 0.05685882541749739 0.07500000000000001
0.3934072125204296 0.5965019052724321 0.025
0.3934072125204296 0.5965019052724321 0.05
0.3934072125204296 0.5965019052724321 0.07500000000000001
0.4044584459199814 0.5701604255872719 0.025
0.4044584459199814 0.5701604255872719 0.05
0.4044584459199814 0.5701604255872719 0.07500000000000001
0.943665190616275 0.8192178572915295 0.025
0.943665190616275 0.8192178572915295 0.05
0.943665190616275 0.8192178572915295 0.07500000000000001
0.4046898041574172 0.3646991521689756 0.025
0.4046898041574172 0.3646991521689756 0.05
0.4046898041574172 0.3646991521689756 0.07500000000000001
0.425244659459348 0.3350901101174507 0.025
0.425244659459348 0.3350901101174507 0.05
0.425244659459348 0.3350901101174507 0.07500000000000001
0.3950617016427281 0.3969312597322715 0.025
0.3950617016427281 0.3969312597322715 0.05
0.3950617016427281 0.3969312597322715 0.07500000000000001
0.3629398102710211 0.3896595889338339 0.025
0.3629398102710211 0.3896595889338339 0.05
0.3629398102710211 0.3896595889338339 0.07500000000000001
0.09495514511843771 0.5423105086660717 0.025
0.09495514511843771 0.5423105086660717 0.05
0.09495514511843771 0.5423105086660717 0.07500000000000001
0.763332965107359 0.9027236844523177 0.025
0.763332965107359 0.9027236844523177 0.05
0.763332965107359 0.9027236844523177 0.07500000000000001
0.6576648862751274 0.9551509521159792 0.025
0.6576648862751274 0.9551509521159792 0.05
0.6576648862751274 0.9551509521159792 0.07500000000000001
0.9433106355066282 0.7368025947882546 0.025
0.9433106355066282 0.7368025947882546 0.05
0.9433106355066282 0.7368025947882546 0.07500000000000001
0.8551026537890467 0.9661054820711661 0.025
0.8551026537890467 0.9661054820711661 0.05
0.8551026537890467 0.9661054820711661 0.07500000000000001
0.9004566996079134 0.9491749911863469 0.025
0.9004566996079134 0.9491749911863469 0.05
0.9004566996079134 0.9491749911863469 0.07500000000000001
0.9291724244950024 0.4472779934529743 0.025
0.9291724244950024 0.4472779934529743 0.05
0.9291724244950024 0.4472779934529743 0.07500000000000001
0.6571214385091986 0.2138656690020651 0.025
0.6571214385091986 0.2138656690020651 0.05
0.6571214385091986 0.2138656690020651 0.07500000000000001
0.6332390206513731 0.2500567372346032 0.025
0.6332390206513731 0.2500567372346032 0.05
0.6332390206513731 0.2500567372346032 0.07500000000000001
0.6027739542462384 0.2606443650883243 0.025
0.6027739542462384 0.2606443650883243 0.05
0.6027739542462384 0.2606443650883243 0.07500000000000001
0.5233747853768679 0.4894974212966055 0.025
0.5233747853768679 0.4894974212966055 0.05
0.5233747853768679 0.4894974212966055 0.07500000000000001
0.5031840815694101 0.4740833501790376 0.025
0.5031840815694101 0.4740833501790376 0.05
0.5031840815694101 0.4740833501790376 0.07500000000000001
0.9054877937710401 0.1487741051803755 0.025
0.9054877937710401 0.1487741051803755 0.05
0.9054877937710401 0.1487741051803755 0.07500000000000001
0.2671113003322393 0.0502022053589949 0.025
0.2671113003322393 0.0502022053589949 0.05
0.2671113003322393 0.0502022053589949 0.07500000000000001
0.552987946129324 0.9760591548816131 0.025
0.552987946129324 0.9760591548816131 0.05
0.552987946129324 0.9760591548816131 0.07500000000000001
0.2023067313079319 0.1454715142155388 0.025
0.2023067313079319 0.1454715142155388 0.05
0.2023067313079319 0.1454715142155388 0.07500000000000001
0.189182205209219 0.1267673875356434 0.025
0.189182205209219 0.1267673875356434 0.05
0.189182205209219 0.1267673875356434 0.07500000000000001
0.3078197874818149 0.6675790162791391 0.025
0.3078197874818149 0.6675790162791391 0.05
0.3078197874818149 0.6675790162791391 0.07500000000000001
0.04503760118063068 0.8310567268911121 0.025
0.04503760118063068 0.8310567268911121 0.05
0.04503760118063068 0.8310567268911121 0.07500000000000001
0.1432180671553393 0.2986664907408145 0.025
0.1432180671553393 0.2986664907408145 0.05
0.1432180671553393 0.2986664907408145 0.07500000000000001
0.04767595420248771 0.5330811237002666 0.025
0.04767595420248771 0.5330811237002666 0.05
0.04767595420248771 0.5330811237002666 0.07500000000000001
0.04618559021356491 0.5103022968264993 0.025
0.04618559021356491 0.5103022968264993 0.05
0.04618559021356491 0.5103022968264993 0.07500000000000001
0.039706138510497 0.4869692448937795 0.025
0.039706138510497 0.4869692448937795 0.05
0.039706138510497 0.4869692448937795 0.07500000000000001
0.07134772890006372 0.478370059816248 0.025
0.07134772890006372 0.478370059816248 0.05
0.07134772890006372 0.478370059816248 0.07500000000000001
0.04797942859477813 0.4528806159916395 0.025
0.04797942859477813 0.4528806159916395 0.05
0.04797942859477813 0.4528806159916395 0.07500000000000001
0.06605835700312596 0.4393301855413073 0.025
0.06605835700312596 0.4393301855413073 0.05
0.06605835700312596 0.4393301855413073 0.07500000000000001
0.02480249784306453 0.5599079408114015 0.025
0.02480249784306453 0.5599079408114015 0.05
0.02480249784306453 0.5599079408114015 0.07500000000000001
0.6568978103970785 0.8436137720459174 0.025
0.6568978103970785 0.8436137720459174 0.05
0.6568978103970785 0.8436137720459174 0.07500000000000001
0.1202608482128636 0.6307450529162801 0.025
0.1202608482128636 0.6307450529162801 0.05
0.1202608482128636 0.6307450529162801 0.07500000000000001
0.5139216333903148 0.9243369407793198 0.025
0.5139216333903148 0.9243369407793198 0.05
0.5139216333903148 0.9243369407793198 0.07500000000000001
0.5085477676804639 0.9430557798066567 0.025
0.5085477676804639 0.9430557798066567 0.05
0.5085477676804639 0.9430557798066567 0.07500000000000001
0.4814933397974953 0.9433221229016646 0.025
0.4814933397974953 0.9433221229016646 0.05
0.4814933397974953 0.9433221229016646 0.07500000000000001
0.4588533540505763 0.9614785992460454 0.025
0.4588533540505763 0.9614785992460454 0.05
0.4588533540505763 0.9614785992460454 0.07500000000000001
0.8804692645995231 0.07939074680702646 0.025
0.8804692645995231 0.07939074680702646 0.05
0.8804692645995231 0.07939074680702646 0.07500000000000001
0.1219689789902765 0.0532948655253683 0.025
0.1219689789902765 0.0532948655253683 0.05
0.1219689789902765 0.0532948655253683 0.07500000000000001
0.1301305077498385 0.04017093137161477 0.025
0.1301305077498385 0.04017093137161477 0.05
0.1301305077498385 0.04017093137161477 0.07500000000000001
0.0734258924315504 0.1398567211111418 0.025
0.0734258924315504 0.1398567211111418 0.05
0.0734258924315504 0.1398567211111418 0.07500000000000001
0.4000022510496491 0.05625775412050563 0.025
0.4000022510496491 0.05625775412050563 0.05
0.4000022510496491 0.05625775412050563 0.07500000000000001
0.4330317934040023 0.05529832843739641 0.025
0.4330317934040023 0.05529832843739641 0.05
0.4330317934040023 0.05529832843739641 0.07500000000000001
0.4153059796527487 0.5951532288123823 0.025
0.4153059796527487 0.5951532288123823 0.05
0.4153059796527487 0.5951532288123823 0.07500000000000001
0.9427731104395989 0.7090585607940708 0.025
0.9427731104395989 0.7090585607940708 0.05
0.9427731104395989 0.7090585607940708 0.07500000000000001
0.9437102369186946 0.764725332811817 0.025
0.9437102369186946 0.764725332811817 0.05
0.9437102369186946 0.764725332811817 0.07500000000000001
0.5154082665233795 0.6453784801969913 0.025
0.5154082665233795 0.6453784801969913 0.05
0.5154082665233795 0.6453784801969913 0.07500000000000001
0.5408686285658413 0.640958025239969 0.025
0.5408686285658413 0.640958025239969 0.05
0.5408686285658413 0.640958025239969 0.07500000000000001
0.5741087721882195 0.05990988294883536 0.025
0.5741087721882195 0.05990988294883536 0.05
0.5741087721882195 0.05990988294883536 0.07500000000000001
0.6045887688250342 0.05864388365239979 0.025
0.6045887688250342 0.05864388365239979 0.05
0.6045887688250342 0.05864388365239979 0.07500000000000001
0.1727658440439403 0.2983369160287843 0.025
0.1727658440439403 0.2983369160287843 0.05
0.1727658440439403 0.2983369160287843 0.07500000000000001
0.02901816756667697 0.8923956284897507 0.025
0.02901816756667697 0.8923956284897507 0.05
0.02901816756667697 0.8923956284897507 0.07500000000000001
0.5056711864627086 0.6227860166919984 0.025
0.5056711864627086 0.6227860166919984 0.05
0.5056711864627086 0.6227860166919984 0.07500000000000001
0.04336935167620931 0.6899020083450343 0.025
0.04336935167620931 0.6899020083450343 0.05
0.04336935167620931 0.6899020083450343 0.07500000000000001
0.03686917090798127 0.6700315684080441 0.025
0.03686917090798127 0.6700315684080441 0.05
0.03686917090798127 0.6700315684080441 0.07500000000000001
0.03610518566994601 0.7125798969844329 0.025
0.03610518566994601 0.7125798969844329 0.05
0.03610518566994601 0.7125798969844329 0.07500000000000001
0.9148541236343202 0.247887266033592 0.025
0.9148541236343202 0.247887266033592 0.05
0.9148541236343202 0.247887266033592 0.07500000000000001
0.9220931784427349 0.214676715672441 0.025
0.9220931784427349 0.214676715672441 0.05
0.9220931784427349 0.214676715672441 0.07500000000000001
0.8808824082505378 0.7023719832035507 0.025
0.8808824082505378 0.7023719832035507 0.05
0.8808824082505378 0.7023719832035507 0.07500000000000001
0.6949988712938956 0.8113149412395494 0.025
0.6949988712938956 0.8113149412395494 0.05
0.6949988712938956 0.8113149412395494 0.07500000000000001
0.8170160068352361 0.8781889267538717 0.025
0.8170160068352361 0.8781889267538717 0.05
0.8170160068352361 0.8781889267538717 0.07500000000000001
0.94288675744799 0.6808586873333807 0.025
0.94288675744799 0.6808586873333807 0.05
0.94288675744799 0.6808586873333807 0.07500000000000001
0.1712653435621201 0.349677238418636 0.025
0.1712653435621201 0.349677238418636 0.05
0.1712653435621201 0.349677238418636 0.07500000000000001
0.3747345018723061 0.6749587791030371 0.025
0.3747345018723061 0.6749587791030371 0.05
0.3747345018723061 0.6749587791030371 0.07500000000000001
0.1879163500652109 0.102373939613567 0.025
0.1879163500652109 0.102373939613567 0.05
0.1879163500652109 0.102373939613567 0.07500000000000001
0.4626955170815623 0.1305830728239441 0.025
0.4626955170815623 0.1305830728239441 0.05
0.4626955170815623 0.1305830728239441 0.07500000000000001
0.2914594138324145 0.2069201011931772 0.025
0.2914594138324145 0.2069201011931772 0.05
0.2914594138324145 0.2069201011931772 0.07500000000000001
0.2688870158532199 0.1985383997315596 0.025
0.2688870158532199 0.1985383997315596 0.05
0.2688870158532199 0.1985383997315596 0.07500000000000001
0.2471432924308311 0.1865107552280954 0.025
0.2471432924308311 0.1865107552280954 0.05
0.2471432924308311 0.1865107552280954 0.07500000000000001
0.2317368939737137 0.2122757120133872 0.025
0.2317368939737137 0.2122757120133872 0.05
0.2317368939737137 0.2122757120133872 0.07500000000000001
0.7069810010239697 0.9577218546310791 0.025
0.7069810010239697 0.9577218546310791 0.05
0.7069810010239697 0.9577218546310791 0.07500000000000001
0.1726368364492851 0.6922529323007074 0.025
0.1726368364492851 0.6922529323007074 0.05
0.1726368364492851 0.6922529323007074 0.07500000000000001
0.05408264226566187 0.4198712524833669 0.025
0.05408264226566187 0.4198712524833669 0.05
0.05408264226566187 0.4198712524833669 0.07500000000000001
0.02831946979654741 0.429432142143717 0.025
0.02831946979654741 0.429432142143717 0.05
0.02831946979654741 0.429432142143717 0.07500000000000001
0.0482112269740016 0.3971551300118638 0.025
0.0482112269740016 0.3971551300118638 0.05
0.0482112269740016 0.3971551300118638 0.07500000000000001
0.04556150348460553 0.3734444347353236 0.025
0.04556150348460553 0.3734444347353236 0.05
0.04556150348460553 0.3734444347353236 0.07500000000000001
0.04441130408253896 0.7822034648083336 0.025
0.04441130408253896 0.7822034648083336 0.05
0.04441130408253896 0.7822034648083336 0.07500000000000001
0.8830363868986781 0.9345201394737583 0.025
0.8830363868986781 0.9345201394737583 0.05
0.8830363868986781 0.9345201394737583 0.07500000000000001
0.9154779643005475 0.9296606590809309 0.025
0.9154779643005475 0.9296606590809309 0.05
0.9154779643005475 0.9296606590809309 0.07500000000000001
0.9317569900868112 0.9134978672144861 0.025
0.9317569900868112 0.9134978672144861 0.05
0.9317569900868112 0.9134978672144861 0.07500000000000001
0.9421257779763123 0.9278967820401901 0.025
0.9421257779763123 0.9278967820401901 0.05
0.9421257779763123 0.9278967820401901 0.07500000000000001
0.9321522065982049 0.9484802739774667 0.025
0.9321522065982049 0.9484802739774667 0.05
0.9321522065982049 0.9484802739774667 0.07500000000000001
0.6226908796779331 0.5346939339707845 0.025
0.6226908796779331 0.5346939339707845 0.05
0.6226908796779331 0.5346939339707845 0.07500000000000001
0.9302933191767261 0.1121430999824698 0.025
0.9302933191767261 0.1121430999824698 0.05
0.9302933191767261 0.1121430999824698 0.07500000000000001
0.9591332616278443 0.4276044798100065 0.025
0.9591332616278443 0.4276044798100065 0.05
0.9591332616278443 0.4276044798100065 0.07500000000000001
0.1591396664397937 0.2415986818192964 0.025
0.1591396664397937 0.2415986818192964 0.05
0.1591396664397937 0.2415986818192964 0.07500000000000001
0.9640943561765859 0.3133457514285063 0.025
0.9640943561765859 0.3133457514285063 0.05
0.9640943561765859 0.3133457514285063 0.07500000000000001
0.966187909708591 0.351205011680103 0.025
0.966187909708591 0.351205011680103 0.05
0.966187909708591 0.351205011680103 0.07500000000000001
0.02428110417034408 0.1692777096991057 0.025
0.02428110417034408 0.1692777096991057 0.05
0.02428110417034408 0.1692777096991057 0.07500000000000001
0.1965705206361933 0.02167797267324465 0.025
0.1965705206361933 0.02167797267324465 0.05
0.1965705206361933 0.02167797267324465 0.07500000000000001
0.2770242593569039 0.9197797565987275 0.025
0.2770242593569039 0.9197797565987275 0.05
0.2770242593569039 0.9197797565987275 0.07500000000000001
0.06918551811804231 0.801545301936503 0.025
0.06918551811804231 0.801545301936503 0.05
0.06918551811804231 0.801545301936503 0.07500000000000001
0.04657260727764695 0.7300922983072688 0.025
0.04657260727764695 0.7300922983072688 0.05
0.04657260727764695 0.7300922983072688 0.07500000000000001
0.7142373574403634 0.7958648693176487 0.025
0.7142373574403634 0.7958648693176487 0.05
0.7142373574403634 0.7958648693176487 0.07500000000000001
0.5002815988241552 0.9027327970744945 0.025
0.5002815988241552 0.9027327970744945 0.05
0.5002815988241552 0.9027327970744945 0.07500000000000001
0.5394951373338061 0.0319290467635754 0.025
0.5394951373338061 0.0319290467635754 0.05
0.5394951373338061 0.0319290467635754 0.07500000000000001
0.5612141724656878 0.6088493328450688 0.025
0.5612141724656878 0.6088493328450688 0.05
0.5612141724656878 0.6088493328450688 0.07500000000000001
0.4430463790683646 0.2702513016241668 0.025
0.4430463790683646 0.2702513016241668 0.05
0.4430463790683646 0.2702513016241668 0.07500000000000001
0.4254284819123208 0.2938366151224625 0.025
0.4254284819123208 0.2938366151224625 0.05
0.4254284819123208 0.2938366151224625 0.07500000000000001
0.6986830837823449 0.7742910133676173 0.025
0.6986830837823449 0.7742910133676173 0.05
0.6986830837823449 0.7742910133676173 0.07500000000000001
0.80778307260888 0.5107491680931745 0.025
0.80778307260888 0.5107491680931745 0.05
0.80778307260888 0.5107491680931745 0.07500000000000001
0.09911739894611335 0.7783864755090348 0.025
0.09911739894611335 0.7783864755090348 0.05
0.09911739894611335 0.7783864755090348 0.07500000000000001
0.739302286060346 0.6298037155685994 0.025
0.739302286060346 0.6298037155685994 0.05
0.739302286060346 0.6298037155685994 0.07500000000000001
0.7179816793696444 0.6563411254521557 0.025
0.7179816793696444 0.6563411254521557 0.05
0.7179816793696444 0.6563411254521557 0.07500000000000001
0.7099466391490903 0.2702335252625834 0.025
0.7099466391490903 0.2702335252625834 0.05
0.7099466391490903 0.2702335252625834 0.07500000000000001
0.6772723144058743 0.27463203303661 0.025
0.6772723144058743 0.27463203303661 0.05
0.6772723144058743 0.27463203303661 0.07500000000000001
0.4346525767054232 0.7525341993070044 0.025
0.4346525767054232 0.7525341993070044 0.05
0.4346525767054232 0.7525341993070044 0.07500000000000001
0.6579096324250928 0.533118235272463 0.025
0.6579096324250928 0.533118235272463 0.05
0.6579096324250928 0.533118235272463 0.07500000000000001
0.2487859270436129 0.02311957895651194 0.025
0.2487859270436129 0.02311957895651194 0.05
0.2487859270436129 0.02311957895651194 0.07500000000000001
0.2732064974202383 0.939912394641499 0.025
0.2732064974202383 0.939912394641499 0.05
0.2732064974202383 0.939912394641499 0.07500000000000001
0.2983150396762419 0.9398996921295599 0.025
0.2983150396762419 0.9398996921295599 0.05
0.2983150396762419 0.9398996921295599 0.07500000000000001
0.04629740489803792 0.2135500109561122 0.025
0.04629740489803792 0.2135500109561122 0.05
0.04629740489803792 0.2135500109561122 0.07500000000000001
0.624033717947611 0.8426631452164595 0.025
0.624033717947611 0.8426631452164595 0.05
0.624033717947611 0.8426631452164595 0.07500000000000001
0.6384857256527913 0.8616553027017153 0.025
0.6384857256527913 0.8616553027017153 0.05
0.6384857256527913 0.8616553027017153 0.07500000000000001
0.7202148935510011 0.4274317980782246 0.025
0.7202148935510011 0.4274317980782246 0.05
0.7202148935510011 0.4274317980782246 0.07500000000000001
0.698424412291431 0.3925786421856627 0.025
0.698424412291431 0.3925786421856627 0.05
0.698424412291431 0.3925786421856627 0.07500000000000001
0.6683497382679755 0.3873184771260645 0.025
0.6683497382679755 0.3873184771260645 0.05
0.6683497382679755 0.3873184771260645 0.07500000000000001
0.6580370203598043 0.4155738243618425 0.025
0.6580370203598043 0.4155738243618425 0.05
0.6580370203598043 0.4155738243618425 0.07500000000000001
0.5859438684784076 0.2233610510322651 0.025
0.5859438684784076 0.2233610510322651 0.05
0.5859438684784076 0.2233610510322651 0.07500000000000001
0.9726681866846039 0.8284787737507152 0.025
0.9726681866846039 0.8284787737507152 0.05
0.9726681866846039 0.8284787737507152 0.07500000000000001
0.9430620077664904 0.8456473518128711 0.025
0.9430620077664904 0.8456473518128711 0.05
0.9430620077664904 0.8456473518128711 0.07500000000000001
0.3501561864615597 0.3657169957443272 0.025
0.3501561864615597 0.3657169957443272 0.05
0.3501561864615597 0.3657169957443272 0.07500000000000001
0.3173639008896965 0.3578164471035833 0.025
0.3173639008896965 0.3578164471035833 0.05
0.3173639008896965 0.3578164471035833 0.07500000000000001
0.3032702412913182 0.3337086252509235 0.025
0.3032702412913182 0.3337086252509235 0.05
0.3032702412913182 0.3337086252509235 0.07500000000000001
0.4694968314990978 0.3258713186489371 0.025
0.4694968314990978 0.3258713186489371 0.05
0.4694968314990978 0.3258713186489371 0.07500000000000001
0.6200014323118068 0.8787745555906195 0.025
0.6200014323118068 0.8787745555906195 0.05
0.6200014323118068 0.8787745555906195 0.07500000000000001
0.9789916919501438 0.9516751271232355 0.025
0.9789916919501438 0.9516751271232355 0.05
0.9789916919501438 0.9516751271232355 0.07500000000000001
0.9671484555274621 0.5068876256160033 0.025
0.9671484555274621 0.5068876256160033 0.05
0.9671484555274621 0.5068876256160033 0.07500000000000001
0.7692974509512442 0.8440812829464538 0.025
0.7692974509512442 0.8440812829464538 0.05
0.7692974509512442 0.8440812829464538 0.07500000000000001
0.684195289487965 0.03460631410130068 0.025
0.684195289487965 0.03460631410130068 0.05
0.684195289487965 0.03460631410130068 0.07500000000000001
0.3057238252060087 0.2921338744837804 0.025
0.3057238252060087 0.2921338744837804 0.05
0.3057238252060087 0.2921338744837804 0.07500000000000001
0.2698494900650443 0.294567150545175 0.025
0.2698494900650443 0.294567150545175 0.05
0.2698494900650443 0.294567150545175 0.07500000000000001
0.3217936049268765 0.3157487524388627 0.025
0.3217936049268765 0.3157487524388627 0.05
0.3217936049268765 0.3157487524388627 0.07500000000000001
0.5812154935499186 0.5006849809046414 0.025
0.5812154935499186 0.5006849809046414 0.05
0.5812154935499186 0.5006849809046414 0.07500000000000001
0.8120270356349581 0.9554233724537406 0.025
0.8120270356349581 0.9554233724537406 0.05
0.8120270356349581 0.9554233724537406 0.07500000000000001
0.4876094981378677 0.8852562646590125 0.025
0.4876094981378677 0.8852562646590125 0.05
0.4876094981378677 0.8852562646590125 0.07500000000000001
0.9724987441151441 0.8558960176666671 0.025
0.9724987441151441 0.8558960176666671 0.05
0.9724987441151441 0.8558960176666671 0.07500000000000001
0.3782434706952302 0.8520328779436002 0.025
0.3782434706952302 0.8520328779436002 0.05
0.3782434706952302 0.8520328779436002 0.07500000000000001
0.6526129985306512 0.8807454494946447 0.025
0.6526129985306512 0.8807454494946447 0.05
0.6526129985306512 0.8807454494946447 0.07500000000000001
0.6056907999333815 0.6905218725163452 0.025
0.6056907999333815 0.6905218725163452 0.05
0.6056907999333815 0.6905218725163452 0.07500000000000001
0.6040133140481468 0.7158835360985968 0.025
0.6040133140481468 0.7158835360985968 0.05
0.6040133140481468 0.7158835360985968 0.07500000000000001
0.820742068671358 0.3246873985491578 0.025
0.820742068671358 0.3246873985491578 0.05
0.820742068671358 0.3246873985491578 0.07500000000000001
0.6808985781529231 0.5600173181069457 0.025
0.6808985781529231 0.5600173181069457 0.05
0.6808985781529231 0.5600173181069457 0.07500000000000001
0.6513217859545768 0.5862918593525199 0.025
0.6513217859545768 0.5862918593525199 0.05
0.6513217859545768 0.5862918593525199 0.07500000000000001
0.3021034554283142 0.02675437205801009 0.025
0.3021034554283142 0.02675437205801009 0.05
0.3021034554283142 0.02675437205801009 0.07500000000000001
0.9608630842863225 0.5851514958786525 0.025
0.9608630842863225 0.5851514958786525 0.05
0.9608630842863225 0.5851514958786525 0.07500000000000001
0.03994938557808415 0.3049185340947613 0.025
0.03994938557808415 0.3049185340947613 0.05
0.03994938557808415 0.3049185340947613 0.07500000000000001
0.03502159665078088 0.2846729046111482 0.025
0.03502159665078088 0.2846729046111482 0.05
0.03502159665078088 0.2846729046111482 0.07500000000000001
0.05219650873637163 0.2590078468974901 0.025
0.05219650873637163 0.2590078468974901 0.05
0.05219650873637163 0.2590078468974901 0.07500000000000001
0.2795451697842982 0.8986351979888491 0.025
0.2795451697842982 0.8986351979888491 0.05
0.2795451697842982 0.8986351979888491 0.07500000000000001
0.3835027203319852 0.6117659619882665 0.025
0.3835027203319852 0.6117659619882665 0.05
0.3835027203319852 0.6117659619882665 0.07500000000000001
0.093356033573224 0.8002315847121664 0.025
0.093356033573224 0.8002315847121664 0.05
0.093356033573224 0.8002315847121664 0.07500000000000001
0.5776916256069213 0.714897645357249 0.025
0.5776916256069213 0.714897645357249 0.05
0.5776916256069213 0.714897645357249 0.07500000000000001
0.06747201866832642 0.3486083321838185 0.025
0.06747201866832642 0.3486083321838185 0.05
0.06747201866832642 0.3486083321838185 0.07500000000000001
0.04409120630982331 0.3500137434017305 0.025
0.04409120630982331 0.3500137434017305 0.05
0.04409120630982331 0.3500137434017305 0.07500000000000001
0.3027369340779476 0.5910958047981205 0.025
0.3027369340779476 0.5910958047981205 0.05
0.3027369340779476 0.5910958047981205 0.07500000000000001
0.2853053200136233 0.5932238234399879 0.025
0.2853053200136233 0.5932238234399879 0.05
0.2853053200136233 0.5932238234399879 0.07500000000000001
0.2560787248746015 0.5719591505015139 0.025
0.2560787248746015 0.5719591505015139 0.05
0.2560787248746015 0.5719591505015139 0.07500000000000001
0.721990053236895 0.03539534616380834 0.025
0.721990053236895 0.03539534616380834 0.05
0.721990053236895 0.03539534616380834 0.07500000000000001
0.3169712249304056 0.2123725979015272 0.025
0.3169712249304056 0.2123725979015272 0.05
0.3169712249304056 0.2123725979015272 0.07500000000000001
0.7543856236500915 0.8691345381475204 0.025
0.7543856236500915 0.8691345381475204 0.05
0.7543856236500915 0.8691345381475204 0.07500000000000001
0.7483119422806732 0.9238426072409955 0.025
0.7483119422806732 0.9238426072409955 0.05
0.7483119422806732 0.9238426072409955 0.07500000000000001
0.7351439670183617 0.9436990955243079 0.025
0.7351439670183617 0.9436990955243079 0.05
0.7351439670183617 0.9436990955243079 0.07500000000000001
0.7246427079326758 0.9166393928476516 0.025
0.7246427079326758 0.9166393928476516 0.05
0.7246427079326758 0.9166393928476516 0.07500000000000001
0.6066114388448057 0.8277161372159771 0.025
0.6066114388448057 0.8277161372159771 0.05
0.6066114388448057 0.8277161372159771 0.07500000000000001
0.9715691337489977 0.6525179748602069 0.025
0.9715691337489977 0.6525179748602069 0.05
0.9715691337489977 0.6525179748602069 0.07500000000000001
0.10781482110185 0.48378233982974 0.025
0.10781482110185 0.48378233982974 0.05
0.10781482110185 0.48378233982974 0.07500000000000001
0.4291279041329726 0.9618793500095633 0.025
0.4291279041329726 0.9618793500095633 0.05
0.4291279041329726 0.9618793500095633 0.07500000000000001
0.5471644433348133 0.783872505465695 0.025
0.5471644433348133 0.783872505465695 0.05
0.5471644433348133 0.783872505465695 0.07500000000000001
0.5169836492235189 0.7767823936141988 0.025
0.5169836492235189 0.7767823936141988 0.05
0.5169836492235189 0.7767823936141988 0.07500000000000001
0.5074017077444325 0.7599677401815641 0.025
0.5074017077444325 0.7599677401815641 0.05
0.5074017077444325 0.7599677401815641 0.07500000000000001
0.09384079625762085 0.433507968888259 0.025
0.09384079625762085 0.433507968888259 0.05
0.09384079625762085 0.433507968888259 0.07500000000000001
0.02320420335619599 0.2185295054310286 0.025
0.02320420335619599 0.2185295054310286 0.05
0.02320420335619599 0.2185295054310286 0.07500000000000001
0.4088774879264607 0.9149410125642821 0.025
0.4088774879264607 0.9149410125642821 0.05
0.4088774879264607 0.9149410125642821 0.07500000000000001
0.3970788178912653 0.9353642949060357 0.025
0.3970788178912653 0.9353642949060357 0.05
0.3970788178912653 0.9353642949060357 0.07500000000000001
0.5188795737490836 0.9041890194054143 0.025
0.5188795737490836 0.9041890194054143 0.05
0.5188795737490836 0.9041890194054143 0.07500000000000001
0.07652621338851881 0.2557676711485136 0.025
0.07652621338851881 0.2557676711485136 0.05
0.07652621338851881 0.2557676711485136 0.07500000000000001
0.3361871960583618 0.7437378465466997 0.025
0.3361871960583618 0.7437378465466997 0.05
0.3361871960583618 0.7437378465466997 0.07500000000000001
0.2338712236193461 0.4105599964878167 0.025
0.2338712236193461 0.4105599964878167 0.05
0.2338712236193461 0.4105599964878167 0.07500000000000001
0.1200639817073644 0.7849589831309373 0.025
0.1200639817073644 0.7849589831309373 0.05
0.1200639817073644 0.7849589831309373 0.07500000000000001
0.3799268476580266 0.7399918262129528 0.025
0.3799268476580266 0.7399918262129528 0.05
0.3799268476580266 0.7399918262129528 0.07500000000000001
0.4073228334048908 0.5089351451822438 0.025
0.4073228334048908 0.5089351451822438 0.05
0.4073228334048908 0.5089351451822438 0.07500000000000001
0.3878897271967605 0.5276216425667962 0.025
0.3878897271967605 0.5276216425667962 0.05
0.3878897271967605 0.5276216425667962 0.07500000000000001
0.200112272889235 0.6675139693259006 0.025
0.200112272889235 0.6675139693259006 0.05
0.200112272889235 0.6675139693259006 0.07500000000000001
0.9785292479544361 0.9099156548029579 0.025
0.9785292479544361 0.9099156548029579 0.05
0.9785292479544361 0.9099156548029579 0.07500000000000001
0.2620567996399318 0.4632623101387442 0.025
0.2620567996399318 0.4632623101387442 0.05
0.2620567996399318 0.4632623101387442 0.07500000000000001
0.2396380896587387 0.4738349283737095 0.025
0.2396380896587387 0.4738349283737095 0.05
0.2396380896587387 0.4738349283737095 0.07500000000000001
0.4574094553008302 0.7126531597971864 0.025
0.4574094553008302 0.7126531597971864 0.05
0.4574094553008302 0.7126531597971864 0.07500000000000001
0.4661547935029143 0.6859476671312634 0.025
0.4661547935029143 0.6859476671312634 0.05
0.4661547935029143 0.6859476671312634 0.07500000000000001
0.5818153056969046 0.9253137384061514 0.025
0.5818153056969046 0.9253137384061514 0.05
0.5818153056969046 0.9253137384061514 0.07500000000000001
0.6074728841403281 0.9508361172694897 0.025
0.6074728841403281 0.9508361172694897 0.05
0.6074728841403281 0.9508361172694897 0.07500000000000001
0.2428573546098996 0.7058791909325018 0.025
0.2428573546098996 0.7058791909325018 0.05
0.2428573546098996 0.7058791909325018 0.07500000000000001
0.2128244310461687 0.7138732400891503 0.025
0.2128244310461687 0.7138732400891503 0.05
0.2128244310461687 0.7138732400891503 0.07500000000000001
0.06384015029899276 0.704191988872922 0.025
0.06384015029899276 0.704191988872922 0.05
0.06384015029899276 0.704191988872922 0.07500000000000001
0.4003091250029974 0.2311498970950316 0.025
0.4003091250029974 0.2311498970950316 0.05
0.4003091250029974 0.2311498970950316 0.07500000000000001
0.2778527223040072 0.5447382649336039 0.025
0.2778527223040072 0.5447382649336039 0.05
0.2778527223040072 0.5447382649336039 0.07500000000000001
0.253290807715127 0.5477340838719956 0.025
0.253290807715127 0.5477340838719956 0.05
0.253290807715127 0.5477340838719956 0.07500000000000001
0.1525781301246357 0.6681256370639053 0.025
0.1525781301246357 0.6681256370639053 0.05
0.1525781301246357 0.6681256370639053 0.07500000000000001
0.1366087095069722 0.6680318081873653 0.025
0.1366087095069722 0.6680318081873653 0.05
0.1366087095069722 0.6680318081873653 0.07500000000000001
0.2812551738531797 0.8761689915715066 0.025
0.2812551738531797 0.8761689915715066 0.05
0.2812551738531797 0.8761689915715066 0.07500000000000001
0.04674127677987253 0.6546532419342134 0.025
0.04674127677987253 0.6546532419342134 0.05
0.04674127677987253 0.6546532419342134 0.07500000000000001
0.2254479666906667 0.8301568484876501 0.025
0.2254479666906667 0.8301568484876501 0.05
0.2254479666906667 0.8301568484876501 0.07500000000000001
0.2235544770260095 0.8076215952007644 0.025
0.2235544770260095 0.8076215952007644 0.05
0.2235544770260095 0.8076215952007644 0.07500000000000001
0.2025612777555273 0.8344173511309853 0.025
0.2025612777555273 0.8344173511309853 0.05
0.2025612777555273 0.8344173511309853 0.07500000000000001
0.5698111485837696 0.4191365586130358 0.025
0.5698111485837696 0.4191365586130358 0.05
0.5698111485837696 0.4191365586130358 0.07500000000000001
0.5340720631459113 0.4248499199965831 0.025
0.5340720631459113 0.4248499199965831 0.05
0.5340720631459113 0.4248499199965831 0.07500000000000001
0.2708861578090806 0.1595972520432427 0.025
0.2708861578090806 0.1595972520432427 0.05
0.2708861578090806 0.1595972520432427 0.07500000000000001
0.2019452327103354 0.9481461984573778 0.025
0.2019452327103354 0.9481461984573778 0.05
0.2019452327103354 0.9481461984573778 0.07500000000000001
0.1791459217808426 0.939269181907595 0.025
0.1791459217808426 0.939269181907595 0.05
0.1791459217808426 0.939269181907595 0.07500000000000001
0.3794887733517791 0.1628601465673636 0.025
0.3794887733517791 0.1628601465673636 0.05
0.3794887733517791 0.1628601465673636 0.07500000000000001
0.9409093973539802 0.8696670747102959 0.025
0.9409093973539802 0.8696670747102959 0.05
0.9409093973539802 0.8696670747102959 0.07500000000000001
0.1301816246415902 0.1990414624878314 0.025
0.1301816246415902 0.1990414624878314 0.05
0.1301816246415902 0.1990414624878314 0.07500000000000001
0.2047597351878838 0.1120558445580794 0.025
0.2047597351878838 0.1120558445580794 0.05
0.2047597351878838 0.1120558445580794 0.07500000000000001
0.7759072650076733 0.7493933354885661 0.025
0.7759072650076733 0.7493933354885661 0.05
0.7759072650076733 0.7493933354885661 0.07500000000000001
0.09500896749324098 0.9321725078778295 0.025
0.09500896749324098 0.9321725078778295 0.05
0.09500896749324098 0.9321725078778295 0.07500000000000001
0.07190126408188284 0.9090786325820046 0.025
0.07190126408188284 0.9090786325820046 0.05
0.07190126408188284 0.9090786325820046 0.07500000000000001
0.06912556159738277 0.9307309449175782 0.025
0.06912556159738277 0.9307309449175782 0.05
0.06912556159738277 0.9307309449175782 0.07500000000000001
0.06907522812532754 0.9539011133494508 0.025
0.06907522812532754 0.9539011133494508 0.05
0.06907522812532754 0.9539011133494508 0.07500000000000001
0.04421842714395021 0.9539493479341256 0.025
0.04421842714395021 0.9539493479341256 0.05
0.04421842714395021 0.9539493479341256 0.07500000000000001
0.3579289663333966 0.9517503790453854 0.025
0.3579289663333966 0.9517503790453854 0.05
0.3579289663333966 0.9517503790453854 0.07500000000000001
0.162494762002223 0.8549915469616923 0.025
0.162494762002223 0.8549915469616923 0.05
0.162494762002223 0.8549915469616923 0.07500000000000001
0.3004633689869605 0.7537933331848273 0.025
0.3004633689869605 0.7537933331848273 0.05
0.3004633689869605 0.7537933331848273 0.07500000000000001
0.3107219977657006 0.05248490543925632 0.025
0.3107219977657006 0.05248490543925632 0.05
0.3107219977657006 0.05248490543925632 0.07500000000000001
0.1828482758275478 0.84420170057412 0.025
0.1828482758275478 0.84420170057412 0.05
0.1828482758275478 0.84420170057412 0.07500000000000001
0.1800732276674318 0.8920636420770496 0.025
0.1800732276674318 0.8920636420770496 0.05
0.1800732276674318 0.8920636420770496 0.07500000000000001
0.2104633081133694 0.8503596001820644 0.025
0.2104633081133694 0.8503596001820644 0.05
0.2104633081133694 0.8503596001820644 0.07500000000000001
0.4516449586091619 0.3506930453270963 0.025
0.4516449586091619 0.3506930453270963 0.05
0.4516449586091619 0.3506930453270963 0.07500000000000001
0.4054976999608371 0.8393337645941085 0.025
0.4054976999608371 0.8393337645941085 0.05
0.4054976999608371 0.8393337645941085 0.07500000000000001
0.3604916914797818 0.8654498462832403 0.025
0.3604916914797818 0.8654498462832403 0.05
0.3604916914797818 0.8654498462832403 0.07500000000000001
0.2753674371649142 0.7952896601721208 0.025
0.2753674371649142 0.7952896601721208 0.05
0.2753674371649142 0.7952896601721208 0.07500000000000001
0.6048977699558562 0.3783558471441326 0.025
0.6048977699558562 0.3783558471441326 0.05
0.6048977699558562 0.3783558471441326 0.07500000000000001
0.07395451804765976 0.8893333691549239 0.025
0.07395451804765976 0.8893333691549239 0.05
0.07395451804765976 0.8893333691549239 0.07500000000000001
0.1725715534294641 0.876420055497245 0.025
0.1725715534294641 0.876420055497245 0.05
0.1725715534294641 0.876420055497245 0.07500000000000001
0.3383801968720076 0.4987272559629551 0.025
0.3383801968720076 0.4987272559629551 0.05
0.3383801968720076 0.4987272559629551 0.07500000000000001
0.4264148779914501 0.4046072555543129 0.025
0.4264148779914501 0.4046072555543129 0.05
0.4264148779914501 0.4046072555543129 0.07500000000000001
0.1858409671450208 0.8050775387387605 0.025
0.1858409671450208 0.8050775387387605 0.05
0.1858409671450208 0.8050775387387605 0.07500000000000001
0.8254799714110757 0.8557614958849683 0.025
0.8254799714110757 0.8557614958849683 0.05
0.8254799714110757 0.8557614958849683 0.07500000000000001
0.5066898834350976 0.9609037877432716 0.025
0.5066898834350976 0.9609037877432716 0.05
0.5066898834350976 0.9609037877432716 0.07500000000000001
0.5346201252597297 0.8084544863435017 0.025
0.5346201252597297 0.8084544863435017 0.05
0.5346201252597297 0.8084544863435017 0.07500000000000001
0.6899060032442206 0.3046091977192535 0.025
0.6899060032442206 0.3046091977192535 0.05
0.6899060032442206 0.3046091977192535 0.07500000000000001
0.09304301694568146 0.82234985499966 0.025
0.09304301694568146 0.82234985499966 0.05
0.09304301694568146 0.82234985499966 0.07500000000000001
0.1692357096144425 0.9062284601933376 0.025
0.1692357096144425 0.9062284601933376 0.05
0.1692357096144425 0.9062284601933376 0.07500000000000001
0.5325260972302258 0.3798482963166269 0.025
0.5325260972302258 0.3798482963166269 0.05
0.5325260972302258 0.3798482963166269 0.07500000000000001
0.07166383839345557 0.9770759900589677 0.025
0.07166383839345557 0.9770759900589677 0.05
0.07166383839345557 0.9770759900589677 0.07500000000000001
0.2348515013998744 0.9787578063261123 0.025
0.2348515013998744 0.9787578063261123 0.05
0.2348515013998744 0.9787578063261123 0.07500000000000001
0.02196863619844841 0.7658066675507903 0.025
0.02196863619844841 0.7658066675507903 0.05
0.02196863619844841 0.7658066675507903 0.07500000000000001
0.2842926224548338 0.979911602446793 0.025
0.2842926224548338 0.979911602446793 0.05
0.2842926224548338 0.979911602446793 0.07500000000000001
0.02047142653285232 0.6158974362513379 0.025
0.02047142653285232 0.6158974362513379 0.05
0.02047142653285232 0.6158974362513379 0.07500000000000001
0.3318646540336034 0.9797170274182135 0.025
0.3318646540336034 0.9797170274182135 0.05
0.3318646540336034 0.9797170274182135 0.07500000000000001
0.2225711152031863 0.730358466285143 0.025
0.2225711152031863 0.730358466285143 0.05
0.2225711152031863 0.730358466285143 0.07500000000000001
0.3806291177468624 0.9783396719082498 0.025
0.3806291177468624 0.9783396719082498 0.05
0.3806291177468624 0.9783396719082498 0.07500000000000001
0.2201022188288109 0.3843814389691294 0.025
0.2201022188288109 0.3843814389691294 0.05
0.2201022188288109 0.3843814389691294 0.07500000000000001
0.2523670476125217 0.8977047902609011 0.025
0.2523670476125217 0.8977047902609011 0.05
0.2523670476125217 0.8977047902609011 0.07500000000000001
0.1111021737137439 0.7564521584131189 0.025
0.1111021737137439 0.7564521584131189 0.05
0.1111021737137439 0.7564521584131189 0.07500000000000001
0.1408425208968261 0.863059166788913 0.025
0.1408425208968261 0.863059166788913 0.05
0.1408425208968261 0.863059166788913 0.07500000000000001
0.8838051010575296 0.4871931053484269 0.025
0.8838051010575296 0.4871931053484269 0.05
0.8838051010575296 0.4871931053484269 0.07500000000000001
0.9306119999151714 0.4986062570154395 0.025
0.9306119999151714 0.4986062570154395 0.05
0.9306119999151714 0.4986062570154395 0.07500000000000001
0.1453510887075327 0.3939639173138345 0.025
0.1453510887075327 0.3939639173138345 0.05
0.1453510887075327 0.3939639173138345 0.07500000000000001
0.4557866229168132 0.8771406525849135 0.025
0.4557866229168132 0.8771406525849135 0.05
0.4557866229168132 0.8771406525849135 0.07500000000000001
0.02196698512099678 0.8151882189620693 0.025
0.02196698512099678 0.8151882189620693 0.05
0.02196698512099678 0.8151882189620693 0.07500000000000001
0.5931951953288435 0.8464807930592998 0.025
0.5931951953288435 0.8464807930592998 0.05
0.5931951953288435 0.8464807930592998 0.07500000000000001
0.8780392710937419 0.8097329162014156 0.025
0.8780392710937419 0.8097329162014156 0.05
0.8780392710937419 0.8097329162014156 0.07500000000000001
0.679837541336608 0.1348351489396146 0.025
0.679837541336608 0.1348351489396146 0.05
0.679837541336608 0.1348351489396146 0.07500000000000001
0.1056188144346648 0.1609396619054443 0.025
0.1056188144346648 0.1609396619054443 0.05
0.1056188144346648 0.1609396619054443 0.07500000000000001
0.2027875634114293 0.3256086309437624 0.025
0.2027875634114293 0.3256086309437624 0.05
0.2027875634114293 0.3256086309437624 0.07500000000000001
0.1754900711110712 0.7369864797324865 0.025
0.1754900711110712 0.7369864797324865 0.05
0.1754900711110712 0.7369864797324865 0.07500000000000001
0.6700332818588315 0.7753573185920547 0.025
0.6700332818588315 0.7753573185920547 0.05
0.6700332818588315 0.7753573185920547 0.07500000000000001
0.5344624689614551 0.2286158765570544 0.025
0.5344624689614551 0.2286158765570544 0.05
0.5344624689614551 0.2286158765570544 0.07500000000000001
0.5462215748818771 0.8812707757821706 0.025
0.5462215748818771 0.8812707757821706 0.05
0.5462215748818771 0.8812707757821706 0.07500000000000001
0.487011056913694 0.7819139804564226 0.025
0.487011056913694 0.7819139804564226 0.05
0.487011056913694 0.7819139804564226 0.07500000000000001
0.4951828696300512 0.6895631814416419 0.025
0.4951828696300512 0.6895631814416419 0.05
0.4951828696300512 0.6895631814416419 0.07500000000000001
0.7941694977037158 0.7734694664631315 0.025
0.7941694977037158 0.7734694664631315 0.05
0.7941694977037158 0.7734694664631315 0.07500000000000001
0.6893516572360613 0.8467468129274095 0.025
0.6893516572360613 0.8467468129274095 0.05
0.6893516572360613 0.8467468129274095 0.07500000000000001
0.3856369499582049 0.788791331294557 0.025
0.3856369499582049 0.788791331294557 0.05
0.3856369499582049 0.788791331294557 0.07500000000000001
0.4593169255814328 0.7988340181601528 0.025
0.4593169255814328 0.7988340181601528 0.05
0.4593169255814328 0.7988340181601528 0.07500000000000001
0.5074153911657404 0.8056959060143798 0.025
0.5074153911657404 0.8056959060143798 0.05
0.5074153911657404 0.8056959060143798 0.07500000000000001
0.1143134707109203 0.2996523842995333 0.025
0.1143134707109203 0.2996523842995333 0.05
0.1143134707109203 0.2996523842995333 0.07500000000000001
0.9111098067144566 0.9776977207805247 0.025
0.9111098067144566 0.9776977207805247 0.05
0.9111098067144566 0.9776977207805247 0.07500000000000001
0.4999301204362421 0.0702749575912225 0.025
0.4999301204362421 0.0702749575912225 0.05
0.4999301204362421 0.0702749575912225 0.07500000000000001
0.2949602754891845 0.8060431851669642 0.025
0.2949602754891845 0.8060431851669642 0.05
0.2949602754891845 0.8060431851669642 0.07500000000000001
0.6895927399788755 0.6697224604354146 0.025
0.6895927399788755 0.6697224604354146 0.05
0.6895927399788755 0.6697224604354146 0.07500000000000001
0.2109809127136832 0.6080198064070618 0.025
0.2109809127136832 0.6080198064070618 0.05
0.2109809127136832 0.6080198064070618 0.07500000000000001
0.7891714139642273 0.9795303586105477 0.025
0.7891714139642273 0.9795303586105477 0.05
0.7891714139642273 0.9795303586105477 0.07500000000000001
0.7344550548329277 0.9731276372226388 0.025
0.7344550548329277 0.9731276372226388 0.05
0.7344550548329277 0.9731276372226388 0.07500000000000001
0.3244697705586168 0.4248550437849308 0.025
0.3244697705586168 0.4248550437849308 0.05
0.3244697705586168 0.4248550437849308 0.07500000000000001
0.1443604757872062 0.3709677573709145 0.025
0.1443604757872062 0.3709677573709145 0.05
0.1443604757872062 0.3709677573709145 0.07500000000000001
0.4761902227328282 0.1561703550221133 0.025
0.4761902227328282 0.1561703550221133 0.05
0.4761902227328282 0.1561703550221133 0.07500000000000001
0.1763225113299148 0.5431349723151216 0.025
0.1763225113299148 0.5431349723151216 0.05
0.1763225113299148 0.5431349723151216 0.07500000000000001
0.6904498102110701 0.6944144333766026 0.025
0.6904498102110701 0.6944144333766026 0.05
0.6904498102110701 0.6944144333766026 0.07500000000000001
0.59766806963718 0.7404119551175353 0.025
0.59766806963718 0.7404119551175353 0.05
0.59766806963718 0.7404119551175353 0.07500000000000001
0.1575976498638812 0.4662684001885696 0.025
0.1575976498638812 0.4662684001885696 0.05
0.1575976498638812 0.4662684001885696 0.07500000000000001
0.2890873947649458 0.07561259552070169 0.025
0.2890873947649458 0.07561259552070169 0.05
0.2890873947649458 0.07561259552070169 0.07500000000000001
0.6740149168609106 0.615059524973396 0.025
0.6740149168609106 0.615059524973396 0.05
0.6740149168609106 0.615059524973396 0.07500000000000001
0.3632892519469418 0.5247776889608232 0.025
0.3632892519469418 0.5247776889608232 0.05
0.3632892519469418 0.5247776889608232 0.07500000000000001
0.4704040841128239 0.4864003521272249 0.025
0.4704040841128239 0.4864003521272249 0.05
0.4704040841128239 0.4864003521272249 0.07500000000000001
0.491862084689913 0.526336992758921 0.025
0.491862084689913 0.526336992758921 0.05
0.491862084689913 0.526336992758921 0.07500000000000001
0.1946357532103421 0.7154350095907098 0.025
0.1946357532103421 0.7154350095907098 0.05
0.1946357532103421 0.7154350095907098 0.07500000000000001
0.7857139212803225 0.8799193595242111 0.025
0.7857139212803225 0.8799193595242111 0.05
0.7857139212803225 0.8799193595242111 0.07500000000000001
0.9142900610820089 0.04055526983268523 0.025
0.9142900610820089 0.04055526983268523 0.05
0.9142900610820089 0.04055526983268523 0.07500000000000001
0.8110634736357084 0.7028526909385442 0.025
0.8110634736357084 0.7028526909385442 0.05
0.8110634736357084 0.7028526909385442 0.07500000000000001
0.141419762950292 0.2670634224203499 0.025
0.141419762950292 0.2670634224203499 0.05
0.141419762950292 0.2670634224203499 0.07500000000000001
0.4633875081726505 0.1834268282498359 0.025
0.4633875081726505 0.1834268282498359 0.05
0.4633875081726505 0.1834268282498359 0.07500000000000001
0.1973618948016006 0.6930302680603905 0.025
0.1973618948016006 0.6930302680603905 0.05
0.1973618948016006 0.6930302680603905 0.07500000000000001
0.8355169224010275 0.8804749327325069 0.025
0.8355169224010275 0.8804749327325069 0.05
0.8355169224010275 0.8804749327325069 0.07500000000000001
0.749030822493772 0.07470832722106689 0.025
0.749030822493772 0.07470832722106689 0.05
0.749030822493772 0.07470832722106689 0.07500000000000001
0.3325455442536346 0.8606039361117899 0.025
0.3325455442536346 0.8606039361117899 0.05
0.3325455442536346 0.8606039361117899 0.07500000000000001
0.3086670265192612 0.7863995799607135 0.025
0.3086670265192612 0.7863995799607135 0.05
0.3086670265192612 0.7863995799607135 0.07500000000000001
0.8243850572816438 0.4304635647206672 0.025
0.8243850572816438 0.4304635647206672 0.05
0.8243850572816438 0.4304635647206672 0.07500000000000001
0.7827600612043826 0.3751669223966482 0.025
0.7827600612043826 0.3751669223966482 0.05
0.7827600612043826 0.3751669223966482 0.07500000000000001
0.02176176142157134 0.3505413384409614 0.025
0.02176176142157134 0.3505413384409614 0.05
0.02176176142157134 0.3505413384409614 0.07500000000000001
0.758292773741586 0.6605589632739732 0.025
0.758292773741586 0.6605589632739732 0.05
0.758292773741586 0.6605589632739732 0.07500000000000001
0.09523127796606819 0.9545736386890045 0.025
0.09523127796606819 0.9545736386890045 0.05
0.09523127796606819 0.9545736386890045 0.07500000000000001
0.3824213468919518 0.2556955436604066 0.025
0.3824213468919518 0.2556955436604066 0.05
0.3824213468919518 0.2556955436604066 0.07500000000000001
0.9145803917798415 0.6520384446588922 0.025
0.9145803917798415 0.6520384446588922 0.05
0.9145803917798415 0.6520384446588922 0.07500000000000001
0.2086784759992379 0.5504344537508981 0.025
0.2086784759992379 0.5504344537508981 0.05
0.2086784759992379 0.5504344537508981 0.07500000000000001
0.7441703509426065 0.5340679600215795 0.025
0.7441703509426065 0.5340679600215795 0.05
0.7441703509426065 0.5340679600215795 0.07500000000000001
0.592682588897839 0.3075628900960847 0.025
0.592682588897839 0.3075628900960847 0.05
0.592682588897839 0.3075628900960847 0.07500000000000001
0.4144965085454981 0.428636891967108 0.025
0.4144965085454981 0.428636891967108 0.05
0.4144965085454981 0.428636891967108 0.07500000000000001
0.8301151369020129 0.6195024166690422 0.025
0.8301151369020129 0.6195024166690422 0.05
0.8301151369020129 0.6195024166690422 0.07500000000000001
0.7735667692840288 0.3323962384398393 0.025
0.7735667692840288 0.3323962384398393 0.05
0.7735667692840288 0.3323962384398393 0.07500000000000001
0.1281623794089549 0.6821316394550845 0.025
0.1281623794089549 0.6821316394550845 0.05
0.1281623794089549 0.6821316394550845 0.07500000000000001
0.552089563917908 0.3038268083627814 0.025
0.552089563917908 0.3038268083627814 0.05
0.552089563917908 0.3038268083627814 0.07500000000000001
0.1632806146985933 0.4873346745722307 0.025
0.1632806146985933 0.4873346745722307 0.05
0.1632806146985933 0.4873346745722307 0.07500000000000001
0.5634980018832434 0.1294959013299737 0.025
0.5634980018832434 0.1294959013299737 0.05
0.5634980018832434 0.1294959013299737 0.07500000000000001
0.205205923004208 0.4236405704466275 0.025
0.205205923004208 0.4236405704466275 0.05
0.205205923004208 0.4236405704466275 0.07500000000000001
0.3378503387064815 0.1343941331927005 0.025
0.3378503387064815 0.1343941331927005 0.05
0.3378503387064815 0.1343941331927005 0.07500000000000001
0.3576820752317198 0.4297998147517511 0.025
0.3576820752317198 0.4297998147517511 0.05
0.3576820752317198 0.4297998147517511 0.07500000000000001
0.5488128741237029 0.5427478737589103 0.025
0.5488128741237029 0.5427478737589103 0.05
0.5488128741237029 0.5427478737589103 0.07500000000000001
0.9053623872403256 0.2790644322894276 0.025
0.9053623872403256 0.2790644322894276 0.05
0.9053623872403256 0.2790644322894276 0.07500000000000001
0.803096906668366 0.2354187354703713 0.025
0.803096906668366 0.2354187354703713 0.05
0.803096906668366 0.2354187354703713 0.07500000000000001
0.7573714185264688 0.1752234079106421 0.025
0.7573714185264688 0.1752234079106421 0.05
0.7573714185264688 0.1752234079106421 0.07500000000000001
0.8226807146302296 0.7770051256122092 0.025
0.8226807146302296 0.7770051256122092 0.05
0.8226807146302296 0.7770051256122092 0.07500000000000001
0.7140554829537481 0.6882337902933264 0.025
0.7140554829537481 0.6882337902933264 0.05
0.7140554829537481 0.6882337902933264 0.07500000000000001
0.8258447306195839 0.3681510214198258 0.025
0.8258447306195839 0.3681510214198258 0.05
0.8258447306195839 0.3681510214198258 0.07500000000000001
0.2483805851183141 0.2813641336089869 0.025
0.2483805851183141 0.2813641336089869 0.05
0.2483805851183141 0.2813641336089869 0.07500000000000001
0.5208770520566144 0.2480177015461409 0.025
0.5208770520566144 0.2480177015461409 0.05
0.5208770520566144 0.2480177015461409 0.07500000000000001
0.0774832169315514 0.5158739809161036 0.025
0.0774832169315514 0.5158739809161036 0.05
0.0774832169315514 0.5158739809161036 0.07500000000000001
0.1187142815872235 0.5342735344303079 0.025
0.1187142815872235 0.5342735344303079 0.05
0.1187142815872235 0.5342735344303079 0.07500000000000001
0.07158985376671453 0.3941680323580186 0.025
0.07158985376671453 0.3941680323580186 0.05
0.07158985376671453 0.3941680323580186 0.07500000000000001
0.4218185975641144 0.2510752397558369 0.025
0.4218185975641144 0.2510752397558369 0.05
0.4218185975641144 0.2510752397558369 0.07500000000000001
0.1069224343491026 0.5649583617889226 0.025
0.1069224343491026 0.5649583617889226 0.05
0.1069224343491026 0.5649583617889226 0.07500000000000001
0.1437720721772384 0.6245415022521175 0.025
0.1437720721772384 0.6245415022521175 0.05
0.1437720721772384 0.6245415022521175 0.07500000000000001
0.1099724953514924 0.601545397340187 0.025
0.1099724953514924 0.601545397340187 0.05
0.1099724953514924 0.601545397340187 0.07500000000000001
0.1695276623139071 0.1351398801277409 0.025
0.1695276623139071 0.1351398801277409 0.05
0.1695276623139071 0.1351398801277409 0.07500000000000001
0.1699033354845799 0.3722746019799127 0.025
0.1699033354845799 0.3722746019799127 0.05
0.1699033354845799 0.3722746019799127 0.07500000000000001
0.37310798348095 0.5577447642202958 0.025
0.37310798348095 0.5577447642202958 0.05
0.37310798348095 0.5577447642202958 0.07500000000000001
0.218007731352816 0.2369702151414159 0.025
0.218007731352816 0.2369702151414159 0.05
0.218007731352816 0.2369702151414159 0.07500000000000001
0.1293854712296397 0.6534553030146089 0.025
0.1293854712296397 0.6534553030146089 0.05
0.1293854712296397 0.6534553030146089 0.07500000000000001
0.226340299858394 0.4494348539368746 0.025
0.226340299858394 0.4494348539368746 0.05
0.226340299858394 0.4494348539368746 0.07500000000000001
0.7984321644275649 0.03885145842773008 0.025
0.7984321644275649 0.03885145842773008 0.05
0.7984321644275649 0.03885145842773008 0.07500000000000001
0.1756956180888221 0.1618349597510199 0.025
0.1756956180888221 0.1618349597510199 0.05
0.1756956180888221 0.1618349597510199 0.07500000000000001
0.1995534235346141 0.4942310546443962 0.025
0.1995534235346141 0.4942310546443962 0.05
0.1995534235346141 0.4942310546443962 0.07500000000000001
0.4261353964690056 0.5628174013059787 0.025
0.4261353964690056 0.5628174013059787 0.05
0.4261353964690056 0.5628174013059787 0.07500000000000001
0.1219050501037204 0.9778017731179337 0.025
0.1219050501037204 0.9778017731179337 0.05
0.1219050501037204 0.9778017731179337 0.07500000000000001
0.02061351461514192 0.9369305194608391 0.025
0.02061351461514192 0.9369305194608391 0.05
0.02061351461514192 0.9369305194608391 0.07500000000000001
0.02087895396165745 0.3266804250603498 0.025
0.02087895396165745 0.3266804250603498 0.05
0.02087895396165745 0.3266804250603498 0.07500000000000001
0.1072215608977495 0.6674613243357761 0.025
0.1072215608977495 0.6674613243357761 0.05
0.1072215608977495 0.6674613243357761 0.07500000000000001
0.431523063971735 0.5800949842537407 0.025
0.431523063971735 0.5800949842537407 0.05
0.431523063971735 0.5800949842537407 0.07500000000000001
0.1889276004170923 0.374354465152255 0.025
0.1889276004170923 0.374354465152255 0.05
0.1889276004170923 0.374354465152255 0.07500000000000001
0.832279040323202 0.08681253218802784 0.025
0.832279040323202 0.08681253218802784 0.05
0.832279040323202 0.08681253218802784 0.07500000000000001
0.8108770329476522 0.1869485726998949 0.025
0.8108770329476522 0.1869485726998949 0.05
0.8108770329476522 0.1869485726998949 0.07500000000000001
0.3602485084958316 0.1453194432813431 0.025
0.3602485084958316 0.1453194432813431 0.05
0.3602485084958316 0.1453194432813431 0.07500000000000001
0.558788323029195 0.7153935624370402 0.025
0.558788323029195 0.7153935624370402 0.05
0.558788323029195 0.7153935624370402 0.07500000000000001
0.8385876920050843 0.9609648056474903 0.025
0.8385876920050843 0.9609648056474903 0.05
0.8385876920050843 0.9609648056474903 0.07500000000000001
0.5784050326200358 0.97536792729118 0.025
0.5784050326200358 0.97536792729118 0.05
0.5784050326200358 0.97536792729118 0.07500000000000001
0.3692134263941282 0.02918067502587507 0.025
0.3692134263941282 0.02918067502587507 0.05
0.3692134263941282 0.02918067502587507 0.07500000000000001
0.5820815478940101 0.08807862827001282 0.025
0.5820815478940101 0.08807862827001282 0.05
0.5820815478940101 0.08807862827001282 0.07500000000000001
0.6286789058008923 0.976885101177162 0.025
0.6286789058008923 0.976885101177162 0.05
0.6286789058008923 0.976885101177162 0.07500000000000001
0.8576966247889928 0.5968527300615566 0.025
0.8576966247889928 0.5968527300615566 0.05
0.8576966247889928 0.5968527300615566 0.07500000000000001
0.2182589660455929 0.1716590360845622 0.025
0.2182589660455929 0.1716590360845622 0.05
0.2182589660455929 0.1716590360845622 0.07500000000000001
0.2552083408946256 0.2223859823353971 0.025
0.2552083408946256 0.2223859823353971 0.05
0.2552083408946256 0.2223859823353971 0.07500000000000001
0.1482964247924746 0.09505774779580577 0.025
0.1482964247924746 0.09505774779580577 0.05
0.1482964247924746 0.09505774779580577 0.07500000000000001
0.4131017990790026 0.3115119482059071 0.025
0.4131017990790026 0.3115119482059071 0.05
0.4131017990790026 0.3115119482059071 0.07500000000000001
0.44681779332681 0.3098367263077169 0.025
0.44681779332681 0.3098367263077169 0.05
0.44681779332681 0.3098367263077169 0.07500000000000001
0.9331792783691556 0.3456904260416085 0.025
0.9331792783691556 0.3456904260416085 0.05
0.9331792783691556 0.3456904260416085 0.07500000000000001
0.5767662333523196 0.6914737698601386 0.025
0.5767662333523196 0.6914737698601386 0.05
0.5767662333523196 0.6914737698601386 0.07500000000000001
0.7070057718226743 0.6713807451059824 0.025
0.7070057718226743 0.6713807451059824 0.05
0.7070057718226743 0.6713807451059824 0.07500000000000001
0.6490784326980137 0.4462422801628847 0.025
0.6490784326980137 0.4462422801628847 0.05
0.6490784326980137 0.4462422801628847 0.07500000000000001
0.870850511722732 0.04020766180179059 0.025
0.870850511722732 0.04020766180179059 0.05
0.870850511722732 0.04020766180179059 0.07500000000000001
0.9214281811841486 0.07997017759554813 0.025
0.9214281811841486 0.07997017759554813 0.05
0.9214281811841486 0.07997017759554813 0.07500000000000001
0.1455729785772799 0.9787376491235661 0.025
0.1455729785772799 0.9787376491235661 0.05
0.1455729785772799 0.9787376491235661 0.07500000000000001
0.2642667325516307 0.2579528334053687 0.025
0.2642667325516307 0.2579528334053687 0.05
0.2642667325516307 0.2579528334053687 0.07500000000000001
0.9151954875429795 0.8922735711779295 0.025
0.9151954875429795 0.8922735711779295 0.05
0.9151954875429795 0.8922735711779295 0.07500000000000001
0.8051176794567604 0.7537022422898568 0.025
0.8051176794567604 0.7537022422898568 0.05
0.8051176794567604 0.7537022422898568 0.07500000000000001
0.6592148294621233 0.3095509525214351 0.025
0.6592148294621233 0.3095509525214351 0.05
0.6592148294621233 0.3095509525214351 0.07500000000000001
0.2251899087625745 0.5049017110554924 0.025
0.2251899087625745 0.5049017110554924 0.05
0.2251899087625745 0.5049017110554924 0.07500000000000001
0.6499338861436633 0.1083035526174786 0.025
0.6499338861436633 0.1083035526174786 0.05
0.6499338861436633 0.1083035526174786 0.07500000000000001
0.6364820769674118 0.06390454795940258 0.025
0.6364820769674118 0.06390454795940258 0.05
0.6364820769674118 0.06390454795940258 0.07500000000000001
0.574270856898342 0.6646006741476436 0.025
0.574270856898342 0.6646006741476436 0.05
0.574270856898342 0.6646006741476436 0.07500000000000001
0.5562482436805313 0.2515287867504015 0.025
0.5562482436805313 0.2515287867504015 0.05
0.5562482436805313 0.2515287867504015 0.07500000000000001
0.9494471732604931 0.9006101769835456 0.025
0.9494471732604931 0.9006101769835456 0.05
0.9494471732604931 0.9006101769835456 0.07500000000000001
0.5694630089270913 0.6361418807439152 0.025
0.5694630089270913 0.6361418807439152 0.05
0.5694630089270913 0.6361418807439152 0.07500000000000001
0.469208856686441 0.782886669748533 0.025
0.469208856686441 0.782886669748533 0.05
0.469208856686441 0.782886669748533 0.07500000000000001
0.9110565822983014 0.840993139548876 0.025
0.9110565822983014 0.840993139548876 0.05
0.9110565822983014 0.840993139548876 0.07500000000000001
0.0240845385301855 0.8646571034580924 0.025
0.0240845385301855 0.8646571034580924 0.05
0.0240845385301855 0.8646571034580924 0.07500000000000001
0.3952945616281546 0.5470852160088361 0.025
0.3952945616281546 0.5470852160088361 0.05
0.3952945616281546 0.5470852160088361 0.07500000000000001
0.2821706355889479 0.6689069954035096 0.025
0.2821706355889479 0.6689069954035096 0.05
0.2821706355889479 0.6689069954035096 0.07500000000000001
0.2927259081986837 0.616371153900282 0.025
0.2927259081986837 0.616371153900282 0.05
0.2927259081986837 0.616371153900282 0.07500000000000001
0.9536741701729639 0.9755813908969608 0.025
0.9536741701729639 0.9755813908969608 0.05
0.9536741701729639 0.9755813908969608 0.07500000000000001
0.6828048513245415 0.9565185620384737 0.025
0.6828048513245415 0.9565185620384737 0.05
0.6828048513245415 0.9565185620384737 0.07500000000000001
0.2780647380668259 0.6461642121460058 0.025
0.2780647380668259 0.6461642121460058 0.05
0.2780647380668259 0.6461642121460058 0.07500000000000001
0.218064033549476 0.4833669950985677 0.025
0.218064033549476 0.4833669950985677 0.05
0.218064033549476 0.4833669950985677 0.07500000000000001
0.5755437124625942 0.2798683570623414 0.025
0.5755437124625942 0.2798683570623414 0.05
0.5755437124625942 0.2798683570623414 0.07500000000000001
0.9572435505590018 0.9511851926271921 0.025
0.9572435505590018 0.9511851926271921 0.05
0.9572435505590018 0.9511851926271921 0.07500000000000001
0.4389029488440077 0.1449952796886306 0.025
0.4389029488440077 0.1449952796886306 0.05
0.4389029488440077 0.1449952796886306 0.07500000000000001
0.2298692266133495 0.5749264673901706 0.025
0.2298692266133495 0.5749264673901706 0.05
0.2298692266133495 0.5749264673901706 0.07500000000000001
0.2076785933707223 0.2034513238264595 0.025
0.2076785933707223 0.2034513238264595 0.05
0.2076785933707223 0.2034513238264595 0.07500000000000001
0.7251051243352098 0.9575628386606039 0.025
0.7251051243352098 0.9575628386606039 0.05
0.7251051243352098 0.9575628386606039 0.07500000000000001
0.2617694962230409 0.5971172233071709 0.025
0.2617694962230409 0.5971172233071709 0.05
0.2617694962230409 0.5971172233071709 0.07500000000000001
0.8300185704578977 0.2166310107818508 0.025
0.8300185704578977 0.2166310107818508 0.05
0.8300185704578977 0.2166310107818508 0.07500000000000001
0.1687056902900219 0.9623804759325336 0.025
0.1687056902900219 0.9623804759325336 0.05
0.1687056902900219 0.9623804759325336 0.07500000000000001
0.03535274451722262 0.5856888185315414 0.025
0.03535274451722262 0.5856888185315414 0.05
0.03535274451722262 0.5856888185315414 0.07500000000000001
0.6418755022048431 0.1501880686410435 0.025
0.6418755022048431 0.1501880686410435 0.05
0.6418755022048431 0.1501880686410435 0.07500000000000001
0.398999369442226 0.1409013928631277 0.025
0.398999369442226 0.1409013928631277 0.05
0.398999369442226 0.1409013928631277 0.07500000000000001
0.6504426457738224 0.1817911712474947 0.025
0.6504426457738224 0.1817911712474947 0.05
0.6504426457738224 0.1817911712474947 0.07500000000000001
0.3221829105220536 0.7649205553186631 0.025
0.3221829105220536 0.7649205553186631 0.05
0.3221829105220536 0.7649205553186631 0.07500000000000001
0.689441072128184 0.4212974724176153 0.025
0.689441072128184 0.4212974724176153 0.05
0.689441072128184 0.4212974724176153 0.07500000000000001
0.02156429184565725 0.9534088596050998 0.025
0.02156429184565725 0.9534088596050998 0.05
0.02156429184565725 0.9534088596050998 0.07500000000000001
0.2559500570092873 0.3142768950710923 0.025
0.2559500570092873 0.3142768950710923 0.05
0.2559500570092873 0.3142768950710923 0.07500000000000001
0.8452280059353514 0.693312697756804 0.025
0.8452280059353514 0.693312697756804 0.05
0.8452280059353514 0.693312697756804 0.07500000000000001
0.05086234613417401 0.9040122120922797 0.025
0.05086234613417401 0.9040122120922797 0.05
0.05086234613417401 0.9040122120922797 0.07500000000000001
0.8203433191031433 0.7295730328940357 0.025
0.8203433191031433 0.7295730328940357 0.05
0.8203433191031433 0.7295730328940357 0.07500000000000001
0.6786558802344776 0.9782088514461698 0.025
0.6786558802344776 0.9782088514461698 0.05
0.6786558802344776 0.9782088514461698 0.07500000000000001
0.04273130977796314 0.6256056563485767 0.025
0.04273130977796314 0.6256056563485767 0.05
0.04273130977796314 0.6256056563485767 0.07500000000000001
0.4354369812994572 0.02795111298231857 0.025
0.4354369812994572 0.02795111298231857 0.05
0.4354369812994572 0.02795111298231857 0.07500000000000001
0.2877423022836036 0.3124826610832335 0.025
0.2877423022836036 0.3124826610832335 0.05
0.2877423022836036 0.3124826610832335 0.07500000000000001
0.9293284856775157 0.2873946724609198 0.025
0.9293284856775157 0.2873946724609198 0.05
0.9293284856775157 0.2873946724609198 0.07500000000000001
0.9326585518359503 0.405188906832002 0.025
0.9326585518359503 0.405188906832002 0.05
0.9326585518359503 0.405188906832002 0.07500000000000001
0.08622153541210216 0.4524464031426893 0.025
0.08622153541210216 0.4524464031426893 0.05
0.08622153541210216 0.4524464031426893 0.07500000000000001
0.4688783020494394 0.02981021543157434 0.025
0.4688783020494394 0.02981021543157434 0.05
0.4688783020494394 0.02981021543157434 0.07500000000000001
0.8805228497155233 0.7293836522450816 0.025
0.8805228497155233 0.7293836522450816 0.05
0.8805228497155233 0.7293836522450816 0.07500000000000001
0.4804575566468022 0.4617985936357761 0.025
0.4804575566468022 0.4617985936357761 0.05
0.4804575566468022 0.4617985936357761 0.07500000000000001
0.4854107978132732 0.6363637606324881 0.025
0.4854107978132732 0.6363637606324881 0.05
0.4854107978132732 0.6363637606324881 0.07500000000000001
0.3307111813132182 0.382510597693941 0.025
0.3307111813132182 0.382510597693941 0.05
0.3307111813132182 0.382510597693941 0.07500000000000001
0.2851498188206347 0.3507262225603654 0.025
0.2851498188206347 0.3507262225603654 0.05
0.2851498188206347 0.3507262225603654 0.07500000000000001
0.1169218565341236 0.5805632429288184 0.025
0.1169218565341236 0.5805632429288184 0.05
0.1169218565341236 0.5805632429288184 0.07500000000000001
0.02395795345488555 0.5305728605716924 0.025
0.02395795345488555 0.5305728605716924 0.05
0.02395795345488555 0.5305728605716924 0.07500000000000001
0.05138299813487996 0.1423319182292763 0.025
0.05138299813487996 0.1423319182292763 0.05
0.05138299813487996 0.1423319182292763 0.07500000000000001
0.1896513060436243 0.9707512924810474 0.025
0.1896513060436243 0.9707512924810474 0.05
0.1896513060436243 0.9707512924810474 0.07500000000000001
0.2984215665281996 0.3742820612607585 0.025
0.2984215665281996 0.3742820612607585 0.05
0.2984215665281996 0.3742820612607585 0.07500000000000001
0.8285573215565736 0.4007343641721056 0.025
0.8285573215565736 0.4007343641721056 0.05
0.8285573215565736 0.4007343641721056 0.07500000000000001
0.9407385315746177 0.603650854588261 0.025
0.9407385315746177 0.603650854588261 0.05
0.9407385315746177 0.603650854588261 0.07500000000000001
0.727644611971107 0.480084812767499 0.025
0.727644611971107 0.480084812767499 0.05
0.727644611971107 0.480084812767499 0.07500000000000001
0.3906077006667283 0.6484807310901607 0.025
0.3906077006667283 0.6484807310901607 0.05
0.3906077006667283 0.6484807310901607 0.07500000000000001
0.7105564698093805 0.4544087682560045 0.025
0.7105564698093805 0.4544087682560045 0.05
0.7105564698093805 0.4544087682560045 0.07500000000000001
0.02867171114229081 0.2645532341593682 0.025
0.02867171114229081 0.2645532341593682 0.05
0.02867171114229081 0.2645532341593682 0.07500000000000001
0.7625999981974502 0.4750402026684026 0.025
0.7625999981974502 0.4750402026684026 0.05
0.7625999981974502 0.4750402026684026 0.07500000000000001
0.6950487638378661 0.6463326376064503 0.025
0.6950487638378661 0.6463326376064503 0.05
0.6950487638378661 0.6463326376064503 0.07500000000000001
0.8411097790804212 0.170722620059685 0.025
0.8411097790804212 0.170722620059685 0.05
0.8411097790804212 0.170722620059685 0.07500000000000001
0.4475612391630399 0.1061876018882854 0.025
0.4475612391630399 0.1061876018882854 0.05
0.4475612391630399 0.1061876018882854 0.07500000000000001
0.5177191374225635 0.4500015729432425 0.025
0.5177191374225635 0.4500015729432425 0.05
0.5177191374225635 0.4500015729432425 0.07500000000000001
0.2224602360800471 0.9552054715342049 0.025
0.2224602360800471 0.9552054715342049 0.05
0.2224602360800471 0.9552054715342049 0.07500000000000001
0.7708603319126908 0.5082728996079604 0.025
0.7708603319126908 0.5082728996079604 0.05
0.7708603319126908 0.5082728996079604 0.07500000000000001
0.01760061447515229 0.4489429641756953 0.025
0.01760061447515229 0.4489429641756953 0.05
0.01760061447515229 0.4489429641756953 0.07500000000000001
0.7969209208462091 0.5701637115246975 0.025
0.7969209208462091 0.5701637115246975 0.05
0.7969209208462091 0.5701637115246975 0.07500000000000001
0.9724813099939469 0.7719759202963539 0.025
0.9724813099939469 0.7719759202963539 0.05
0.9724813099939469 0.7719759202963539 0.07500000000000001
0.8624474171464377 0.405432532871746 0.025
0.8624474171464377 0.405432532871746 0.05
0.8624474171464377 0.405432532871746 0.07500000000000001
0.2927796502642517 0.05153941089562356 0.025
0.2927796502642517 0.05153941089562356 0.05
0.2927796502642517 0.05153941089562356 0.07500000000000001
0.7813873057890183 0.5336221535409928 0.025
0.7813873057890183 0.5336221535409928 0.05
0.7813873057890183 0.5336221535409928 0.07500000000000001
0.02191758418942258 0.4904393182263858 0.025
0.02191758418942258 0.4904393182263858 0.05
0.02191758418942258 0.4904393182263858 0.07500000000000001
0.4583643504842899 0.07673358731278171 0.025
0.4583643504842899 0.07673358731278171 0.05
0.4583643504842899 0.07673358731278171 0.07500000000000001
0.9431314060139702 0.6522761785116431 0.025
0.9431314060139702 0.6522761785116431 0.05
0.9431314060139702 0.6522761785116431 0.07500000000000001
0.6179429603552667 0.2916392506396105 0.025
0.6179429603552667 0.2916392506396105 0.05
0.6179429603552667 0.2916392506396105 0.07500000000000001
0.4116424337787565 0.9599519238729252 0.025
0.4116424337787565 0.9599519238729252 0.05
0.4116424337787565 0.9599519238729252 0.07500000000000001
0.3873828560426663 0.9565052988589957 0.025
0.3873828560426663 0.9565052988589957 0.05
0.3873828560426663 0.9565052988589957 0.07500000000000001
0.09845610144449811 0.1161092714708077 0.025
0.09845610144449811 0.1161092714708077 0.05
0.09845610144449811 0.1161092714708077 0.07500000000000001
0.2436554854970771 0.9586680538203056 0.025
0.2436554854970771 0.9586680538203056 0.05
0.2436554854970771 0.9586680538203056 0.07500000000000001
0.8863398004097482 0.1884881826174168 0.025
0.8863398004097482 0.1884881826174168 0.05
0.8863398004097482 0.1884881826174168 0.07500000000000001
0.1180747198797367 0.01935571393337208 0.025
0.1180747198797367 0.01935571393337208 0.05
0.1180747198797367 0.01935571393337208 0.07500000000000001
0.9718614877996652 0.7133158587863681 0.025
0.9718614877996652 0.7133158587863681 0.05
0.9718614877996652 0.7133158587863681 0.07500000000000001
0.02143591944474953 0.6712338228684925 0.025
0.02143591944474953 0.6712338228684925 0.05
0.02143591944474953 0.6712338228684925 0.07500000000000001
0.8315544700379127 0.5738621754764465 0.025
0.8315544700379127 0.5738621754764465 0.05
0.8315544700379127 0.5738621754764465 0.07500000000000001
0.6466598563451452 0.6108298946020084 0.025
0.6466598563451452 0.6108298946020084 0.05
0.6466598563451452 0.6108298946020084 0.07500000000000001
0.02006493962420735 0.1177101610928967 0.025
0.02006493962420735 0.1177101610928967 0.05
0.02006493962420735 0.1177101610928967 0.07500000000000001
0.9636023288161623 0.1276081812932712 0.025
0.9636023288161623 0.1276081812932712 0.05
0.9636023288161623 0.1276081812932712 0.07500000000000001
0.1754791882589269 0.04122512361718346 0.025
0.1754791882589269 0.04122512361718346 0.05
0.1754791882589269 0.04122512361718346 0.07500000000000001
0.4610948009494777 0.7645373890662333 0.025
0.4610948009494777 0.7645373890662333 0.05
0.4610948009494777 0.7645373890662333 0.07500000000000001
0.5131351639036051 0.4066866622570979 0.025
0.5131351639036051 0.4066866622570979 0.05
0.5131351639036051 0.4066866622570979 0.07500000000000001
0.04426030102475907 0.7588427028445105 0.025
0.04426030102475907 0.7588427028445105 0.05
0.04426030102475907 0.7588427028445105 0.07500000000000001
0.2672338447498599 0.9595702322113175 0.025
0.2672338447498599 0.9595702322113175 0.05
0.2672338447498599 0.9595702322113175 0.07500000000000001
0.6465811310680224 0.2812786047496239 0.025
0.6465811310680224 0.2812786047496239 0.05
0.6465811310680224 0.2812786047496239 0.07500000000000001
0.7555149535327839 0.9516485957374097 0.025
0.7555149535327839 0.9516485957374097 0.05
0.7555149535327839 0.9516485957374097 0.07500000000000001
0.9430678251163815 0.4702206159749773 0.025
0.9430678251163815 0.4702206159749773 0.05
0.9430678251163815 0.4702206159749773 0.07500000000000001
0.9181416138900016 0.1812121207807916 0.025
0.9181416138900016 0.1812121207807916 0.05
0.9181416138900016 0.1812121207807916 0.07500000000000001
0.09297019352898245 0.1536640908866103 0.025
0.09297019352898245 0.1536640908866103 0.05
0.09297019352898245 0.1536640908866103 0.07500000000000001
0.4356024934393563 0.977735503524902 0.025
0.4356024934393563 0.977735503524902 0.05
0.4356024934393563 0.977735503524902 0.07500000000000001
0.9122495396049386 0.7060211583730112 0.025
0.9122495396049386 0.7060211583730112 0.05
0.9122495396049386 0.7060211583730112 0.07500000000000001
0.4638915793722241 0.05789146567323707 0.025
0.4638915793722241 0.05789146567323707 0.05
0.4638915793722241 0.05789146567323707 0.07500000000000001
0.6329437970172519 0.5865054857806133 0.025
0.6329437970172519 0.5865054857806133 0.05
0.6329437970172519 0.5865054857806133 0.07500000000000001
0.04515269508819328 0.8069855121630624 0.025
0.04515269508819328 0.8069855121630624 0.05
0.04515269508819328 0.8069855121630624 0.07500000000000001
0.6030592158227684 0.0798386470353008 0.025
0.6030592158227684 0.0798386470353008 0.05
0.6030592158227684 0.0798386470353008 0.07500000000000001
0.3438899442856901 0.4067718204087153 0.025
0.3438899442856901 0.4067718204087153 0.05
0.3438899442856901 0.4067718204087153 0.07500000000000001
0.7765983452951758 0.9595354311967469 0.025
0.7765983452951758 0.9595354311967469 0.05
0.7765983452951758 0.9595354311967469 0.07500000000000001
0.04691054730162166 0.1904272603282278 0.025
0.04691054730162166 0.1904272603282278 0.05
0.04691054730162166 0.1904272603282278 0.07500000000000001
0.01967605077182606 0.2886419063373509 0.025
0.01967605077182606 0.2886419063373509 0.05
0.01967605077182606 0.2886419063373509 0.07500000000000001
0.623906145346393 0.4055972205102817 0.025
0.623906145346393 0.4055972205102817 0.05
0.623906145346393 0.4055972205102817 0.07500000000000001
0.0485289936532323 0.2367717076300836 0.025
0.0485289936532323 0.2367717076300836 0.05
0.0485289936532323 0.2367717076300836 0.07500000000000001
0.8675673361235463 0.5699200020934758 0.025
0.8675673361235463 0.5699200020934758 0.05
0.8675673361235463 0.5699200020934758 0.07500000000000001
0.396889292324674 0.7674145023214525 0.025
0.396889292324674 0.7674145023214525 0.05
0.396889292324674 0.7674145023214525 0.07500000000000001
0.3544625075796112 0.7547540694388599 0.025
0.3544625075796112 0.7547540694388599 0.05
0.3544625075796112 0.7547540694388599 0.07500000000000001
0.3745095919341886 0.7611531684570029 0.025
0.3745095919341886 0.7611531684570029 0.05
0.3745095919341886 0.7611531684570029 0.07500000000000001
0.2926608048020145 0.9597176506059798 0.025
0.2926608048020145 0.9597176506059798 0.05
0.2926608048020145 0.9597176506059798 0.07500000000000001
0.04258530765567335 0.3267843394863772 0.025
0.04258530765567335 0.3267843394863772 0.05
0.04258530765567335 0.3267843394863772 0.07500000000000001
0.4191955682769336 0.7768743305298571 0.025
0.4191955682769336 0.7768743305298571 0.05
0.4191955682769336 0.7768743305298571 0.07500000000000001
0.06935823046285836 0.371612431790228 0.025
0.06935823046285836 0.371612431790228 0.05
0.06935823046285836 0.371612431790228 0.07500000000000001
0.1480607463765462 0.047158321966481 0.025
0.1480607463765462 0.047158321966481 0.05
0.1480607463765462 0.047158321966481 0.07500000000000001
0.9570813471875974 0.04382476715111141 0.025
0.9570813471875974 0.04382476715111141 0.05
0.9570813471875974 0.04382476715111141 0.07500000000000001
0.3203731910768483 0.9599775218299433 0.025
0.3203731910768483 0.9599775218299433 0.05
0.3203731910768483 0.9599775218299433 0.07500000000000001
0.6474623408280582 0.5561264302158819 0.025
0.6474623408280582 0.5561264302158819 0.05
0.6474623408280582 0.5561264302158819 0.07500000000000001
0.9131164009449769 0.679010326861674 0.025
0.9131164009449769 0.679010326861674 0.05
0.9131164009449769 0.679010326861674 0.07500000000000001
0.0203948120924593 0.7178960086692492 0.025
0.0203948120924593 0.7178960086692492 0.05
0.0203948120924593 0.7178960086692492 0.07500000000000001
0.1926060654552989 0.04126368486804287 0.025
0.1926060654552989 0.04126368486804287 0.05
0.1926060654552989 0.04126368486804287 0.07500000000000001
0.9330342896707837 0.5390203742939514 0.025
0.9330342896707837 0.5390203742939514 0.05
0.9330342896707837 0.5390203742939514 0.07500000000000001
0.9595774087455288 0.2220727438312617 0.025
0.9595774087455288 0.2220727438312617 0.05
0.9595774087455288 0.2220727438312617 0.07500000000000001
0.9435012199758097 0.7925434112931496 0.025
0.9435012199758097 0.7925434112931496 0.05
0.9435012199758097 0.7925434112931496 0.07500000000000001
0.3856421187133593 0.9075150223022455 0.025
0.3856421187133593 0.9075150223022455 0.05
0.3856421187133593 0.9075150223022455 0.07500000000000001
0.9769551956138247 0.9754633361993217 0.025
0.9769551956138247 0.9754633361993217 0.05
0.9769551956138247 0.9754633361993217 0.07500000000000001
0.9030375509162218 0.415829493192606 0.025
0.9030375509162218 0.415829493192606 0.05
0.9030375509162218 0.415829493192606 0.07500000000000001
0.09433705566813227 0.1770832698118618 0.025
0.09433705566813227 0.1770832698118618 0.05
0.09433705566813227 0.1770832698118618 0.07500000000000001
0.7912784004248762 0.9653346145568227 0.025
0.7912784004248762 0.9653346145568227 0.05
0.7912784004248762 0.9653346145568227 0.07500000000000001
0.4570495138185268 0.9862878243093126 0.025
0.4570495138185268 0.9862878243093126 0.05
0.4570495138185268 0.9862878243093126 0.07500000000000001
0.376937195342268 0.8793888302060395 0.025
0.376937195342268 0.8793888302060395 0.05
0.376937195342268 0.8793888302060395 0.07500000000000001
0.2159916715384415 0.04321400026820185 0.025
0.2159916715384415 0.04321400026820185 0.05
0.2159916715384415 0.04321400026820185 0.07500000000000001
0.02323839698091878 0.9762962980546327 0.025
0.02323839698091878 0.9762962980546327 0.05
0.02323839698091878 0.9762962980546327 0.07500000000000001
0.632967214204237 0.9527639528334907 0.025
0.632967214204237 0.9527639528334907 0.05
0.632967214204237 0.9527639528334907 0.07500000000000001
0.3349935300055796 0.9643224802613478 0.025
0.3349935300055796 0.9643224802613478 0.05
0.3349935300055796 0.9643224802613478 0.07500000000000001
0.8989449018950946 0.5153280395362426 0.025
0.8989449018950946 0.5153280395362426 0.05
0.8989449018950946 0.5153280395362426 0.07500000000000001
0.1403232270488871 0.02120498097504676 0.025
0.1403232270488871 0.02120498097504676 0.05
0.1403232270488871 0.02120498097504676 0.07500000000000001
0.3761340427302293 0.4117008258681278 0.025
0.3761340427302293 0.4117008258681278 0.05
0.3761340427302293 0.4117008258681278 0.07500000000000001
0.4475555104038241 0.7009129541289192 0.025
0.4475555104038241 0.7009129541289192 0.05
0.4475555104038241 0.7009129541289192 0.07500000000000001
0.6052836214029178 0.553894152594919 0.025
0.6052836214029178 0.553894152594919 0.05
0.6052836214029178 0.553894152594919 0.07500000000000001
0.3386003171191872 0.8814262327568511 0.025
0.3386003171191872 0.8814262327568511 0.05
0.3386003171191872 0.8814262327568511 0.07500000000000001
0.3447076971040846 0.848902645743455 0.025
0.3447076971040846 0.848902645743455 0.05
0.3447076971040846 0.848902645743455 0.07500000000000001
0.4065485514792258 0.4157022553202609 0.025
0.4065485514792258 0.4157022553202609 0.05
0.4065485514792258 0.4157022553202609 0.07500000000000001
0.4527964790092278 0.6693059918375789 0.025
0.4527964790092278 0.6693059918375789 0.05
0.4527964790092278 0.6693059918375789 0.07500000000000001
0.1695505749723316 0.09771562068053963 0.025
0.1695505749723316 0.09771562068053963 0.05
0.1695505749723316 0.09771562068053963 0.07500000000000001
0.9318275408739601 0.3124418029574673 0.025
0.9318275408739601 0.3124418029574673 0.05
0.9318275408739601 0.3124418029574673 0.07500000000000001
0.04738624167830909 0.8551492260926069 0.025
0.04738624167830909 0.8551492260926069 0.05
0.04738624167830909 0.8551492260926069 0.07500000000000001
0.4895904042054217 0.9611259865667945 0.025
0.4895904042054217 0.9611259865667945 0.05
0.4895904042054217 0.9611259865667945 0.07500000000000001
0.6662895459651639 0.2446718465085927 0.025
0.6662895459651639 0.2446718465085927 0.05
0.6662895459651639 0.2446718465085927 0.07500000000000001
0.1557004873939193 0.0741633561191283 0.025
0.1557004873939193 0.0741633561191283 0.05
0.1557004873939193 0.0741633561191283 0.07500000000000001
0.3403888951480304 0.8223029394047179 0.025
0.3403888951480304 0.8223029394047179 0.05
0.3403888951480304 0.8223029394047179 0.07500000000000001
0.5512538135086508 0.4003413456576666 0.025
0.5512538135086508 0.4003413456576666 0.05
0.5512538135086508 0.4003413456576666 0.07500000000000001
0.8315905386223547 0.9807883435687982 0.025
0.8315905386223547 0.9807883435687982 0.05
0.8315905386223547 0.9807883435687982 0.07500000000000001
0.1111867877814495 0.1880059391349299 0.025
0.1111867877814495 0.1880059391349299 0.05
0.1111867877814495 0.1880059391349299 0.07500000000000001
0.04015751998450982 0.9276283286913242 0.025
0.04015751998450982 0.9276283286913242 0.05
0.04015751998450982 0.9276283286913242 0.07500000000000001
0.3334772795546264 0.8018766612954551 0.025
0.3334772795546264 0.8018766612954551 0.05
0.3334772795546264 0.8018766612954551 0.07500000000000001
0.937005239977987 0.8868445554013895 0.025
0.937005239977987 0.8868445554013895 0.05
0.937005239977987 0.8868445554013895 0.07500000000000001
0.9330662930868689 0.3798291557031616 0.025
0.9330662930868689 0.3798291557031616 0.05
0.9330662930868689 0.3798291557031616 0.07500000000000001
0.02462755149421287 0.3997361921216822 0.025
0.02462755149421287 0.3997361921216822 0.05
0.02462755149421287 0.3997361921216822 0.07500000000000001
0.2283589506666735 0.5500305527578441 0.025
0.2283589506666735 0.5500305527578441 0.05
0.2283589506666735 0.5500305527578441 0.07500000000000001
0.6097309355706848 0.03033082510204685 0.025
0.6097309355706848 0.03033082510204685 0.05
0.6097309355706848 0.03033082510204685 0.07500000000000001
0.4973664375803 0.6493779570536025 0.025
0.4973664375803 0.6493779570536025 0.05
0.4973664375803 0.6493779570536025 0.07500000000000001
0.4152749708284751 0.3847903527033582 0.025
0.4152749708284751 0.3847903527033582 0.05
0.4152749708284751 0.3847903527033582 0.07500000000000001
0.2410021788155851 0.04687704986417289 0.025
0.2410021788155851 0.04687704986417289 0.05
0.2410021788155851 0.04687704986417289 0.07500000000000001
0.2515985711670036 0.5235099946756042 0.025
0.2515985711670036 0.5235099946756042 0.05
0.2515985711670036 0.5235099946756042 0.07500000000000001
0.5039841381830754 0.9796225812652338 0.025
0.5039841381830754 0.9796225812652338 0.05
0.5039841381830754 0.9796225812652338 0.07500000000000001
0.4894270389174019 0.669442603633789 0.025
0.4894270389174019 0.669442603633789 0.05
0.4894270389174019 0.669442603633789 0.07500000000000001
0.9131518826072025 0.9591997660566373 0.025
0.9131518826072025 0.9591997660566373 0.05
0.9131518826072025 0.9591997660566373 0.07500000000000001
0.03988917024125201 0.1227737043196547 0.025
0.03988917024125201 0.1227737043196547 0.05
0.03988917024125201 0.1227737043196547 0.07500000000000001
0.3383952637982292 0.06134651005607825 0.025
0.3383952637982292 0.06134651005607825 0.05
0.3383952637982292 0.06134651005607825 0.07500000000000001
0.612013843360702 0.9194961761398031 0.025
0.612013843360702 0.9194961761398031 0.05
0.612013843360702 0.9194961761398031 0.07500000000000001
0.1811331421535508 0.1149444245328511 0.025
0.1811331421535508 0.1149444245328511 0.05
0.1811331421535508 0.1149444245328511 0.07500000000000001
0.01333339501562757 0.5766078497686649 0.025
0.01333339501562757 0.5766078497686649 0.05
0.01333339501562757 0.5766078497686649 0.07500000000000001
0.6904056980944886 0.2087908161396955 0.025
0.6904056980944886 0.2087908161396955 0.05
0.6904056980944886 0.2087908161396955 0.07500000000000001
0.5641773555772649 0.5216782476224131 0.025
0.5641773555772649 0.5216782476224131 0.05
0.5641773555772649 0.5216782476224131 0.07500000000000001
0.6018667362115278 0.5177674415464626 0.025
0.6018667362115278 0.5177674415464626 0.05
0.6018667362115278 0.5177674415464626 0.07500000000000001
0.5862706403467534 0.3977969722568885 0.025
0.5862706403467534 0.3977969722568885 0.05
0.5862706403467534 0.3977969722568885 0.07500000000000001
0.9425838654091721 0.6243687028688664 0.025
0.9425838654091721 0.6243687028688664 0.05
0.9425838654091721 0.6243687028688664 0.07500000000000001
0.5086632154454531 0.510712958816935 0.025
0.5086632154454531 0.510712958816935 0.05
0.5086632154454531 0.510712958816935 0.07500000000000001
0.4909924632672643 0.4956588689367878 0.025
0.4909924632672643 0.4956588689367878 0.05
0.4909924632672643 0.4956588689367878 0.07500000000000001
0.4213556361567759 0.3579301815744592 0.025
0.4213556361567759 0.3579301815744592 0.05
0.4213556361567759 0.3579301815744592 0.07500000000000001
0.04002166014298621 0.6085117048122436 0.025
0.04002166014298621 0.6085117048122436 0.05
0.04002166014298621 0.6085117048122436 0.07500000000000001
0.5436140618797713 0.5057399565458912 0.025
0.5436140618797713 0.5057399565458912 0.05
0.5436140618797713 0.5057399565458912 0.07500000000000001
0.633641860905939 0.8976601611351529 0.025
0.633641860905939 0.8976601611351529 0.05
0.633641860905939 0.8976601611351529 0.07500000000000001
0.5275047502153252 0.9579631548748416 0.025
0.5275047502153252 0.9579631548748416 0.05
0.5275047502153252 0.9579631548748416 0.07500000000000001
0.07820889941050471 0.4293720123991551 0.025
0.07820889941050471 0.4293720123991551 0.05
0.07820889941050471 0.4293720123991551 0.07500000000000001
0.9623282576568966 0.9244085043284325 0.025
0.9623282576568966 0.9244085043284325 0.05
0.9623282576568966 0.9244085043284325 0.07500000000000001
0.7420157709564383 0.06359981863036181 0.025
0.7420157709564383 0.06359981863036181 0.05
0.7420157709564383 0.06359981863036181 0.07500000000000001
0.9304015007440483 0.1430167961280068 0.025
0.9304015007440483 0.1430167961280068 0.05
0.9304015007440483 0.1430167961280068 0.07500000000000001
0.1188177309484961 0.2175040761607667 0.025
0.1188177309484961 0.2175040761607667 0.05
0.1188177309484961 0.2175040761607667 0.07500000000000001
0.4486723837663016 0.7290932705506546 0.025
0.4486723837663016 0.7290932705506546 0.05
0.4486723837663016 0.7290932705506546 0.07500000000000001
0.8573916372746562 0.9829843089800928 0.025
0.8573916372746562 0.9829843089800928 0.05
0.8573916372746562 0.9829843089800928 0.07500000000000001
$EndNodes
$Elements
7 8848 1 8848
2 1000 3 1388
1 1158 1187 954 965 
2 347 1247 1246 1272 
3 701 444 446 1050 
4 1427 342 1110 1432 
5 1522 1140 1201 339 
6 733 1101 1103 1367 
7 965 1416 307 1158 
8 1124 325 1077 981 
9 320 1340 1020 1382 
10 1272 1246 1340 320 
11 345 1466 1004 1117 
12 560 1426 994 1429 
13 1069 1003 1004 1466 
14 1090 301 1498 1073 
15 1320 1486 1251 881 
16 1382 1020 1019 1409 
17 621 1468 1151 1462 
18 294 1124 981 1307 
19 1203 1493 1248 980 
20 1056 1057 1058 1457 
21 514 1072 416 418 
22 989 1219 296 1393 
23 968 1524 1146 1406 
24 401 403 704 1081 
25 1229 1083 1499 299 
26 1038 1107 1110 1587 
27 1474 1176 1523 130 
28 1460 603 1479 1044 
29 1490 1090 1538 1342 
30 690 1189 1326 1034 
31 1312 1436 1191 1510 
32 1069 1022 1494 723 
33 1434 1186 1437 619 
34 1056 1195 685 1365 
35 1072 514 1179 1026 
36 1534 1068 1556 330 
37 1414 1430 1215 716 
38 692 1060 903 1301 
39 105 106 1423 1080 
40 995 1378 324 1388 
41 1517 428 1537 1172 
42 1022 1023 350 1494 
43 1372 1049 1048 1379 
44 940 1476 435 1321 
45 1426 560 1437 1185 
46 1050 1425 1429 994 
47 1409 1019 1439 310 
48 1472 1092 701 1012 
49 1445 937 1406 1146 
50 1033 1366 595 1369 
51 1555 1285 1541 950 
52 1579 925 1584 1225 
53 1444 1017 1575 1335 
54 1060 692 1167 1142 
55 1127 1402 1030 1401 
56 1366 1033 1365 685 
57 330 1504 1013 1534 
58 1394 1025 1589 300 
59 953 1190 1034 844 
60 786 1064 1065 832 
61 1451 340 1035 1428 
62 368 1079 525 366 
63 329 1070 1025 1394 
64 915 1192 1190 1191 
65 55 1047 1393 54 
66 803 751 753 1106 
67 292 1065 1064 1567 
68 863 1368 1126 1127 
69 905 1226 698 1100 
70 1568 1040 1593 781 
71 1121 304 1539 1084 
72 1291 892 1443 1441 
73 1076 1075 1081 704 
74 890 1270 820 1237 
75 1398 481 1379 1048 
76 773 349 348 1067 
77 904 1293 493 1091 
78 1079 1052 1329 525 
79 790 1167 692 691 
80 1525 1177 1474 302 
81 1062 1063 1064 921 
82 1189 1157 578 1326 
83 608 1088 1122 593 
84 887 1179 1012 889 
85 1550 979 1560 1257 
86 1004 1522 339 1117 
87 1416 1078 1580 307 
88 1435 1398 1097 1098 
89 1603 1154 1142 1167 
90 711 1557 1031 1562 
91 1103 1104 1533 1367 
92 1235 725 1096 1097 
93 1381 1386 1072 1027 
94 561 1376 1061 1370 
95 1143 1473 937 1445 
96 790 986 1603 1167 
97 823 1329 1052 1305 
98 1460 1044 1599 1323 
99 1370 1061 1371 604 
100 1085 1086 1542 316 
101 996 997 1609 612 
102 1553 1219 1590 987 
103 1365 1054 1055 1056 
104 91 1124 294 90 
105 1141 1142 1154 799 
106 1563 530 1586 1217 
107 780 689 690 1192 
108 368 1293 904 1079 
109 1164 1123 921 920 
110 1148 1028 1543 309 
111 562 1464 1369 595 
112 1226 1227 1376 561 
113 903 1088 608 1301 
114 1128 1122 1088 918 
115 1034 1190 1192 690 
116 1207 457 1377 1353 
117 1152 1151 1468 1463 
118 1113 326 1511 1039 
119 1407 1066 1388 324 
120 405 409 412 1125 
121 1327 1408 1066 1407 
122 319 1018 1106 1038 
123 1115 17 18 1116 
124 1291 1415 965 899 
125 773 1534 1013 1569 
126 902 1095 1188 828 
127 1038 1106 753 1107 
128 1265 1089 1326 578 
129 799 1289 1193 1141 
130 1198 1304 642 1298 
131 771 1181 1169 1318 
132 1054 1053 1465 293 
133 1235 1097 1398 866 
134 1261 1253 1270 928 
135 1280 1207 1353 919 
136 1121 1084 1082 1222 
137 1249 1261 928 1283 
138 1377 1215 1430 942 
139 493 1280 919 1387 
140 1028 1148 1165 1149 
141 330 79 80 1118 
142 1200 1457 1058 1605 
143 1100 698 1212 1331 
144 1071 1070 329 1453 
145 1479 603 1506 1234 
146 615 1381 1027 1424 
147 1012 1179 514 1472 
148 1368 534 504 1126 
149 1191 1436 1099 915 
150 1249 1252 770 1261 
151 1328 1448 934 1450 
152 1108 1419 1606 1109 
153 1018 319 1611 1037 
154 831 1489 1516 1307 
155 314 81 82 1137 
156 333 1480 1495 1273 
157 1145 470 491 1144 
158 17 1115 316 16 
159 1542 1086 1512 322 
160 1322 856 1210 1211 
161 947 1139 840 814 
162 626 1188 1095 662 
163 1467 1439 1237 1236 
164 33 1165 1148 32 
165 794 1132 1131 1339 
166 1415 1291 1441 757 
167 567 468 470 1145 
168 1149 1422 960 1028 
169 1377 457 1214 1215 
170 703 645 799 1154 
171 1180 1130 1208 660 
172 1130 1180 1120 901 
173 982 983 985 984 
174 837 839 1062 1204 
175 461 485 1122 1128 
176 623 1332 1089 1265 
177 459 1128 918 1295 
178 963 789 777 1199 
179 593 1122 485 499 
180 921 1123 1204 1062 
181 1116 18 19 303 
182 770 1252 1232 1254 
183 331 1274 1507 1105 
184 948 836 983 982 
185 866 767 665 1235 
186 836 1241 1093 983 
187 22 1156 326 21 
188 1241 811 1048 1049 
189 1118 80 81 314 
190 440 1169 1168 433 
191 940 807 737 1131 
192 1478 831 735 1094 
193 837 1204 646 1297 
194 767 727 726 665 
195 822 834 1177 1205 
196 1187 96 97 312 
197 856 387 390 1210 
198 32 1148 309 31 
199 1235 663 662 725 
200 827 1161 741 743 
201 1188 626 547 625 
202 1238 545 546 547 
203 440 475 1318 1169 
204 537 1133 781 566 
205 663 628 626 662 
206 1119 840 1139 1138 
207 337 1057 1056 1055 
208 785 943 1203 1202 
209 1002 1001 999 1000 
210 971 970 974 972 
211 345 1117 134 135 
212 1124 91 92 325 
213 504 489 694 1126 
214 1171 808 807 849 
215 1041 1042 1147 851 
216 1198 776 548 1197 
217 349 308 139 348 
218 1264 1232 1252 833 
219 510 496 495 1193 
220 1120 1180 1269 976 
221 431 1214 380 382 
222 1278 1221 842 1220 
223 577 636 770 1254 
224 828 673 674 740 
225 1157 522 524 578 
226 768 836 948 835 
227 1104 1103 1578 295 
228 1137 82 83 323 
229 938 913 810 1136 
230 1032 1150 745 853 
231 1164 646 1204 1123 
232 1117 339 133 134 
233 1106 1018 869 803 
234 24 1174 298 23 
235 433 1168 602 426 
236 458 478 479 475 
237 803 752 659 751 
238 431 716 1215 1214 
239 607 593 499 521 
240 767 768 835 727 
241 633 608 593 607 
242 1156 22 23 298 
243 1161 1159 740 741 
244 633 607 1157 1189 
245 1119 1178 722 840 
246 751 659 658 688 
247 1264 1231 1230 1232 
248 807 940 1321 849 
249 869 804 752 803 
250 1143 513 519 520 
251 478 495 496 479 
252 1567 1266 1585 292 
253 1408 346 1503 1112 
254 578 524 539 1265 
255 1129 594 678 695 
256 633 689 691 634 
257 1170 719 760 857 
258 1174 24 25 327 
259 1121 1222 765 847 
260 659 623 622 658 
261 1141 1193 495 841 
262 804 1163 952 826 
263 743 745 1150 827 
264 1161 827 1151 1152 
265 1218 838 837 702 
266 689 780 790 691 
267 475 440 441 458 
268 1142 1141 841 1060 
269 826 952 953 844 
270 1393 1047 988 989 
271 1226 905 1349 1227 
272 1214 457 378 380 
273 938 966 967 939 
274 580 1208 1130 1282 
275 496 510 511 509 
276 1492 943 832 1196 
277 406 417 418 416 
278 26 1194 327 25 
279 1553 987 907 1035 
280 499 500 522 521 
281 1144 491 512 513 
282 317 1239 1149 1165 
283 1176 834 821 1175 
284 522 1157 607 521 
285 1194 26 27 301 
286 1297 646 585 582 
287 510 528 529 511 
288 602 414 415 426 
289 780 906 907 790 
290 913 938 939 936 
291 587 585 646 1164 
292 1153 454 429 1255 
293 988 839 837 838 
294 528 581 582 529 
295 1189 690 689 633 
296 417 419 420 418 
297 1165 33 34 317 
298 970 971 1233 969 
299 1505 962 789 963 
300 485 486 500 499 
301 1225 1224 797 1186 
302 804 869 1392 1163 
303 534 532 531 504 
304 999 998 1005 1000 
305 432 425 420 424 
306 1590 1603 986 987 
307 828 740 1159 865 
308 909 1184 720 755 
309 1192 915 906 780 
310 1197 1267 1304 1198 
311 1166 1256 631 779 
312 1207 376 378 457 
313 590 1208 580 542 
314 625 629 674 673 
315 1280 374 376 1207 
316 1202 706 708 785 
317 630 706 707 631 
318 416 400 401 406 
319 630 631 1256 606 
320 612 1114 1329 996 
321 547 546 629 625 
322 664 663 1235 665 
323 955 821 796 795 
324 1155 343 35 36 
325 1256 1166 1014 845 
326 396 615 1210 393 
327 672 647 700 1224 
328 1178 1281 635 1228 
329 1125 704 403 405 
330 811 1241 836 768 
331 672 431 388 647 
332 786 832 943 785 
333 1209 456 443 439 
334 439 438 1024 1209 
335 1060 841 761 903 
336 1315 929 1433 1094 
337 581 583 645 644 
338 1185 797 720 1184 
339 755 889 993 909 
340 841 495 478 761 
341 1173 84 85 300 
342 1218 989 988 838 
343 1096 725 662 1095 
344 472 453 452 471 
345 471 482 483 472 
346 553 555 556 554 
347 701 1050 994 993 
348 1180 660 640 1269 
349 461 474 486 485 
350 432 438 439 425 
351 720 797 1224 700 
352 644 645 703 702 
353 702 837 1297 644 
354 737 807 808 806 
355 1206 445 444 443 
356 1220 842 502 450 
357 553 552 502 1212 
358 1231 497 517 1230 
359 1231 483 482 497 
360 1110 1107 1108 1109 
361 433 434 441 440 
362 575 635 636 577 
363 1114 612 360 362 
364 1198 1298 963 1199 
365 1178 1228 654 722 
366 453 449 447 452 
367 1230 517 575 577 
368 1220 450 448 449 
369 694 489 488 477 
370 317 34 35 1213 
371 775 814 840 722 
372 1264 487 483 1231 
373 777 776 1198 1199 
374 431 382 383 388 
375 1273 1495 1508 305 
376 628 627 547 626 
377 1278 1220 449 453 
378 449 448 446 447 
379 426 427 434 433 
380 1448 1087 1459 934 
381 1210 390 392 393 
382 1094 735 650 1315 
383 685 1195 600 599 
384 1212 698 555 553 
385 542 516 494 505 
386 439 443 444 442 
387 1270 1253 682 820 
388 656 640 591 641 
389 857 858 956 859 
390 681 801 820 682 
391 640 590 543 591 
392 944 695 678 738 
393 505 494 484 487 
394 698 1226 561 555 
395 748 1182 955 795 
396 533 614 652 1296 
397 447 446 444 445 
398 1200 676 671 669 
399 581 528 1289 583 
400 801 1236 1237 820 
401 625 673 828 1188 
402 577 1254 1232 1230 
403 487 484 472 483 
404 1291 899 895 893 
405 1129 550 549 594 
406 947 814 775 815 
407 995 312 97 1378 
408 590 542 505 543 
409 947 815 980 1248 
410 507 1268 1134 1133 
411 964 1475 550 1481 
412 517 518 576 575 
413 758 724 1256 845 
414 929 1315 613 1330 
415 706 630 1287 708 
416 1208 590 640 660 
417 801 802 945 931 
418 414 412 411 413 
419 509 508 479 496 
420 834 822 796 821 
421 576 1228 635 575 
422 401 1081 1461 406 
423 1278 769 1325 1221 
424 534 535 544 532 
425 865 1160 1363 1410 
426 339 1201 132 133 
427 1164 1287 589 587 
428 497 498 518 517 
429 870 817 1222 1082 
430 765 764 848 847 
431 622 623 1265 539 
432 683 792 975 791 
433 576 617 654 1228 
434 962 829 787 789 
435 604 562 559 558 
436 798 1243 746 731 
437 1024 438 432 451 
438 303 19 20 1113 
439 1222 817 766 765 
440 1153 477 476 454 
441 1092 425 439 442 
442 1261 770 682 1253 
443 657 683 791 656 
444 541 520 519 540 
445 398 399 401 400 
446 380 381 383 382 
447 378 379 381 380 
448 764 763 762 667 
449 847 848 901 900 
450 1197 548 508 509 
451 735 831 1307 830 
452 666 580 1282 667 
453 1147 686 850 851 
454 890 1019 1020 798 
455 1164 920 708 1287 
456 1258 498 497 482 
457 585 584 529 582 
458 731 732 890 798 
459 792 683 684 1260 
460 1290 622 539 618 
461 967 1162 974 970 
462 482 471 709 1258 
463 874 871 870 1229 
464 587 586 584 585 
465 746 684 693 731 
466 589 588 586 587 
467 681 682 770 636 
468 1260 978 977 792 
469 845 1014 1015 846 
470 535 545 624 544 
471 1082 1083 1229 870 
472 768 767 866 811 
473 1244 1260 684 746 
474 1255 429 423 515 
475 478 1295 918 761 
476 606 605 588 589 
477 1064 786 920 921 
478 1243 1245 1244 746 
479 747 730 677 729 
480 798 1020 1340 1243 
481 591 833 1252 1249 
482 605 606 1256 724 
483 1063 1062 839 990 
484 1544 980 815 979 
485 1053 1011 1009 1010 
486 998 997 996 824 
487 591 1249 1283 641 
488 1486 1320 835 1046 
489 502 842 1331 1212 
490 970 969 968 967 
491 729 677 671 676 
492 1030 1402 1153 1255 
493 683 657 693 684 
494 701 993 889 1012 
495 817 870 871 818 
496 1205 1177 1525 1005 
497 542 580 666 516 
498 764 765 766 763 
499 1006 875 873 874 
500 74 75 347 1272 
501 1080 321 104 105 
502 73 74 1272 320 
503 509 511 1267 1197 
504 109 110 1274 331 
505 69 333 1273 68 
506 110 111 304 1274 
507 68 1273 305 67 
508 1102 1101 1058 1057 
509 987 986 790 907 
510 67 305 1275 66 
511 66 1275 332 65 
512 65 332 1277 64 
513 1036 328 1484 1074 
514 1054 293 1488 1055 
515 64 1277 297 63 
516 393 394 397 396 
517 396 397 399 398 
518 889 755 754 887 
519 668 648 600 1195 
520 77 1497 137 4 
521 115 116 1276 299 
522 63 297 1279 62 
523 376 377 379 378 
524 558 557 554 556 
525 1205 824 823 822 
526 636 635 1281 681 
527 374 1280 493 372 
528 640 656 791 1269 
529 1097 1096 1399 1098 
530 975 976 1269 791 
531 848 764 667 1282 
532 755 720 710 754 
533 700 647 388 699 
534 1138 945 802 1119 
535 116 117 334 1276 
536 62 1279 336 61 
537 826 825 752 804 
538 1128 459 460 461 
539 680 784 960 1290 
540 676 733 1367 729 
541 372 493 1293 370 
542 364 525 1329 1114 
543 584 1267 511 529 
544 731 693 928 732 
545 1293 368 369 370 
546 1126 694 1402 1127 
547 595 563 559 562 
548 107 108 1288 313 
549 1282 1130 901 848 
550 1092 442 444 701 
551 824 1205 1005 998 
552 606 589 1287 630 
553 502 552 551 527 
554 545 535 1223 546 
555 650 735 830 734 
556 450 502 527 501 
557 1193 1289 528 510 
558 656 641 1283 657 
559 21 326 1113 20 
560 720 700 699 710 
561 1362 1337 1348 1170 
562 890 732 928 1270 
563 331 1288 108 109 
564 844 843 825 826 
565 745 852 1029 853 
566 785 708 920 786 
567 445 1250 452 447 
568 617 576 518 616 
569 487 1264 543 505 
570 789 787 778 777 
571 504 503 488 489 
572 525 364 365 366 
573 453 472 484 1278 
574 776 772 771 548 
575 874 873 872 871 
576 1289 799 645 583 
577 713 860 942 941 
578 494 769 1278 484 
579 743 744 852 745 
580 801 681 1281 802 
581 582 581 644 1297 
582 591 543 1264 833 
583 795 750 749 748 
584 1171 810 809 808 
585 459 1295 478 458 
586 657 1283 928 693 
587 1131 1132 1476 940 
588 95 1158 307 94 
589 769 494 516 1294 
590 1010 1009 1008 1007 
591 471 452 1250 709 
592 1242 492 569 951 
593 741 742 744 743 
594 849 1321 1501 1172 
595 1178 1119 802 1281 
596 354 356 643 1292 
597 551 552 1310 619 
598 1047 55 56 338 
599 740 674 742 741 
600 1088 903 761 918 
601 1558 1217 829 1216 
602 667 762 854 666 
603 374 375 377 376 
604 1179 887 888 1026 
605 516 666 854 1294 
606 1114 362 363 364 
607 412 409 410 411 
608 372 373 375 374 
609 1006 1007 1008 875 
610 1131 737 736 639 
611 555 561 1370 556 
612 1506 1271 1571 1234 
613 599 598 597 596 
614 370 371 373 372 
615 1428 1099 306 1451 
616 762 905 1100 854 
617 553 554 1310 552 
618 965 954 895 899 
619 633 634 1301 608 
620 96 1187 1158 95 
621 617 616 855 620 
622 1258 1308 518 498 
623 835 1320 726 727 
624 1072 1386 400 416 
625 1480 333 1467 1236 
626 1329 823 824 996 
627 1262 383 384 385 
628 1201 302 131 132 
629 728 726 1320 881 
630 776 777 778 772 
631 508 1318 475 479 
632 558 559 862 557 
633 747 748 749 730 
634 1291 893 661 892 
635 1339 570 568 794 
636 1318 508 548 771 
637 458 441 460 459 
638 758 1532 861 724 
639 383 1262 699 388 
640 610 609 565 566 
641 554 557 862 1310 
642 368 366 365 367 
643 668 669 670 648 
644 856 385 386 387 
645 98 99 1407 324 
646 1099 1436 1312 306 
647 862 1316 714 1343 
648 938 1136 1537 1111 
649 845 846 1302 758 
650 812 1052 1079 904 
651 522 523 538 524 
652 513 1143 1445 1144 
653 1072 1026 888 1027 
654 669 671 705 670 
655 1325 1331 842 1221 
656 524 538 618 539 
657 813 705 1286 864 
658 677 1286 705 671 
659 1524 968 969 973 
660 691 692 1301 634 
661 518 1308 855 616 
662 532 544 929 1330 
663 829 1299 788 787 
664 1267 584 586 1304 
665 1183 1104 295 1338 
666 905 762 763 1349 
667 958 959 1284 774 
668 750 812 819 749 
669 563 595 1366 596 
670 1015 1016 1302 846 
671 795 796 1305 750 
672 670 705 813 713 
673 403 401 399 402 
674 1170 717 718 719 
675 572 1339 1131 639 
676 567 466 467 468 
677 680 783 880 784 
678 712 462 463 464 
679 1101 1102 1578 1103 
680 426 415 435 427 
681 1021 933 932 788 
682 1091 819 812 904 
683 811 866 1398 1048 
684 787 788 932 778 
685 832 1065 1514 1196 
686 605 1303 642 588 
687 474 461 460 473 
688 1021 1075 1076 933 
689 649 714 1316 597 
690 588 642 1304 586 
691 1052 812 750 1305 
692 1259 464 465 466 
693 936 935 912 913 
694 385 856 1322 1262 
695 623 659 752 1332 
696 1307 981 868 830 
697 1263 423 422 421 
698 730 1314 1286 677 
699 723 1513 1003 1069 
700 87 329 1394 86 
701 563 1316 862 559 
702 596 597 1316 563 
703 665 726 728 664 
704 913 912 809 810 
705 486 474 492 1242 
706 1246 1245 1243 1340 
707 614 613 1315 650 
708 605 724 861 1303 
709 84 1173 323 83 
710 739 637 632 696 
711 822 823 1305 796 
712 678 594 549 655 
713 1206 1528 1017 1444 
714 136 5 143 1502 
715 769 1294 854 1325 
716 711 389 387 386 
717 387 389 391 390 
718 1271 436 455 462 
719 1308 1258 709 1335 
720 806 805 736 737 
721 1331 1325 854 1100 
722 1223 1368 863 1341 
723 405 403 402 404 
724 742 674 629 1341 
725 535 534 1368 1223 
726 1240 358 359 360 
727 648 670 713 1319 
728 1036 1073 1498 328 
729 1147 652 653 686 
730 41 1306 342 40 
731 405 408 410 409 
732 390 391 395 392 
733 127 1338 295 126 
734 696 800 914 1342 
735 844 1034 1326 843 
736 504 531 533 503 
737 477 488 721 476 
738 1417 1420 414 602 
739 932 1404 1181 1391 
740 391 421 422 395 
741 381 379 621 1313 
742 713 941 1351 1319 
743 546 1223 1341 629 
744 532 1330 613 531 
745 522 500 1300 523 
746 710 699 1262 1322 
747 445 1206 1444 1250 
748 393 392 1323 394 
749 730 749 819 1314 
750 500 486 1242 1300 
751 857 760 891 858 
752 597 598 1351 649 
753 383 381 1313 384 
754 362 360 359 361 
755 739 1087 1448 637 
756 42 319 1306 41 
757 566 565 564 537 
758 808 809 1344 806 
759 1290 618 679 680 
760 1133 537 536 507 
761 429 430 422 423 
762 915 1099 1428 906 
763 474 473 568 492 
764 993 994 1426 909 
765 872 873 1371 1061 
766 1170 857 859 1362 
767 1446 103 104 1383 
768 434 1317 460 441 
769 643 356 357 358 
770 427 1309 1317 434 
771 782 679 1360 793 
772 1074 880 927 1036 
773 1009 1011 1365 1033 
774 1345 465 464 463 
775 531 613 614 533 
776 639 736 876 638 
777 1268 507 506 490 
778 492 568 570 569 
779 470 468 467 469 
780 1328 569 570 571 
781 744 742 1341 863 
782 491 470 469 490 
783 512 491 490 506 
784 480 467 466 465 
785 734 651 614 650 
786 655 774 1284 678 
787 751 688 1411 753 
788 611 1359 897 1389 
789 614 651 653 652 
790 574 571 572 573 
791 886 1070 1071 930 
792 1339 572 571 570 
793 632 697 800 696 
794 46 1311 311 45 
795 47 341 1311 46 
796 48 1312 341 47 
797 49 306 1312 48 
798 1082 335 1499 1083 
799 639 638 573 572 
800 599 600 1351 598 
801 825 843 1326 1089 
802 648 1319 1351 600 
803 728 882 884 883 
804 760 719 718 759 
805 850 686 653 687 
806 883 884 886 885 
807 79 330 1556 78 
808 783 680 679 782 
809 663 664 1354 628 
810 429 454 436 430 
811 864 919 1353 813 
812 914 800 816 911 
813 1107 753 1411 1108 
814 394 867 1324 397 
815 476 455 436 454 
816 752 825 1089 1332 
817 541 540 1336 549 
818 1073 1036 927 1515 
819 397 1324 402 399 
820 655 957 958 774 
821 1095 902 1399 1096 
822 713 813 1353 860 
823 717 536 537 564 
824 816 946 949 911 
825 887 754 1374 888 
826 513 512 1337 519 
827 960 1422 622 1290 
828 628 1354 1390 627 
829 685 599 596 1366 
830 604 558 556 1370 
831 827 1150 1462 1151 
832 878 926 1086 1085 
833 1053 1054 1365 1011 
834 871 872 1385 818 
835 368 367 1363 369 
836 718 877 878 759 
837 912 964 1344 809 
838 1170 1348 536 717 
839 916 897 896 898 
840 893 895 896 894 
841 1033 1369 1008 1009 
842 1181 771 772 1391 
843 462 455 1350 463 
844 669 668 1457 1200 
845 70 71 1409 310 
846 455 476 721 1350 
847 324 1378 97 98 
848 1008 1371 873 875 
849 687 653 1352 756 
850 622 1422 715 658 
851 734 1352 653 651 
852 129 315 1384 128 
853 830 868 1352 734 
854 348 344 1068 1067 
855 938 1111 1595 966 
856 1023 1022 992 318 
857 540 519 1337 601 
858 1237 1439 1019 890 
859 421 391 389 1346 
860 466 567 1524 1259 
861 1045 922 917 923 
862 506 1348 1337 512 
863 1314 819 1091 1373 
864 354 355 357 356 
865 649 1351 941 1380 
866 503 1364 721 488 
867 292 1549 1514 1065 
868 367 365 1375 437 
869 759 1357 891 760 
870 547 627 1390 1238 
871 1322 1374 754 710 
872 1296 1364 503 533 
873 574 573 1347 632 
874 507 536 1348 506 
875 493 1387 1373 1091 
876 995 896 895 1333 
877 610 661 1359 609 
878 876 1347 573 638 
879 361 359 1379 481 
880 402 675 1356 404 
881 1353 1377 942 860 
882 1023 308 349 350 
883 1362 859 1485 1469 
884 305 1508 1530 1275 
885 385 384 1355 386 
886 1050 446 448 1425 
887 763 766 1385 1349 
888 90 294 1458 89 
889 1210 615 1424 1211 
890 834 1176 1474 1177 
891 664 728 883 1354 
892 828 865 1410 902 
893 704 1125 1420 1076 
894 53 296 1396 52 
895 617 620 1561 1334 
896 315 1523 1176 1175 
897 549 1336 957 655 
898 923 917 1388 1066 
899 1385 872 1061 1376 
900 794 568 473 1361 
901 1454 1152 1463 407 
902 1085 1357 759 878 
903 364 363 1375 365 
904 615 396 398 1381 
905 1536 332 1275 1530 
906 1152 1454 1159 1161 
907 405 404 1356 408 
908 896 897 1359 894 
909 571 574 1448 1328 
910 977 978 1449 1080 
911 967 968 1406 939 
912 618 538 1360 679 
913 1314 1373 864 1286 
914 473 460 1317 1361 
915 538 523 1300 1360 
916 320 1382 72 73 
917 564 565 611 1358 
918 714 649 1380 924 
919 1338 127 128 1384 
920 300 85 86 1394 
921 352 353 355 354 
922 1381 398 400 1386 
923 14 322 1503 13 
924 1127 1401 744 863 
925 1376 1227 1349 1385 
926 1018 1037 1392 869 
927 1246 1247 1574 1245 
928 817 818 1385 766 
929 565 609 1359 611 
930 717 564 1358 718 
931 551 560 1429 527 
932 893 894 1359 661 
933 318 141 140 1023 
934 849 1172 1537 1171 
935 94 307 1580 93 
936 632 1347 1397 697 
937 1023 140 139 308 
938 340 51 52 1396 
939 358 357 1379 359 
940 1092 1472 420 425 
941 1586 530 1461 1581 
942 1373 1387 919 864 
943 490 469 1413 1268 
944 477 1153 1402 694 
945 353 592 1372 355 
946 1043 1044 1479 972 
947 344 348 139 138 
948 932 1391 772 778 
949 16 316 1542 15 
950 1537 428 1559 1111 
951 1147 1042 1431 1418 
952 1398 1435 361 481 
953 878 877 1438 879 
954 1575 1570 620 855 
955 1030 852 744 1401 
956 896 995 1388 898 
957 431 672 1584 716 
958 54 1393 296 53 
959 1030 1255 515 1600 
960 1322 1211 1424 1374 
961 661 610 1593 892 
962 1132 794 1361 1405 
963 1327 1407 99 100 
964 1354 883 885 1390 
965 358 1240 1573 643 
966 1439 1467 70 310 
967 902 1410 437 1399 
968 937 936 939 1406 
969 1298 642 1303 1421 
970 916 898 1388 917 
971 1169 1181 1404 1168 
972 1248 1493 1279 297 
973 991 142 141 318 
974 423 1263 1582 515 
975 31 309 1484 30 
976 1000 1140 1522 1002 
977 1446 1383 1574 1247 
978 355 1372 1379 357 
979 721 1364 1296 1418 
980 868 1395 756 1352 
981 981 1077 1395 868 
982 51 340 1451 50 
983 373 371 1447 407 
984 821 955 1531 1175 
985 1082 1084 1539 335 
986 880 1074 1543 784 
987 1168 1404 1417 602 
988 800 697 1397 816 
989 980 1544 1202 1203 
990 1397 1500 944 1526 
991 1292 643 1573 1547 
992 1420 1417 933 1076 
993 1185 1184 909 1426 
994 1382 1409 71 72 
995 1098 1399 437 1375 
996 354 723 1494 352 
997 773 351 350 349 
998 989 1218 1590 1219 
999 29 328 1498 28 
1000 545 1238 1442 624 
1001 1104 1183 1182 1533 
1002 1077 325 1580 1078 
1003 338 1604 988 1047 
1004 756 757 1441 687 
1005 1125 412 414 1420 
1006 901 1105 1507 900 
1007 714 924 1414 925 
1008 37 2 38 1545 
1009 1361 1317 1309 1405 
1010 1521 341 1312 1510 
1011 793 1360 1300 1412 
1012 658 715 1411 688 
1013 624 1442 910 1433 
1014 859 956 1546 1485 
1015 1046 323 1173 1486 
1016 469 467 480 1413 
1017 1112 923 1066 1408 
1018 569 1328 1450 951 
1019 303 1577 1403 1116 
1020 392 395 1460 1323 
1021 11 1535 101 1 
1022 113 114 1499 335 
1023 1492 1196 1514 336 
1024 756 908 1415 757 
1025 1166 779 1550 1257 
1026 1059 119 120 1465 
1027 1307 1516 1458 294 
1028 379 377 1468 621 
1029 951 1412 1300 1242 
1030 1035 907 906 1428 
1031 917 922 1477 916 
1032 313 1423 106 107 
1033 1238 1390 885 1442 
1034 1055 1488 122 337 
1035 1063 990 1604 1266 
1036 1241 1049 1591 1093 
1037 797 1185 1437 1186 
1038 562 604 1371 1464 
1039 880 783 1459 927 
1040 407 1447 1160 1454 
1041 367 437 1410 1363 
1042 450 501 1425 448 
1043 360 612 1609 1240 
1044 933 1417 1404 932 
1045 61 336 1514 60 
1046 363 1435 1098 1375 
1047 40 342 1427 39 
1048 1374 1424 1027 888 
1049 652 1147 1418 1296 
1050 417 530 1563 419 
1051 1146 1145 1144 1445 
1052 300 1589 881 1251 
1053 976 975 1566 1051 
1054 1174 1470 911 949 
1055 1059 1010 1007 1440 
1056 527 1429 1425 501 
1057 111 112 1539 304 
1058 436 1271 1506 430 
1059 560 551 619 1437 
1060 729 1367 1533 747 
1061 369 1363 1160 1447 
1062 927 1459 1087 1515 
1063 362 361 1435 363 
1064 951 1450 793 1412 
1065 1078 1416 908 1519 
1066 619 1310 862 1434 
1067 1059 1592 118 119 
1068 352 351 1400 353 
1069 122 123 1482 337 
1070 1285 1511 326 1156 
1071 1604 338 1585 1266 
1072 935 1473 579 1471 
1073 901 1120 1518 1105 
1074 463 1350 1431 1345 
1075 58 292 1585 57 
1076 549 550 1475 541 
1077 1102 124 125 1578 
1078 1308 1335 1575 855 
1079 886 884 1025 1070 
1080 544 624 1433 929 
1081 815 775 1560 979 
1082 851 850 1443 1040 
1083 1321 435 415 1501 
1084 102 1552 76 3 
1085 520 541 1475 579 
1086 1268 1413 1509 1134 
1087 965 1415 908 1416 
1088 1335 709 1250 1444 
1089 632 637 1448 574 
1090 728 881 1589 882 
1091 1260 1244 1449 978 
1092 886 910 1442 885 
1093 862 1343 1579 1434 
1094 422 430 1506 603 
1095 687 1441 1443 850 
1096 329 87 88 1453 
1097 1611 1572 1392 1037 
1098 299 1452 874 1229 
1099 959 1285 1555 1284 
1100 617 1334 1560 654 
1101 941 942 1430 1380 
1102 806 1344 1487 805 
1103 370 369 1447 371 
1104 922 1045 1512 1496 
1105 1561 1257 1560 1334 
1106 1554 1277 332 1536 
1107 960 784 1543 1028 
1108 876 1483 961 1500 
1109 695 961 1487 1129 
1110 306 49 50 1451 
1111 829 1217 1586 1299 
1112 45 311 1572 44 
1113 1414 924 1380 1430 
1114 865 1159 1454 1160 
1115 520 579 1473 1143 
1116 1110 1109 1606 1432 
1117 1133 1134 1568 781 
1118 1453 88 89 1458 
1119 1337 1362 1469 601 
1120 316 1455 1357 1085 
1121 1358 611 1389 1438 
1122 718 1358 1438 877 
1123 1132 1405 1309 1476 
1124 782 793 1450 934 
1125 1056 1457 668 1195 
1126 1350 721 1418 1431 
1127 949 1541 298 1174 
1128 976 1051 1518 1120 
1129 411 410 1559 428 
1130 121 293 1465 120 
1131 540 601 1469 1336 
1132 716 1584 925 1414 
1133 135 136 1502 345 
1134 1110 342 1306 1587 
1135 1225 1186 1434 1579 
1136 394 1323 1599 867 
1137 959 958 1546 1039 
1138 1042 1041 1509 1491 
1139 354 1292 1513 723 
1140 964 1481 1487 1344 
1141 330 1118 1540 1504 
1142 853 1031 1557 1032 
1143 317 1213 1606 1419 
1144 874 1452 1601 1006 
1145 1342 914 1597 1490 
1146 1298 1421 1505 963 
1147 1163 1392 1572 311 
1148 406 1461 530 417 
1149 1010 1059 1465 1053 
1150 603 1460 395 422 
1151 934 1459 783 782 
1152 1118 314 1551 1540 
1153 1059 1440 334 1592 
1154 389 711 1562 1346 
1155 418 420 1472 514 
1156 1140 1525 302 1201 
1157 333 69 70 1467 
1158 407 1463 375 373 
1159 1576 1411 715 1239 
1160 1529 1016 1017 1528 
1161 1102 1482 123 124 
1162 879 1438 1389 1477 
1163 1113 1039 1546 1456 
1164 1248 297 1277 1554 
1165 1345 1431 1042 1491 
1166 861 1532 1135 1505 
1167 1453 1458 1516 1071 
1168 377 375 1463 1468 
1169 1234 971 972 1479 
1170 1530 1139 947 1536 
1171 943 1492 1493 1203 
1172 1090 1490 1194 301 
1173 935 1471 964 912 
1174 801 931 1480 1236 
1175 1051 1566 1423 313 
1176 328 29 30 1484 
1177 130 131 302 1474 
1178 1285 1156 298 1541 
1179 1190 953 1510 1191 
1180 402 1324 1598 675 
1181 1022 1069 1466 992 
1182 337 1482 1102 1057 
1183 1371 1008 1369 1464 
1184 936 937 1473 935 
1185 1007 1006 1601 1440 
1186 300 1251 1486 1173 
1187 344 1497 1556 1068 
1188 695 944 1500 961 
1189 946 738 1555 950 
1190 696 1342 1538 739 
1191 1155 1432 1606 343 
1192 1121 1507 1274 304 
1193 309 1543 1074 1484 
1194 427 435 1476 1309 
1195 892 1593 1040 1443 
1196 1527 1302 1016 1529 
1197 319 1038 1587 1306 
1198 1336 1469 1485 957 
1199 886 930 1478 910 
1200 301 27 28 1498 
1201 313 1288 1518 1051 
1202 293 121 122 1488 
1203 876 736 805 1483 
1204 1480 931 945 1495 
1205 1529 1209 1024 1527 
1206 1219 1553 1396 296 
1207 346 12 13 1503 
1208 1313 621 1462 1520 
1209 1046 1583 1137 323 
1210 1594 1356 675 1602 
1211 1087 739 1538 1515 
1212 299 1499 114 115 
1213 831 1478 930 1489 
1214 314 1137 1583 1551 
1215 1013 1504 1540 984 
1216 414 413 1501 415 
1217 12 346 1535 11 
1218 351 352 1494 350 
1219 847 900 1507 1121 
1220 1078 1519 1395 1077 
1221 1495 945 1138 1508 
1222 1145 1146 1524 567 
1223 36 37 1545 1155 
1224 1094 1433 910 1478 
1225 1266 1567 1064 1063 
1226 922 1496 879 1477 
1227 465 1345 1491 480 
1228 897 916 1477 1389 
1229 748 747 1533 1182 
1230 1135 1532 1527 1024 
1231 878 879 1496 926 
1232 967 966 1595 1162 
1233 1000 1005 1525 1140 
1234 1528 456 1209 1529 
1235 1524 973 1596 1259 
1236 1080 1423 1566 977 
1237 1003 1002 1522 1004 
1238 810 1171 1537 1136 
1239 443 456 1528 1206 
1240 1303 861 1505 1421 
1241 1408 1327 1535 346 
1242 299 1276 1601 1452 
1243 1357 1455 1565 891 
1244 1551 982 984 1540 
1245 1172 1501 413 1517 
1246 1182 1183 1531 955 
1247 1039 1511 1285 959 
1248 340 1396 1553 1035 
1249 322 14 15 1542 
1250 1105 1518 1288 331 
1251 984 985 1569 1013 
1252 138 137 1497 344 
1253 428 1517 413 411 
1254 1505 1135 1610 962 
1255 1546 956 1577 1456 
1256 322 1512 1045 1608 
1257 1149 1239 715 1422 
1258 946 950 1541 949 
1259 130 1523 315 129 
1260 60 1514 1549 59 
1261 1496 1512 1086 926 
1262 756 1395 1519 908 
1263 706 1202 1544 707 
1264 1224 1225 1584 672 
1265 408 1356 1594 526 
1266 1347 876 1500 1397 
1267 1139 1530 1508 1138 
1268 1002 1003 1547 1001 
1269 421 1346 1562 1263 
1270 39 1427 1545 38 
1271 952 1521 1510 953 
1272 1244 1245 1574 1449 
1273 758 1302 1527 1532 
1274 335 1539 112 113 
1275 979 1550 707 1544 
1276 316 1115 1565 1455 
1277 733 1605 1058 1101 
1278 1397 1526 946 816 
1279 1400 1569 985 1564 
1280 345 1502 991 1588 
1281 550 1129 1487 1481 
1282 1536 947 1248 1554 
1283 75 76 1552 347 
1284 631 707 1550 779 
1285 325 92 93 1580 
1286 1175 1531 1384 315 
1287 142 991 1502 143 
1288 566 781 1593 610 
1289 100 101 1535 1327 
1290 579 1475 964 1471 
1291 972 974 1602 1043 
1292 292 58 59 1549 
1293 526 1594 1162 1595 
1294 1257 1561 1014 1166 
1295 451 432 424 1558 
1296 384 1313 1520 1355 
1297 1073 1515 1538 1090 
1298 620 1570 1014 1561 
1299 675 1598 1043 1602 
1300 1217 1558 424 1563 
1301 983 1093 1564 985 
1302 1558 1216 1610 451 
1303 982 1551 1583 948 
1304 420 419 1563 424 
1305 351 773 1569 1400 
1306 839 988 1604 990 
1307 722 654 1560 775 
1308 35 343 1606 1213 
1309 792 977 1566 975 
1310 1547 1573 999 1001 
1311 678 1284 1555 738 
1312 1150 1032 1520 1462 
1313 676 1200 1605 733 
1314 1491 1509 1413 480 
1315 464 1259 1596 712 
1316 884 882 1589 1025 
1317 317 1419 1576 1239 
1318 1602 974 1162 1594 
1319 1014 1570 1575 1015 
1320 462 712 1571 1271 
1321 788 1299 1586 1021 
1322 1163 311 1311 1548 
1323 1016 1015 1575 1017 
1324 1075 1581 1461 1081 
1325 702 703 1590 1218 
1326 829 962 1610 1216 
1327 592 1564 1093 1591 
1328 336 1279 1493 1492 
1329 851 1040 1568 1041 
1330 312 1607 954 1187 
1331 971 1234 1571 1233 
1332 1240 1609 999 1573 
1333 853 1029 1582 1031 
1334 1134 1509 1041 1568 
1335 338 56 57 1585 
1336 1233 1571 712 1596 
1337 998 999 1609 997 
1338 1586 1581 1075 1021 
1339 515 1582 1029 1600 
1340 408 526 1559 410 
1341 117 118 1592 334 
1342 930 1071 1516 1489 
1343 773 1067 1068 1534 
1344 1338 1384 1531 1183 
1345 1440 1601 1276 334 
1346 835 948 1583 1046 
1347 858 891 1565 1403 
1348 386 1355 1557 711 
1349 126 295 1578 125 
1350 319 42 43 1611 
1351 1024 451 1610 1135 
1352 1154 1603 1590 703 
1353 44 1572 1611 43 
1354 345 1588 992 1466 
1355 1247 347 1552 1446 
1356 969 1233 1596 973 
1357 852 1030 1600 1029 
1358 961 1483 805 1487 
1359 1032 1557 1355 1520 
1360 714 925 1579 1343 
1361 995 1333 1607 312 
1362 895 954 1607 1333 
1363 923 1112 1608 1045 
1364 1432 1155 1545 1427 
1365 858 1403 1577 956 
1366 318 992 1588 991 
1367 104 321 1574 1383 
1368 353 1400 1564 592 
1369 1115 1116 1403 1565 
1370 1049 1372 592 1591 
1371 1411 1576 1419 1108 
1372 1174 327 1597 1470 
1373 103 1446 1552 102 
1374 327 1194 1490 1597 
1375 1080 1449 1574 321 
1376 78 1556 1497 77 
1377 1292 1547 1003 1513 
1378 957 1485 1546 958 
1379 322 1608 1112 1503 
1380 1113 1456 1577 303 
1381 341 1521 1548 1311 
1382 911 1470 1597 914 
1383 944 738 946 1526 
1384 1163 1548 1521 952 
1385 1111 1559 526 1595 
1386 1031 1582 1263 1562 
1387 1324 867 1599 1598 
1388 1044 1043 1598 1599 
2 1010 3 104
1389 4 77 1612 277 
1390 277 1612 1613 278 
1391 278 1613 1614 279 
1392 279 1614 144 6 
1393 77 78 1615 1612 
1394 1612 1615 1616 1613 
1395 1613 1616 1617 1614 
1396 1614 1617 145 144 
1397 78 79 1618 1615 
1398 1615 1618 1619 1616 
1399 1616 1619 1620 1617 
1400 1617 1620 146 145 
1401 79 80 1621 1618 
1402 1618 1621 1622 1619 
1403 1619 1622 1623 1620 
1404 1620 1623 147 146 
1405 80 81 1624 1621 
1406 1621 1624 1625 1622 
1407 1622 1625 1626 1623 
1408 1623 1626 148 147 
1409 81 82 1627 1624 
1410 1624 1627 1628 1625 
1411 1625 1628 1629 1626 
1412 1626 1629 149 148 
1413 82 83 1630 1627 
1414 1627 1630 1631 1628 
1415 1628 1631 1632 1629 
1416 1629 1632 150 149 
1417 83 84 1633 1630 
1418 1630 1633 1634 1631 
1419 1631 1634 1635 1632 
1420 1632 1635 151 150 
1421 84 85 1636 1633 
1422 1633 1636 1637 1634 
1423 1634 1637 1638 1635 
1424 1635 1638 152 151 
1425 85 86 1639 1636 
1426 1636 1639 1640 1637 
1427 1637 1640 1641 1638 
1428 1638 1641 153 152 
1429 86 87 1642 1639 
1430 1639 1642 1643 1640 
1431 1640 1643 1644 1641 
1432 1641 1644 154 153 
1433 87 88 1645 1642 
1434 1642 1645 1646 1643 
1435 1643 1646 1647 1644 
1436 1644 1647 155 154 
1437 88 89 1648 1645 
1438 1645 1648 1649 1646 
1439 1646 1649 1650 1647 
1440 1647 1650 156 155 
1441 89 90 1651 1648 
1442 1648 1651 1652 1649 
1443 1649 1652 1653 1650 
1444 1650 1653 157 156 
1445 90 91 1654 1651 
1446 1651 1654 1655 1652 
1447 1652 1655 1656 1653 
1448 1653 1656 158 157 
1449 91 92 1657 1654 
1450 1654 1657 1658 1655 
1451 1655 1658 1659 1656 
1452 1656 1659 159 158 
1453 92 93 1660 1657 
1454 1657 1660 1661 1658 
1455 1658 1661 1662 1659 
1456 1659 1662 160 159 
1457 93 94 1663 1660 
1458 1660 1663 1664 1661 
1459 1661 1664 1665 1662 
1460 1662 1665 161 160 
1461 94 95 1666 1663 
1462 1663 1666 1667 1664 
1463 1664 1667 1668 1665 
1464 1665 1668 162 161 
1465 95 96 1669 1666 
1466 1666 1669 1670 1667 
1467 1667 1670 1671 1668 
1468 1668 1671 163 162 
1469 96 97 1672 1669 
1470 1669 1672 1673 1670 
1471 1670 1673 1674 1671 
1472 1671 1674 164 163 
1473 97 98 1675 1672 
1474 1672 1675 1676 1673 
1475 1673 1676 1677 1674 
1476 1674 1677 165 164 
1477 98 99 1678 1675 
1478 1675 1678 1679 1676 
1479 1676 1679 1680 1677 
1480 1677 1680 166 165 
1481 99 100 1681 1678 
1482 1678 1681 1682 1679 
1483 1679 1682 1683 1680 
1484 1680 1683 167 166 
1485 100 101 1684 1681 
1486 1681 1684 1685 1682 
1487 1682 1685 1686 1683 
1488 1683 1686 168 167 
1489 101 1 280 1684 
1490 1684 280 281 1685 
1491 1685 281 282 1686 
1492 1686 282 7 168 
2 1014 3 112
1493 1 11 1687 280 
1494 280 1687 1688 281 
1495 281 1688 1689 282 
1496 282 1689 169 7 
1497 11 12 1690 1687 
1498 1687 1690 1691 1688 
1499 1688 1691 1692 1689 
1500 1689 1692 170 169 
1501 12 13 1693 1690 
1502 1690 1693 1694 1691 
1503 1691 1694 1695 1692 
1504 1692 1695 171 170 
1505 13 14 1696 1693 
1506 1693 1696 1697 1694 
1507 1694 1697 1698 1695 
1508 1695 1698 172 171 
1509 14 15 1699 1696 
1510 1696 1699 1700 1697 
1511 1697 1700 1701 1698 
1512 1698 1701 173 172 
1513 15 16 1702 1699 
1514 1699 1702 1703 1700 
1515 1700 1703 1704 1701 
1516 1701 1704 174 173 
1517 16 17 1705 1702 
1518 1702 1705 1706 1703 
1519 1703 1706 1707 1704 
1520 1704 1707 175 174 
1521 17 18 1708 1705 
1522 1705 1708 1709 1706 
1523 1706 1709 1710 1707 
1524 1707 1710 176 175 
1525 18 19 1711 1708 
1526 1708 1711 1712 1709 
1527 1709 1712 1713 1710 
1528 1710 1713 177 176 
1529 19 20 1714 1711 
1530 1711 1714 1715 1712 
1531 1712 1715 1716 1713 
1532 1713 1716 178 177 
1533 20 21 1717 1714 
1534 1714 1717 1718 1715 
1535 1715 1718 1719 1716 
1536 1716 1719 179 178 
1537 21 22 1720 1717 
1538 1717 1720 1721 1718 
1539 1718 1721 1722 1719 
1540 1719 1722 180 179 
1541 22 23 1723 1720 
1542 1720 1723 1724 1721 
1543 1721 1724 1725 1722 
1544 1722 1725 181 180 
1545 23 24 1726 1723 
1546 1723 1726 1727 1724 
1547 1724 1727 1728 1725 
1548 1725 1728 182 181 
1549 24 25 1729 1726 
1550 1726 1729 1730 1727 
1551 1727 1730 1731 1728 
1552 1728 1731 183 182 
1553 25 26 1732 1729 
1554 1729 1732 1733 1730 
1555 1730 1733 1734 1731 
1556 1731 1734 184 183 
1557 26 27 1735 1732 
1558 1732 1735 1736 1733 
1559 1733 1736 1737 1734 
1560 1734 1737 185 184 
1561 27 28 1738 1735 
1562 1735 1738 1739 1736 
1563 1736 1739 1740 1737 
1564 1737 1740 186 185 
1565 28 29 1741 1738 
1566 1738 1741 1742 1739 
1567 1739 1742 1743 1740 
1568 1740 1743 187 186 
1569 29 30 1744 1741 
1570 1741 1744 1745 1742 
1571 1742 1745 1746 1743 
1572 1743 1746 188 187 
1573 30 31 1747 1744 
1574 1744 1747 1748 1745 
1575 1745 1748 1749 1746 
1576 1746 1749 189 188 
1577 31 32 1750 1747 
1578 1747 1750 1751 1748 
1579 1748 1751 1752 1749 
1580 1749 1752 190 189 
1581 32 33 1753 1750 
1582 1750 1753 1754 1751 
1583 1751 1754 1755 1752 
1584 1752 1755 191 190 
1585 33 34 1756 1753 
1586 1753 1756 1757 1754 
1587 1754 1757 1758 1755 
1588 1755 1758 192 191 
1589 34 35 1759 1756 
1590 1756 1759 1760 1757 
1591 1757 1760 1761 1758 
1592 1758 1761 193 192 
1593 35 36 1762 1759 
1594 1759 1762 1763 1760 
1595 1760 1763 1764 1761 
1596 1761 1764 194 193 
1597 36 37 1765 1762 
1598 1762 1765 1766 1763 
1599 1763 1766 1767 1764 
1600 1764 1767 195 194 
1601 37 2 283 1765 
1602 1765 283 284 1766 
1603 1766 284 285 1767 
1604 1767 285 8 195 
2 1018 3 160
1605 2 38 1768 283 
1606 283 1768 1769 284 
1607 284 1769 1770 285 
1608 285 1770 196 8 
1609 38 39 1771 1768 
1610 1768 1771 1772 1769 
1611 1769 1772 1773 1770 
1612 1770 1773 197 196 
1613 39 40 1774 1771 
1614 1771 1774 1775 1772 
1615 1772 1775 1776 1773 
1616 1773 1776 198 197 
1617 40 41 1777 1774 
1618 1774 1777 1778 1775 
1619 1775 1778 1779 1776 
1620 1776 1779 199 198 
1621 41 42 1780 1777 
1622 1777 1780 1781 1778 
1623 1778 1781 1782 1779 
1624 1779 1782 200 199 
1625 42 43 1783 1780 
1626 1780 1783 1784 1781 
1627 1781 1784 1785 1782 
1628 1782 1785 201 200 
1629 43 44 1786 1783 
1630 1783 1786 1787 1784 
1631 1784 1787 1788 1785 
1632 1785 1788 202 201 
1633 44 45 1789 1786 
1634 1786 1789 1790 1787 
1635 1787 1790 1791 1788 
1636 1788 1791 203 202 
1637 45 46 1792 1789 
1638 1789 1792 1793 1790 
1639 1790 1793 1794 1791 
1640 1791 1794 204 203 
1641 46 47 1795 1792 
1642 1792 1795 1796 1793 
1643 1793 1796 1797 1794 
1644 1794 1797 205 204 
1645 47 48 1798 1795 
1646 1795 1798 1799 1796 
1647 1796 1799 1800 1797 
1648 1797 1800 206 205 
1649 48 49 1801 1798 
1650 1798 1801 1802 1799 
1651 1799 1802 1803 1800 
1652 1800 1803 207 206 
1653 49 50 1804 1801 
1654 1801 1804 1805 1802 
1655 1802 1805 1806 1803 
1656 1803 1806 208 207 
1657 50 51 1807 1804 
1658 1804 1807 1808 1805 
1659 1805 1808 1809 1806 
1660 1806 1809 209 208 
1661 51 52 1810 1807 
1662 1807 1810 1811 1808 
1663 1808 1811 1812 1809 
1664 1809 1812 210 209 
1665 52 53 1813 1810 
1666 1810 1813 1814 1811 
1667 1811 1814 1815 1812 
1668 1812 1815 211 210 
1669 53 54 1816 1813 
1670 1813 1816 1817 1814 
1671 1814 1817 1818 1815 
1672 1815 1818 212 211 
1673 54 55 1819 1816 
1674 1816 1819 1820 1817 
1675 1817 1820 1821 1818 
1676 1818 1821 213 212 
1677 55 56 1822 1819 
1678 1819 1822 1823 1820 
1679 1820 1823 1824 1821 
1680 1821 1824 214 213 
1681 56 57 1825 1822 
1682 1822 1825 1826 1823 
1683 1823 1826 1827 1824 
1684 1824 1827 215 214 
1685 57 58 1828 1825 
1686 1825 1828 1829 1826 
1687 1826 1829 1830 1827 
1688 1827 1830 216 215 
1689 58 59 1831 1828 
1690 1828 1831 1832 1829 
1691 1829 1832 1833 1830 
1692 1830 1833 217 216 
1693 59 60 1834 1831 
1694 1831 1834 1835 1832 
1695 1832 1835 1836 1833 
1696 1833 1836 218 217 
1697 60 61 1837 1834 
1698 1834 1837 1838 1835 
1699 1835 1838 1839 1836 
1700 1836 1839 219 218 
1701 61 62 1840 1837 
1702 1837 1840 1841 1838 
1703 1838 1841 1842 1839 
1704 1839 1842 220 219 
1705 62 63 1843 1840 
1706 1840 1843 1844 1841 
1707 1841 1844 1845 1842 
1708 1842 1845 221 220 
1709 63 64 1846 1843 
1710 1843 1846 1847 1844 
1711 1844 1847 1848 1845 
1712 1845 1848 222 221 
1713 64 65 1849 1846 
1714 1846 1849 1850 1847 
1715 1847 1850 1851 1848 
1716 1848 1851 223 222 
1717 65 66 1852 1849 
1718 1849 1852 1853 1850 
1719 1850 1853 1854 1851 
1720 1851 1854 224 223 
1721 66 67 1855 1852 
1722 1852 1855 1856 1853 
1723 1853 1856 1857 1854 
1724 1854 1857 225 224 
1725 67 68 1858 1855 
1726 1855 1858 1859 1856 
1727 1856 1859 1860 1857 
1728 1857 1860 226 225 
1729 68 69 1861 1858 
1730 1858 1861 1862 1859 
1731 1859 1862 1863 1860 
1732 1860 1863 227 226 
1733 69 70 1864 1861 
1734 1861 1864 1865 1862 
1735 1862 1865 1866 1863 
1736 1863 1866 228 227 
1737 70 71 1867 1864 
1738 1864 1867 1868 1865 
1739 1865 1868 1869 1866 
1740 1866 1869 229 228 
1741 71 72 1870 1867 
1742 1867 1870 1871 1868 
1743 1868 1871 1872 1869 
1744 1869 1872 230 229 
1745 72 73 1873 1870 
1746 1870 1873 1874 1871 
1747 1871 1874 1875 1872 
1748 1872 1875 231 230 
1749 73 74 1876 1873 
1750 1873 1876 1877 1874 
1751 1874 1877 1878 1875 
1752 1875 1878 232 231 
1753 74 75 1879 1876 
1754 1876 1879 1880 1877 
1755 1877 1880 1881 1878 
1756 1878 1881 233 232 
1757 75 76 1882 1879 
1758 1879 1882 1883 1880 
1759 1880 1883 1884 1881 
1760 1881 1884 234 233 
1761 76 3 286 1882 
1762 1882 286 287 1883 
1763 1883 287 288 1884 
1764 1884 288 9 234 
2 1022 3 144
1765 3 102 1885 286 
1766 286 1885 1886 287 
1767 287 1886 1887 288 
1768 288 1887 235 9 
1769 102 103 1888 1885 
1770 1885 1888 1889 1886 
1771 1886 1889 1890 1887 
1772 1887 1890 236 235 
1773 103 104 1891 1888 
1774 1888 1891 1892 1889 
1775 1889 1892 1893 1890 
1776 1890 1893 237 236 
1777 104 105 1894 1891 
1778 1891 1894 1895 1892 
1779 1892 1895 1896 1893 
1780 1893 1896 238 237 
1781 105 106 1897 1894 
1782 1894 1897 1898 1895 
1783 1895 1898 1899 1896 
1784 1896 1899 239 238 
1785 106 107 1900 1897 
1786 1897 1900 1901 1898 
1787 1898 1901 1902 1899 
1788 1899 1902 240 239 
1789 107 108 1903 1900 
1790 1900 1903 1904 1901 
1791 1901 1904 1905 1902 
1792 1902 1905 241 240 
1793 108 109 1906 1903 
1794 1903 1906 1907 1904 
1795 1904 1907 1908 1905 
1796 1905 1908 242 241 
1797 109 110 1909 1906 
1798 1906 1909 1910 1907 
1799 1907 1910 1911 1908 
1800 1908 1911 243 242 
1801 110 111 1912 1909 
1802 1909 1912 1913 1910 
1803 1910 1913 1914 1911 
1804 1911 1914 244 243 
1805 111 112 1915 1912 
1806 1912 1915 1916 1913 
1807 1913 1916 1917 1914 
1808 1914 1917 245 244 
1809 112 113 1918 1915 
1810 1915 1918 1919 1916 
1811 1916 1919 1920 1917 
1812 1917 1920 246 245 
1813 113 114 1921 1918 
1814 1918 1921 1922 1919 
1815 1919 1922 1923 1920 
1816 1920 1923 247 246 
1817 114 115 1924 1921 
1818 1921 1924 1925 1922 
1819 1922 1925 1926 1923 
1820 1923 1926 248 247 
1821 115 116 1927 1924 
1822 1924 1927 1928 1925 
1823 1925 1928 1929 1926 
1824 1926 1929 249 248 
1825 116 117 1930 1927 
1826 1927 1930 1931 1928 
1827 1928 1931 1932 1929 
1828 1929 1932 250 249 
1829 117 118 1933 1930 
1830 1930 1933 1934 1931 
1831 1931 1934 1935 1932 
1832 1932 1935 251 250 
1833 118 119 1936 1933 
1834 1933 1936 1937 1934 
1835 1934 1937 1938 1935 
1836 1935 1938 252 251 
1837 119 120 1939 1936 
1838 1936 1939 1940 1937 
1839 1937 1940 1941 1938 
1840 1938 1941 253 252 
1841 120 121 1942 1939 
1842 1939 1942 1943 1940 
1843 1940 1943 1944 1941 
1844 1941 1944 254 253 
1845 121 122 1945 1942 
1846 1942 1945 1946 1943 
1847 1943 1946 1947 1944 
1848 1944 1947 255 254 
1849 122 123 1948 1945 
1850 1945 1948 1949 1946 
1851 1946 1949 1950 1947 
1852 1947 1950 256 255 
1853 123 124 1951 1948 
1854 1948 1951 1952 1949 
1855 1949 1952 1953 1950 
1856 1950 1953 257 256 
1857 124 125 1954 1951 
1858 1951 1954 1955 1952 
1859 1952 1955 1956 1953 
1860 1953 1956 258 257 
1861 125 126 1957 1954 
1862 1954 1957 1958 1955 
1863 1955 1958 1959 1956 
1864 1956 1959 259 258 
1865 126 127 1960 1957 
1866 1957 1960 1961 1958 
1867 1958 1961 1962 1959 
1868 1959 1962 260 259 
1869 127 128 1963 1960 
1870 1960 1963 1964 1961 
1871 1961 1964 1965 1962 
1872 1962 1965 261 260 
1873 128 129 1966 1963 
1874 1963 1966 1967 1964 
1875 1964 1967 1968 1965 
1876 1965 1968 262 261 
1877 129 130 1969 1966 
1878 1966 1969 1970 1967 
1879 1967 1970 1971 1968 
1880 1968 1971 263 262 
1881 130 131 1972 1969 
1882 1969 1972 1973 1970 
1883 1970 1973 1974 1971 
1884 1971 1974 264 263 
1885 131 132 1975 1972 
1886 1972 1975 1976 1973 
1887 1973 1976 1977 1974 
1888 1974 1977 265 264 
1889 132 133 1978 1975 
1890 1975 1978 1979 1976 
1891 1976 1979 1980 1977 
1892 1977 1980 266 265 
1893 133 134 1981 1978 
1894 1978 1981 1982 1979 
1895 1979 1982 1983 1980 
1896 1980 1983 267 266 
1897 134 135 1984 1981 
1898 1981 1984 1985 1982 
1899 1982 1985 1986 1983 
1900 1983 1986 268 267 
1901 135 136 1987 1984 
1902 1984 1987 1988 1985 
1903 1985 1988 1989 1986 
1904 1986 1989 269 268 
1905 136 5 289 1987 
1906 1987 289 290 1988 
1907 1988 290 291 1989 
1908 1989 291 10 269 
2 1027 3 1388
1909 2877 2906 2673 2684 
1910 2066 2966 2965 2991 
1911 2420 2163 2165 2769 
1912 3146 2061 2829 3151 
1913 3241 2859 2920 2058 
1914 2452 2820 2822 3086 
1915 2684 3135 2026 2877 
1916 2843 2044 2796 2700 
1917 2039 3059 2739 3101 
1918 2991 2965 3059 2039 
1919 2064 3185 2723 2836 
1920 2279 3145 2713 3148 
1921 2788 2722 2723 3185 
1922 2809 2020 3217 2792 
1923 3039 3205 2970 2600 
1924 3101 2739 2738 3128 
1925 2340 3187 2870 3181 
1926 2013 2843 2700 3026 
1927 2922 3212 2967 2699 
1928 2775 2776 2777 3176 
1929 2233 2791 2135 2137 
1930 2708 2938 2015 3112 
1931 2687 3243 2865 3125 
1932 2120 2122 2423 2800 
1933 2948 2802 3218 2018 
1934 2757 2826 2829 3306 
1935 3193 2895 3242 263 
1936 3179 2322 3198 2763 
1937 3209 2809 3257 3061 
1938 2409 2908 3045 2753 
1939 3031 3155 2910 3229 
1940 2788 2741 3213 2442 
1941 3153 2905 3156 2338 
1942 2775 2914 2404 3084 
1943 2791 2233 2898 2745 
1944 3253 2787 3275 2049 
1945 3133 3149 2934 2435 
1946 2411 2779 2622 3020 
1947 238 239 3142 2799 
1948 2714 3097 2043 3107 
1949 3236 2147 3256 2891 
1950 2741 2742 2069 3213 
1951 3091 2768 2767 3098 
1952 2659 3195 2154 3040 
1953 3145 2279 3156 2904 
1954 2769 3144 3148 2713 
1955 3128 2738 3158 2029 
1956 3191 2811 2420 2731 
1957 3164 2656 3125 2865 
1958 2752 3085 2314 3088 
1959 3274 3004 3260 2669 
1960 3298 2644 3303 2944 
1961 3163 2736 3294 3054 
1962 2779 2411 2886 2861 
1963 2846 3121 2749 3120 
1964 3085 2752 3084 2404 
1965 2049 3223 2732 3253 
1966 3113 2744 3308 2019 
1967 2672 2909 2753 2563 
1968 2505 2783 2784 2551 
1969 3170 2059 2754 3147 
1970 2087 2798 2244 2085 
1971 2048 2789 2744 3113 
1972 2634 2911 2909 2910 
1973 213 2766 3112 212 
1974 2522 2470 2472 2825 
1975 2011 2784 2783 3286 
1976 2582 3087 2845 2846 
1977 2624 2945 2417 2819 
1978 3287 2759 3312 2500 
1979 2840 2023 3258 2803 
1980 3010 2611 3162 3160 
1981 2795 2794 2800 2423 
1982 2609 2989 2539 2956 
1983 3117 2200 3098 2767 
1984 2492 2068 2067 2786 
1985 2623 3012 2212 2810 
1986 2798 2771 3048 2244 
1987 2509 2886 2411 2410 
1988 3244 2896 3193 2021 
1989 2781 2782 2783 2640 
1990 2908 2876 2297 3045 
1991 2327 2807 2841 2312 
1992 2606 2898 2731 2608 
1993 3269 2698 3279 2976 
1994 2723 3241 2058 2836 
1995 3135 2797 3299 2026 
1996 3154 3117 2816 2817 
1997 3322 2873 2861 2886 
1998 2430 3276 2750 3281 
1999 2822 2823 3252 3086 
2000 2954 2444 2815 2816 
2001 3100 3105 2791 2746 
2002 2280 3095 2780 3089 
2003 2862 3192 2656 3164 
2004 2509 2705 3322 2886 
2005 2542 3048 2771 3024 
2006 3179 2763 3318 3042 
2007 3089 2780 3090 2323 
2008 2804 2805 3261 2035 
2009 2715 2716 3328 2331 
2010 3272 2938 3309 2706 
2011 3084 2773 2774 2775 
2012 158 2843 2013 157 
2013 2860 2861 2873 2518 
2014 3282 2249 3305 2936 
2015 2499 2408 2409 2911 
2016 2087 3012 2623 2798 
2017 2883 2842 2640 2639 
2018 2867 2747 3262 2028 
2019 2281 3183 3088 2314 
2020 2945 2946 3095 2280 
2021 2622 2807 2327 3020 
2022 2847 2841 2807 2637 
2023 2753 2909 2911 2409 
2024 2926 2176 3096 3072 
2025 2871 2870 3187 3182 
2026 2832 2045 3230 2758 
2027 3126 2785 3107 2043 
2028 2124 2128 2131 2844 
2029 3046 3127 2785 3126 
2030 2038 2737 2825 2757 
2031 2834 175 176 2835 
2032 3010 3134 2684 2618 
2033 2492 3253 2732 3288 
2034 2621 2814 2907 2547 
2035 2757 2825 2472 2826 
2036 2984 2808 3045 2297 
2037 2518 3008 2912 2860 
2038 2917 3023 2361 3017 
2039 2490 2900 2888 3037 
2040 2773 2772 3184 2012 
2041 2954 2816 3117 2585 
2042 2980 2972 2989 2647 
2043 2999 2926 3072 2638 
2044 2840 2803 2801 2941 
2045 2968 2980 2647 3002 
2046 3096 2934 3149 2661 
2047 2212 2999 2638 3106 
2048 2747 2867 2884 2868 
2049 2049 146 147 2837 
2050 2919 3176 2777 3324 
2051 2819 2417 2931 3050 
2052 2790 2789 2048 3172 
2053 3198 2322 3225 2953 
2054 2334 3100 2746 3143 
2055 2731 2898 2233 3191 
2056 3087 2253 2223 2845 
2057 2910 3155 2818 2634 
2058 2968 2971 2489 2980 
2059 3047 3167 2653 3169 
2060 2827 3138 3325 2828 
2061 2737 2038 3330 2756 
2062 2550 3208 3235 3026 
2063 2033 148 149 2856 
2064 2052 3199 3214 2992 
2065 2864 2189 2210 2863 
2066 175 2834 2035 174 
2067 3261 2805 3231 2041 
2068 3041 2575 2929 2930 
2069 2666 2858 2559 2533 
2070 2345 2907 2814 2381 
2071 3186 3158 2956 2955 
2072 191 2884 2867 190 
2073 2513 2851 2850 3058 
2074 3134 3010 3160 2476 
2075 2286 2187 2189 2864 
2076 2868 3141 2679 2747 
2077 3096 2176 2933 2934 
2078 2422 2364 2518 2873 
2079 2899 2849 2927 2379 
2080 2849 2899 2839 2620 
2081 2701 2702 2704 2703 
2082 2556 2558 2781 2923 
2083 2180 2204 2841 2847 
2084 2342 3051 2808 2984 
2085 2178 2847 2637 3014 
2086 2682 2508 2496 2918 
2087 2312 2841 2204 2218 
2088 2640 2842 2923 2781 
2089 2835 176 177 2022 
2090 2489 2971 2951 2973 
2091 2050 2993 3226 2824 
2092 2667 2555 2702 2701 
2093 2585 2486 2384 2954 
2094 2555 2960 2812 2702 
2095 180 2875 2045 179 
2096 2960 2530 2767 2768 
2097 2837 147 148 2033 
2098 2159 2888 2887 2152 
2099 2659 2526 2456 2850 
2100 3197 2550 2454 2813 
2101 2556 2923 2365 3016 
2102 2486 2446 2445 2384 
2103 2541 2553 2896 2924 
2104 2906 163 164 2031 
2105 2575 2106 2109 2929 
2106 190 2867 2028 189 
2107 2954 2382 2381 2444 
2108 2546 2880 2460 2462 
2109 2907 2345 2266 2344 
2110 2957 2264 2265 2266 
2111 2159 2194 3037 2888 
2112 2256 2852 2500 2285 
2113 2382 2347 2345 2381 
2114 2838 2559 2858 2857 
2115 2056 2776 2775 2774 
2116 2504 2662 2922 2921 
2117 2721 2720 2718 2719 
2118 2690 2689 2693 2691 
2119 2064 2836 267 268 
2120 2843 158 159 2044 
2121 2223 2208 2413 2845 
2122 2890 2527 2526 2568 
2123 2760 2761 2866 2570 
2124 2917 2495 2267 2916 
2125 2068 2027 274 2067 
2126 2983 2951 2971 2552 
2127 2229 2215 2214 2912 
2128 2839 2899 2988 2695 
2129 2150 2933 2099 2101 
2130 2997 2940 2561 2939 
2131 2296 2355 2489 2973 
2132 2547 2392 2393 2459 
2133 2876 2241 2243 2297 
2134 2487 2555 2667 2554 
2135 2823 2822 3297 2014 
2136 2856 149 150 2042 
2137 2657 2632 2529 2855 
2138 2751 2869 2464 2572 
2139 2883 2365 2923 2842 
2140 2836 2058 266 267 
2141 2825 2737 2588 2522 
2142 182 2893 2017 181 
2143 2152 2887 2321 2145 
2144 2177 2197 2198 2194 
2145 2522 2471 2378 2470 
2146 2150 2435 2934 2933 
2147 2326 2312 2218 2240 
2148 2486 2487 2554 2446 
2149 2352 2327 2312 2326 
2150 2875 180 181 2017 
2151 2880 2878 2459 2460 
2152 2352 2326 2876 2908 
2153 2838 2897 2441 2559 
2154 2470 2378 2377 2407 
2155 2983 2950 2949 2951 
2156 2526 2659 3040 2568 
2157 2588 2523 2471 2522 
2158 2862 2232 2238 2239 
2159 2197 2214 2215 2198 
2160 3286 2985 3304 2011 
2161 3127 2065 3222 2831 
2162 2297 2243 2258 2984 
2163 2848 2313 2397 2414 
2164 2352 2408 2410 2353 
2165 2889 2438 2479 2576 
2166 2893 182 183 2046 
2167 2840 2941 2484 2566 
2168 2378 2342 2341 2377 
2169 2860 2912 2214 2560 
2170 2523 2882 2671 2545 
2171 2462 2464 2869 2546 
2172 2880 2546 2870 2871 
2173 2937 2557 2556 2421 
2174 2408 2499 2509 2410 
2175 2194 2159 2160 2177 
2176 2861 2860 2560 2779 
2177 2545 2671 2672 2563 
2178 3112 2766 2707 2708 
2179 2945 2624 3068 2946 
2180 2933 2176 2097 2099 
2181 2657 2685 2686 2658 
2182 2299 2927 2849 3001 
2183 2215 2229 2230 2228 
2184 3211 2662 2551 2915 
2185 2125 2136 2137 2135 
2186 184 2913 2046 183 
2187 3272 2706 2626 2754 
2188 2218 2219 2241 2240 
2189 2863 2210 2231 2232 
2190 2036 2958 2868 2884 
2191 2895 2553 2540 2894 
2192 2241 2876 2326 2240 
2193 2913 184 185 2020 
2194 3016 2365 2304 2301 
2195 2229 2247 2248 2230 
2196 2321 2133 2134 2145 
2197 2499 2625 2626 2509 
2198 2632 2657 2658 2655 
2199 2306 2304 2365 2883 
2200 2872 2173 2148 2974 
2201 2707 2558 2556 2557 
2202 2247 2300 2301 2248 
2203 2908 2409 2408 2352 
2204 2136 2138 2139 2137 
2205 2884 191 192 2036 
2206 2689 2690 2952 2688 
2207 3224 2681 2508 2682 
2208 2204 2205 2219 2218 
2209 2944 2943 2516 2905 
2210 2523 2588 3111 2882 
2211 2253 2251 2250 2223 
2212 2718 2717 2724 2719 
2213 2151 2144 2139 2143 
2214 3309 3322 2705 2706 
2215 2547 2459 2878 2584 
2216 2628 2903 2439 2474 
2217 2911 2634 2625 2499 
2218 2916 2986 3023 2917 
2219 2885 2975 2350 2498 
2220 2926 2095 2097 2176 
2221 2309 2927 2299 2261 
2222 2344 2348 2393 2392 
2223 2999 2093 2095 2926 
2224 2921 2425 2427 2504 
2225 2349 2425 2426 2350 
2226 2135 2119 2120 2125 
2227 2349 2350 2975 2325 
2228 2331 2833 3048 2715 
2229 2266 2265 2348 2344 
2230 2383 2382 2954 2384 
2231 2674 2540 2515 2514 
2232 2874 2062 193 194 
2233 2975 2885 2733 2564 
2234 2115 2334 2929 2112 
2235 2391 2366 2419 2943 
2236 2897 3000 2354 2947 
2237 2844 2423 2122 2124 
2238 2530 2960 2555 2487 
2239 2391 2150 2107 2366 
2240 2505 2551 2662 2504 
2241 2928 2175 2162 2158 
2242 2158 2157 2743 2928 
2243 2779 2560 2480 2622 
2244 3034 2648 3152 2813 
2245 2300 2302 2364 2363 
2246 2904 2516 2439 2903 
2247 2474 2608 2712 2628 
2248 2560 2214 2197 2480 
2249 2892 151 152 2019 
2250 2937 2708 2707 2557 
2251 2815 2444 2381 2814 
2252 2191 2172 2171 2190 
2253 2190 2201 2202 2191 
2254 2272 2274 2275 2273 
2255 2420 2769 2713 2712 
2256 2899 2379 2359 2988 
2257 2180 2193 2205 2204 
2258 2151 2157 2158 2144 
2259 2439 2516 2943 2419 
2260 2363 2364 2422 2421 
2261 2421 2556 3016 2363 
2262 2456 2526 2527 2525 
2263 2925 2164 2163 2162 
2264 2939 2561 2221 2169 
2265 2272 2271 2221 2931 
2266 2950 2216 2236 2949 
2267 2950 2202 2201 2216 
2268 2829 2826 2827 2828 
2269 2152 2153 2160 2159 
2270 2294 2354 2355 2296 
2271 2833 2331 2079 2081 
2272 2917 3017 2682 2918 
2273 2897 2947 2373 2441 
2274 2172 2168 2166 2171 
2275 2949 2236 2294 2296 
2276 2939 2169 2167 2168 
2277 2413 2208 2207 2196 
2278 2036 192 193 2932 
2279 2494 2533 2559 2441 
2280 2983 2206 2202 2950 
2281 2496 2495 2917 2918 
2282 2150 2101 2102 2107 
2283 2992 3214 3227 2024 
2284 2347 2346 2266 2345 
2285 2997 2939 2168 2172 
2286 2168 2167 2165 2166 
2287 2145 2146 2153 2152 
2288 3167 2806 3178 2653 
2289 2929 2109 2111 2112 
2290 2813 2454 2369 3034 
2291 2404 2914 2319 2318 
2292 2931 2417 2274 2272 
2293 2261 2235 2213 2224 
2294 2158 2162 2163 2161 
2295 2989 2972 2401 2539 
2296 2375 2359 2310 2360 
2297 2576 2577 2675 2578 
2298 2400 2520 2539 2401 
2299 2359 2309 2262 2310 
2300 2663 2414 2397 2457 
2301 2224 2213 2203 2206 
2302 2417 2945 2280 2274 
2303 2467 2901 2674 2514 
2304 2252 2333 2371 3015 
2305 2166 2165 2163 2164 
2306 2919 2395 2390 2388 
2307 2300 2247 3008 2302 
2308 2520 2955 2956 2539 
2309 2344 2392 2547 2907 
2310 2296 2973 2951 2949 
2311 2206 2203 2191 2202 
2312 3010 2618 2614 2612 
2313 2848 2269 2268 2313 
2314 2666 2533 2494 2534 
2315 2714 2031 164 3097 
2316 2309 2261 2224 2262 
2317 2666 2534 2699 2967 
2318 2226 2987 2853 2852 
2319 2683 3194 2269 3200 
2320 2236 2237 2295 2294 
2321 2477 2443 2975 2564 
2322 2648 3034 2332 3049 
2323 2425 2349 3006 2427 
2324 2927 2309 2359 2379 
2325 2520 2521 2664 2650 
2326 2133 2131 2130 2132 
2327 2228 2227 2198 2215 
2328 2553 2541 2515 2540 
2329 2295 2947 2354 2294 
2330 2120 2800 3180 2125 
2331 2997 2488 3044 2940 
2332 2253 2254 2263 2251 
2333 2584 2879 3082 3129 
2334 2058 2920 265 266 
2335 2883 3006 2308 2306 
2336 2216 2217 2237 2236 
2337 2589 2536 2941 2801 
2338 2484 2483 2567 2566 
2339 2341 2342 2984 2258 
2340 2402 2511 2694 2510 
2341 2295 2336 2373 2947 
2342 2681 2548 2506 2508 
2343 2323 2281 2278 2277 
2344 2517 2962 2465 2450 
2345 2743 2157 2151 2170 
2346 2022 177 178 2832 
2347 2941 2536 2485 2484 
2348 2872 2196 2195 2173 
2349 2811 2144 2158 2161 
2350 2980 2489 2401 2972 
2351 2376 2402 2510 2375 
2352 2260 2239 2238 2259 
2353 2117 2118 2120 2119 
2354 2099 2100 2102 2101 
2355 2097 2098 2100 2099 
2356 2483 2482 2481 2386 
2357 2566 2567 2620 2619 
2358 2916 2267 2227 2228 
2359 2454 2550 3026 2549 
2360 2385 2299 3001 2386 
2361 2866 2405 2569 2570 
2362 2609 2738 2739 2517 
2363 2883 2639 2427 3006 
2364 2977 2217 2216 2201 
2365 2304 2303 2248 2301 
2366 2450 2451 2609 2517 
2367 2511 2402 2403 2979 
2368 3009 2341 2258 2337 
2369 2686 2881 2693 2689 
2370 2201 2190 2428 2977 
2371 2593 2590 2589 2948 
2372 2306 2305 2303 2304 
2373 2465 2403 2412 2450 
2374 2308 2307 2305 2306 
2375 2400 2401 2489 2355 
2376 2979 2697 2696 2511 
2377 2564 2733 2734 2565 
2378 2254 2264 2343 2263 
2379 2801 2802 2948 2589 
2380 2487 2486 2585 2530 
2381 2963 2979 2403 2465 
2382 2974 2148 2142 2234 
2383 2197 3014 2637 2480 
2384 2325 2324 2307 2308 
2385 2783 2505 2639 2640 
2386 2962 2964 2963 2465 
2387 2466 2449 2396 2448 
2388 2517 2739 3059 2962 
2389 2310 2552 2971 2968 
2390 2324 2325 2975 2443 
2391 2782 2781 2558 2709 
2392 3263 2699 2534 2698 
2393 2772 2730 2728 2729 
2394 2717 2716 2715 2543 
2395 2310 2968 3002 2360 
2396 3205 3039 2554 2765 
2397 2221 2561 3050 2931 
2398 2689 2688 2687 2686 
2399 2448 2396 2390 2395 
2400 2749 3121 2872 2974 
2401 2402 2376 2412 2403 
2402 2420 2712 2608 2731 
2403 2536 2589 2590 2537 
2404 2924 2896 3244 2724 
2405 2261 2299 2385 2235 
2406 2483 2484 2485 2482 
2407 2725 2594 2592 2593 
2408 232 233 2066 2991 
2409 2799 2040 237 238 
2410 231 232 2991 2039 
2411 2228 2230 2986 2916 
2412 242 243 2993 2050 
2413 227 2052 2992 226 
2414 243 244 2023 2993 
2415 226 2992 2024 225 
2416 2821 2820 2777 2776 
2417 2706 2705 2509 2626 
2418 225 2024 2994 224 
2419 224 2994 2051 223 
2420 223 2051 2996 222 
2421 2755 2047 3203 2793 
2422 2773 2012 3207 2774 
2423 222 2996 2016 221 
2424 2112 2113 2116 2115 
2425 2115 2116 2118 2117 
2426 2608 2474 2473 2606 
2427 2387 2367 2319 2914 
2428 144 3216 276 6 
2429 248 249 2995 2018 
2430 221 2016 2998 220 
2431 2095 2096 2098 2097 
2432 2277 2276 2273 2275 
2433 2924 2543 2542 2541 
2434 2355 2354 3000 2400 
2435 2093 2999 2212 2091 
2436 2359 2375 2510 2988 
2437 2816 2815 3118 2817 
2438 2694 2695 2988 2510 
2439 2567 2483 2386 3001 
2440 2474 2439 2429 2473 
2441 2419 2366 2107 2418 
2442 2857 2664 2521 2838 
2443 249 250 2053 2995 
2444 220 2998 2055 219 
2445 2545 2544 2471 2523 
2446 2847 2178 2179 2180 
2447 2399 2503 2679 3009 
2448 2395 2452 3086 2448 
2449 2091 2212 3012 2089 
2450 2083 2244 3048 2833 
2451 2303 2986 2230 2248 
2452 2450 2412 2647 2451 
2453 3012 2087 2088 2089 
2454 2845 2413 3121 2846 
2455 2314 2282 2278 2281 
2456 240 241 3007 2032 
2457 3001 2849 2620 2567 
2458 2811 2161 2163 2420 
2459 2543 2924 2724 2717 
2460 2325 2308 3006 2349 
2461 2221 2271 2270 2246 
2462 2264 2254 2942 2265 
2463 2369 2454 2549 2453 
2464 2169 2221 2246 2220 
2465 2912 3008 2247 2229 
2466 2375 2360 3002 2376 
2467 179 2045 2832 178 
2468 2439 2419 2418 2429 
2469 3081 3056 3067 2889 
2470 2609 2451 2647 2989 
2471 2050 3007 241 242 
2472 2563 2562 2544 2545 
2473 2464 2571 2748 2572 
2474 2504 2427 2639 2505 
2475 2164 2969 2171 2166 
2476 2336 2295 2237 2335 
2477 2206 2983 2262 2224 
2478 2508 2506 2497 2496 
2479 2223 2222 2207 2208 
2480 2244 2083 2084 2085 
2481 2172 2191 2203 2997 
2482 2495 2491 2490 2267 
2483 2593 2592 2591 2590 
2484 3008 2518 2364 2302 
2485 2432 2579 2661 2660 
2486 2213 2488 2997 2203 
2487 2462 2463 2571 2464 
2488 2520 2400 3000 2521 
2489 2301 2300 2363 3016 
2490 2310 2262 2983 2552 
2491 2514 2469 2468 2467 
2492 2890 2529 2528 2527 
2493 2178 3014 2197 2177 
2494 2376 3002 2647 2412 
2495 2850 2851 3195 2659 
2496 162 2877 2026 161 
2497 2488 2213 2235 3013 
2498 2729 2728 2727 2726 
2499 2190 2171 2969 2428 
2500 2961 2211 2288 2670 
2501 2460 2461 2463 2462 
2502 2568 3040 3220 2891 
2503 2897 2838 2521 3000 
2504 2073 2075 2362 3011 
2505 2270 2271 3029 2338 
2506 2766 213 214 2057 
2507 2459 2393 2461 2460 
2508 2807 2622 2480 2637 
2509 3277 2936 2548 2935 
2510 2386 2481 2573 2385 
2511 2093 2094 2096 2095 
2512 2898 2606 2607 2745 
2513 2235 2385 2573 3013 
2514 2833 2081 2082 2083 
2515 2131 2128 2129 2130 
2516 2091 2092 2094 2093 
2517 2725 2726 2727 2594 
2518 2850 2456 2455 2358 
2519 2274 2280 3089 2275 
2520 3225 2990 3290 2953 
2521 2318 2317 2316 2315 
2522 2089 2090 2092 2091 
2523 3147 2818 2025 3170 
2524 2481 2624 2819 2573 
2525 2272 2273 3029 2271 
2526 2684 2673 2614 2618 
2527 2352 2353 3020 2327 
2528 163 2906 2877 162 
2529 2336 2335 2574 2339 
2530 2977 3027 2237 2217 
2531 2554 3039 2445 2446 
2532 2791 3105 2119 2135 
2533 3199 2052 3186 2955 
2534 3048 2542 2543 2715 
2535 2981 2102 2103 2104 
2536 2920 2021 264 265 
2537 2447 2445 3039 2600 
2538 2495 2496 2497 2491 
2539 2227 3037 2194 2198 
2540 2277 2278 2581 2276 
2541 2466 2467 2468 2449 
2542 3010 2612 2380 2611 
2543 3058 2289 2287 2513 
2544 3037 2227 2267 2490 
2545 2177 2160 2179 2178 
2546 2477 3251 2580 2443 
2547 2102 2981 2418 2107 
2548 2329 2328 2284 2285 
2549 2273 2276 2581 3029 
2550 2087 2085 2084 2086 
2551 2387 2388 2389 2367 
2552 2575 2104 2105 2106 
2553 165 166 3126 2043 
2554 2818 3155 3031 2025 
2555 2581 3035 2433 3062 
2556 2657 2855 3256 2830 
2557 2564 2565 3021 2477 
2558 2531 2771 2798 2623 
2559 2241 2242 2257 2243 
2560 2232 2862 3164 2863 
2561 2791 2745 2607 2746 
2562 2388 2390 2424 2389 
2563 3044 3050 2561 2940 
2564 2243 2257 2337 2258 
2565 2532 2424 3005 2583 
2566 2396 3005 2424 2390 
2567 3243 2687 2688 2692 
2568 2410 2411 3020 2353 
2569 2237 3027 2574 2335 
2570 2251 2263 2648 3049 
2571 2548 3018 2507 2506 
2572 2986 2303 2305 3023 
2573 2902 2823 2014 3057 
2574 2624 2481 2482 3068 
2575 2677 2678 3003 2493 
2576 2469 2531 2538 2468 
2577 2282 2314 3085 2315 
2578 2734 2735 3021 2565 
2579 2514 2515 3024 2469 
2580 2389 2424 2532 2432 
2581 2122 2120 2118 2121 
2582 2889 2436 2437 2438 
2583 2291 3058 2850 2358 
2584 2286 2185 2186 2187 
2585 2399 2502 2599 2503 
2586 2431 2181 2182 2183 
2587 2820 2821 3297 2822 
2588 2145 2134 2154 2146 
2589 2740 2652 2651 2507 
2590 2810 2538 2531 2623 
2591 2530 2585 3117 2767 
2592 2506 2507 2651 2497 
2593 2551 2784 3233 2915 
2594 2324 3022 2361 2307 
2595 2193 2180 2179 2192 
2596 2740 2794 2795 2652 
2597 2368 2433 3035 2316 
2598 2307 2361 3023 2305 
2599 2771 2531 2469 3024 
2600 2978 2183 2184 2185 
2601 2655 2654 2631 2632 
2602 2104 2575 3041 2981 
2603 2342 2378 2471 3051 
2604 3026 2700 2587 2549 
2605 2982 2142 2141 2140 
2606 2449 3033 3005 2396 
2607 2442 3232 2722 2788 
2608 154 2048 3113 153 
2609 2282 3035 2581 2278 
2610 2315 2316 3035 2282 
2611 2384 2445 2447 2383 
2612 2632 2631 2528 2529 
2613 2205 2193 2211 2961 
2614 2965 2964 2962 3059 
2615 2333 2332 3034 2369 
2616 2324 2443 2580 3022 
2617 151 2892 2042 150 
2618 2458 2356 2351 2415 
2619 2541 2542 3024 2515 
2620 2397 2313 2268 2374 
2621 2925 3247 2736 3163 
2622 269 10 270 3221 
2623 2488 3013 2573 3044 
2624 2430 2108 2106 2105 
2625 2106 2108 2110 2109 
2626 2990 2155 2174 2181 
2627 3027 2977 2428 3054 
2628 2525 2524 2455 2456 
2629 3050 3044 2573 2819 
2630 2942 3087 2582 3060 
2631 2124 2122 2121 2123 
2632 2461 2393 2348 3060 
2633 2254 2253 3087 2942 
2634 2959 2077 2078 2079 
2635 2367 2389 2432 3038 
2636 2755 2792 3217 2047 
2637 2866 2371 2372 2405 
2638 199 3025 2061 198 
2639 2124 2127 2129 2128 
2640 2109 2110 2114 2111 
2641 260 3057 2014 259 
2642 2415 2519 2633 3061 
2643 2563 2753 3045 2562 
2644 2223 2250 2252 2222 
2645 2196 2207 2440 2195 
2646 3136 3139 2133 2321 
2647 2651 3123 2900 3110 
2648 2110 2140 2141 2114 
2649 2100 2098 2340 3032 
2650 2432 2660 3070 3038 
2651 2265 2942 3060 2348 
2652 2251 3049 2332 2250 
2653 2241 2219 3019 2242 
2654 2429 2418 2981 3041 
2655 2164 2925 3163 2969 
2656 2112 2111 3042 2113 
2657 2449 2468 2538 3033 
2658 2219 2205 2961 3019 
2659 2576 2479 2610 2577 
2660 2316 2317 3070 2368 
2661 2102 2100 3032 2103 
2662 2081 2079 2078 2080 
2663 2458 2806 3167 2356 
2664 200 2038 3025 199 
2665 2285 2284 2283 2256 
2666 2527 2528 3063 2525 
2667 3009 2337 2398 2399 
2668 2852 2256 2255 2226 
2669 2148 2149 2141 2142 
2670 2634 2818 3147 2625 
2671 2193 2192 2287 2211 
2672 2712 2713 3145 2628 
2673 2591 2592 3090 2780 
2674 2889 2576 2578 3081 
2675 3165 236 237 3102 
2676 2153 3036 2179 2160 
2677 2362 2075 2076 2077 
2678 2146 3028 3036 2153 
2679 2501 2398 3079 2512 
2680 2793 2599 2646 2755 
2681 2728 2730 3084 2752 
2682 3064 2184 2183 2182 
2683 2250 2332 2333 2252 
2684 2358 2455 2595 2357 
2685 2987 2226 2225 2209 
2686 2211 2287 2289 2288 
2687 2189 2187 2186 2188 
2688 3047 2288 2289 2290 
2689 2463 2461 3060 2582 
2690 2210 2189 2188 2209 
2691 2231 2210 2209 2225 
2692 2199 2186 2185 2184 
2693 2453 2370 2333 2369 
2694 2374 2493 3003 2397 
2695 2470 2407 3130 2472 
2696 2330 3078 2616 3108 
2697 2333 2370 2372 2371 
2698 2293 2290 2291 2292 
2699 2605 2789 2790 2649 
2700 3058 2291 2290 2289 
2701 2351 2416 2519 2415 
2702 204 3030 2030 203 
2703 205 2060 3030 204 
2704 206 3031 2060 205 
2705 207 2025 3031 206 
2706 2801 2054 3218 2802 
2707 2358 2357 2292 2291 
2708 2318 2319 3070 2317 
2709 2544 2562 3045 2808 
2710 2367 3038 3070 2319 
2711 2447 2601 2603 2602 
2712 2479 2438 2437 2478 
2713 2569 2405 2372 2406 
2714 2602 2603 2605 2604 
2715 146 2049 3275 145 
2716 2502 2399 2398 2501 
2717 2382 2383 3073 2347 
2718 2148 2173 2155 2149 
2719 2583 2638 3072 2532 
2720 2633 2519 2535 2630 
2721 2826 2472 3130 2827 
2722 2113 2586 3043 2116 
2723 2195 2174 2155 2173 
2724 2471 2544 2808 3051 
2725 2260 2259 3055 2268 
2726 2792 2755 2646 3234 
2727 2116 3043 2121 2118 
2728 2374 2676 2677 2493 
2729 2814 2621 3118 2815 
2730 2432 2532 3072 2579 
2731 2436 2255 2256 2283 
2732 2535 2665 2668 2630 
2733 2606 2473 3093 2607 
2734 2232 2231 3056 2238 
2735 2679 3141 2341 3009 
2736 2347 3073 3109 2346 
2737 2404 2318 2315 3085 
2738 2323 2277 2275 3089 
2739 2546 2869 3181 2870 
2740 2597 2645 2805 2804 
2741 2772 2773 3084 2730 
2742 2590 2591 3104 2537 
2743 2087 2086 3082 2088 
2744 2437 2596 2597 2478 
2745 2631 2683 3063 2528 
2746 2889 3067 2255 2436 
2747 2635 2616 2615 2617 
2748 2612 2614 2615 2613 
2749 2752 3088 2727 2728 
2750 2900 2490 2491 3110 
2751 2181 2174 3069 2182 
2752 2388 2387 3176 2919 
2753 228 229 3128 2029 
2754 2174 2195 2440 3069 
2755 2043 3097 164 165 
2756 2727 3090 2592 2594 
2757 2406 2372 3071 2475 
2758 2341 3141 2434 2377 
2759 2453 3071 2372 2370 
2760 262 2034 3103 261 
2761 2549 2587 3071 2453 
2762 2067 2063 2787 2786 
2763 2657 2830 3314 2685 
2764 2742 2741 2711 2037 
2765 2259 2238 3056 2320 
2766 2956 3158 2738 2609 
2767 2140 2110 2108 3065 
2768 2185 2286 3243 2978 
2769 2764 2641 2636 2642 
2770 2225 3067 3056 2231 
2771 3033 2538 2810 3092 
2772 2073 2074 2076 2075 
2773 2368 3070 2660 3099 
2774 2222 3083 2440 2207 
2775 2011 3268 3233 2784 
2776 2086 2084 3094 2156 
2777 2478 3076 2610 2479 
2778 2266 2346 3109 2957 
2779 3041 3093 2473 2429 
2780 3015 3083 2222 2252 
2781 2293 2292 3066 2351 
2782 2226 2255 3067 2225 
2783 2212 3106 3092 2810 
2784 2714 2615 2614 3052 
2785 2329 2380 3078 2328 
2786 2595 3066 2292 2357 
2787 2080 2078 3098 2200 
2788 2121 2394 3075 2123 
2789 3072 3096 2661 2579 
2790 2742 2027 2068 2069 
2791 3081 2578 3204 3188 
2792 2024 3227 3249 2994 
2793 2104 2103 3074 2105 
2794 2769 2165 2167 3144 
2795 2482 2485 3104 3068 
2796 157 2013 3177 156 
2797 2929 2334 3143 2930 
2798 2553 2895 3193 2896 
2799 2383 2447 2602 3073 
2800 2547 2584 3129 2621 
2801 2423 2844 3139 2795 
2802 211 2015 3115 210 
2803 2336 2339 3280 3053 
2804 2034 3242 2895 2894 
2805 2268 3055 2676 2374 
2806 2642 2636 3107 2785 
2807 3104 2591 2780 3095 
2808 2513 2287 2192 3080 
2809 3173 2871 3182 2126 
2810 2804 3076 2478 2597 
2811 2083 2082 3094 2084 
2812 2334 2115 2117 3100 
2813 3255 2051 2994 3249 
2814 2871 3173 2878 2880 
2815 2124 2123 3075 2127 
2816 2615 2616 3078 2613 
2817 2290 2293 3167 3047 
2818 2696 2697 3168 2799 
2819 2686 2687 3125 2658 
2820 2337 2257 3079 2398 
2821 3033 3092 2583 3005 
2822 2192 2179 3036 3080 
2823 2257 2242 3019 3079 
2824 2039 3101 230 231 
2825 2283 2284 2330 3077 
2826 2433 2368 3099 2643 
2827 3057 260 261 3103 
2828 2019 152 153 3113 
2829 2071 2072 2074 2073 
2830 3100 2117 2119 3105 
2831 172 2041 3222 171 
2832 2846 3120 2463 2582 
2833 3095 2946 3068 3104 
2834 2737 2756 3111 2588 
2835 2965 2966 3293 2964 
2836 2536 2537 3104 2485 
2837 2284 2328 3078 2330 
2838 2436 2283 3077 2437 
2839 2270 2279 3148 2246 
2840 2612 2613 3078 2380 
2841 2037 272 273 2742 
2842 2568 2891 3256 2890 
2843 161 2026 3299 160 
2844 2351 3066 3116 2416 
2845 2742 273 274 2027 
2846 2059 209 210 3115 
2847 2077 2076 3098 2078 
2848 2811 3191 2139 2144 
2849 3305 2249 3180 3300 
2850 3092 3106 2638 2583 
2851 2209 2188 3132 2987 
2852 2196 2872 3121 2413 
2853 2072 2311 3091 2074 
2854 2762 2763 3198 2691 
2855 2063 2067 274 275 
2856 2651 3110 2491 2497 
2857 174 2035 3261 173 
2858 3256 2147 3278 2830 
2859 2866 2761 3150 3137 
2860 3117 3154 2080 2200 
2861 2597 2596 3157 2598 
2862 3294 3289 2339 2574 
2863 2749 2571 2463 3120 
2864 2615 2714 3107 2617 
2865 2150 2391 3303 2435 
2866 212 3112 2015 211 
2867 2749 2974 2234 3319 
2868 3041 2930 3143 3093 
2869 2380 2329 3312 2611 
2870 2851 2513 3080 3124 
2871 3046 3126 166 167 
2872 3073 2602 2604 3109 
2873 2077 2959 3292 2362 
2874 3158 3186 228 2029 
2875 2621 3129 2156 3118 
2876 2656 2655 2658 3125 
2877 3017 2361 3022 3140 
2878 2635 2617 3107 2636 
2879 2888 2900 3123 2887 
2880 2967 3212 2998 2016 
2881 2710 271 272 2037 
2882 2142 2982 3301 2234 
2883 189 2028 3203 188 
2884 2719 2859 3241 2721 
2885 3165 3102 3293 2966 
2886 2074 3091 3098 2076 
2887 2440 3083 3015 3137 
2888 2587 3114 2475 3071 
2889 2700 2796 3114 2587 
2890 209 2059 3170 208 
2891 2092 2090 3166 2126 
2892 2540 2674 3250 2894 
2893 2801 2803 3258 2054 
2894 2599 2793 3262 2503 
2895 2887 3123 3136 2321 
2896 2519 2416 3116 2535 
2897 2699 3263 2921 2922 
2898 3116 3219 2663 3245 
2899 3011 2362 3292 3266 
2900 3139 3136 2652 2795 
2901 2904 2903 2628 3145 
2902 3101 3128 229 230 
2903 2817 3118 2156 3094 
2904 2073 2442 3213 2071 
2905 2492 2070 2069 2068 
2906 2708 2937 3309 2938 
2907 187 2047 3217 186 
2908 2264 2957 3161 2343 
2909 2823 2902 2901 3252 
2910 2796 2044 3299 2797 
2911 2057 3323 2707 2766 
2912 2475 2476 3160 2406 
2913 2844 2131 2133 3139 
2914 2620 2824 3226 2619 
2915 2433 2643 3133 2644 
2916 195 8 196 3264 
2917 3080 3036 3028 3124 
2918 3240 2060 3031 3229 
2919 2512 3079 3019 3131 
2920 2377 2434 3130 2407 
2921 2343 3161 2629 3152 
2922 2578 2675 3265 3204 
2923 2765 2042 2892 3205 
2924 2188 2186 2199 3132 
2925 2831 2642 2785 3127 
2926 2288 3047 3169 2670 
2927 2022 3296 3122 2835 
2928 2111 2114 3179 3042 
2929 169 3254 168 7 
2930 246 247 3218 2054 
2931 3211 2915 3233 2055 
2932 2475 2627 3134 2476 
2933 2885 2498 3269 2976 
2934 2778 252 253 3184 
2935 3026 3235 3177 2013 
2936 2098 2096 3187 2340 
2937 2670 3131 3019 2961 
2938 2754 2626 2625 3147 
2939 2636 2641 3196 2635 
2940 2032 3142 239 240 
2941 2957 3109 2604 3161 
2942 2774 3207 255 2056 
2943 2782 2709 3323 2985 
2944 2960 2768 3310 2812 
2945 2516 2904 3156 2905 
2946 2281 2323 3090 3183 
2947 2599 2502 3178 2646 
2948 2126 3166 2879 3173 
2949 2086 2156 3129 3082 
2950 2169 2220 3144 2167 
2951 2079 2331 3328 2959 
2952 2652 3136 3123 2651 
2953 219 2055 3233 218 
2954 2082 3154 2817 3094 
2955 198 2061 3146 197 
2956 3093 3143 2746 2607 
2957 2371 2866 3137 3015 
2958 2136 2249 3282 2138 
2959 2865 2864 2863 3164 
2960 2019 3308 2600 2970 
2961 2695 2694 3285 2770 
2962 2893 3189 2630 2668 
2963 2778 2729 2726 3159 
2964 2246 3148 3144 2220 
2965 244 245 3258 2023 
2966 2155 2990 3225 2149 
2967 2279 2270 2338 3156 
2968 2448 3086 3252 2466 
2969 2088 3082 2879 3166 
2970 2646 3178 2806 3234 
2971 2081 2080 3154 2082 
2972 2670 3169 2512 3131 
2973 2797 3135 2627 3238 
2974 2338 3029 2581 3153 
2975 2778 3311 251 252 
2976 2071 2070 3119 2072 
2977 255 256 3201 2056 
2978 3004 3230 2045 2875 
2979 3323 2057 3304 2985 
2980 2654 3192 2298 3190 
2981 2620 2839 3237 2824 
2982 2182 3069 3150 3064 
2983 216 2011 3304 215 
2984 2268 2269 3194 2260 
2985 2821 257 258 3297 
2986 3027 3054 3294 2574 
2987 2605 2603 2744 2789 
2988 2263 2343 3152 2648 
2989 2534 2494 3279 2698 
2990 2570 2569 3162 2759 
2991 3040 2154 2134 3220 
2992 235 3271 234 9 
2993 2239 2260 3194 2298 
2994 2987 3132 3228 2853 
2995 2684 3134 2627 3135 
2996 3054 2428 2969 3163 
2997 2351 2356 3167 2293 
2998 2447 2600 3308 2601 
2999 2979 2963 3168 2697 
3000 2605 2629 3161 2604 
3001 2581 3062 3298 3153 
3002 2141 2149 3225 2322 
3003 2406 3160 3162 2569 
3004 2048 154 155 3172 
3005 3330 3291 3111 2756 
3006 2018 3171 2593 2948 
3007 2678 3004 3274 3003 
3008 2336 3053 3279 2373 
3009 2660 2661 3149 3099 
3010 2525 3063 3206 2524 
3011 2089 2088 3166 2090 
3012 2641 2764 3231 3215 
3013 3280 2976 3279 3053 
3014 3273 2996 2051 3255 
3015 2679 2503 3262 2747 
3016 2595 3202 2680 3219 
3017 2414 2680 3206 2848 
3018 2025 207 208 3170 
3019 2548 2936 3305 3018 
3020 203 2030 3291 202 
3021 3133 2643 3099 3149 
3022 2584 2878 3173 2879 
3023 2239 2298 3192 2862 
3024 2829 2828 3325 3151 
3025 2852 2853 3287 2500 
3026 3172 155 156 3177 
3027 3056 3081 3188 2320 
3028 2035 3174 3076 2804 
3029 3077 2330 3108 3157 
3030 2437 3077 3157 2596 
3031 2851 3124 3028 3195 
3032 2501 2512 3169 2653 
3033 2775 3176 2387 2914 
3034 3069 2440 3137 3150 
3035 2668 3260 2017 2893 
3036 2695 2770 3237 2839 
3037 2130 2129 3278 2147 
3038 254 2012 3184 253 
3039 2259 2320 3188 3055 
3040 2435 3303 2644 3133 
3041 268 269 3221 2064 
3042 2829 2061 3025 3306 
3043 2944 2905 3153 3298 
3044 2113 3042 3318 2586 
3045 2678 2677 3265 2758 
3046 2761 2760 3228 3210 
3047 2073 3011 3232 2442 
3048 2683 3200 3206 3063 
3049 2049 2837 3259 3223 
3050 2572 2750 3276 2751 
3051 2036 2932 3325 3138 
3052 2593 3171 3320 2725 
3053 3061 2633 3316 3209 
3054 3017 3140 3224 2682 
3055 2882 3111 3291 2030 
3056 2125 3180 2249 2136 
3057 2729 2778 3184 2772 
3058 2322 3179 2114 2141 
3059 2653 3178 2502 2501 
3060 2837 2033 3270 3259 
3061 2778 3159 2053 3311 
3062 2108 2430 3281 3065 
3063 2137 2139 3191 2233 
3064 2859 3244 2021 2920 
3065 2052 227 228 3186 
3066 2126 3182 2094 2092 
3067 3295 3130 2434 2958 
3068 3248 2735 2736 3247 
3069 2821 3201 256 257 
3070 2598 3157 3108 3196 
3071 2832 2758 3265 3175 
3072 2967 2016 2996 3273 
3073 3064 3150 2761 3210 
3074 2580 3251 2854 3224 
3075 3172 3177 3235 2790 
3076 2096 2094 3182 3187 
3077 2953 2690 2691 3198 
3078 3249 2858 2666 3255 
3079 2662 3211 3212 2922 
3080 2809 3209 2913 2020 
3081 2654 3190 2683 2631 
3082 2520 2650 3199 2955 
3083 2770 3285 3142 2032 
3084 2047 187 188 3203 
3085 263 264 2021 3193 
3086 3004 2875 2017 3260 
3087 2909 2672 3229 2910 
3088 2121 3043 3317 2394 
3089 2741 2788 3185 2711 
3090 2056 3201 2821 2776 
3091 3090 2727 3088 3183 
3092 2655 2656 3192 2654 
3093 2726 2725 3320 3159 
3094 2019 2970 3205 2892 
3095 2063 3216 3275 2787 
3096 2414 2663 3219 2680 
3097 2665 2457 3274 2669 
3098 2415 3061 3257 2458 
3099 2874 3151 3325 2062 
3100 2840 3226 2993 2023 
3101 2028 3262 2793 3203 
3102 2146 2154 3195 3028 
3103 2611 3312 2759 3162 
3104 3246 3021 2735 3248 
3105 2038 2757 3306 3025 
3106 3055 3188 3204 2676 
3107 2605 2649 3197 2629 
3108 2020 185 186 3217 
3109 2032 3007 3237 2770 
3110 2012 254 255 3207 
3111 2595 2455 2524 3202 
3112 3199 2650 2664 3214 
3113 3248 2928 2743 3246 
3114 2938 3272 3115 2015 
3115 2065 170 171 3222 
3116 3032 2340 3181 3239 
3117 2765 3302 2856 2042 
3118 3313 3075 2394 3321 
3119 2806 2458 3257 3234 
3120 2018 3218 247 248 
3121 2550 3197 2649 3208 
3122 2033 2856 3302 3270 
3123 2732 3223 3259 2703 
3124 2133 2132 3220 2134 
3125 170 2065 3254 169 
3126 2070 2071 3213 2069 
3127 2566 2619 3226 2840 
3128 2797 3238 3114 2796 
3129 3214 2664 2857 3227 
3130 2864 2865 3243 2286 
3131 194 195 3264 2874 
3132 2813 3152 2629 3197 
3133 2985 3286 2783 2782 
3134 2641 3215 2598 3196 
3135 2184 3064 3210 2199 
3136 2616 2635 3196 3108 
3137 2467 2466 3252 2901 
3138 2854 3251 3246 2743 
3139 2597 2598 3215 2645 
3140 2686 2685 3314 2881 
3141 2719 2724 3244 2859 
3142 3247 2175 2928 3248 
3143 3243 2692 3315 2978 
3144 2799 3142 3285 2696 
3145 2722 2721 3241 2723 
3146 2529 2890 3256 2855 
3147 2162 2175 3247 2925 
3148 3022 2580 3224 3140 
3149 3127 3046 3254 2065 
3150 2018 2995 3320 3171 
3151 3076 3174 3284 2610 
3152 3270 2701 2703 3259 
3153 2891 3220 2132 3236 
3154 2901 2902 3250 2674 
3155 2758 3230 3004 2678 
3156 2059 3115 3272 2754 
3157 2041 172 173 3261 
3158 2824 3237 3007 2050 
3159 2703 2704 3288 2732 
3160 275 276 3216 2063 
3161 2147 3236 2132 2130 
3162 3224 2854 3329 2681 
3163 3265 2675 3296 3175 
3164 2041 3231 2764 3327 
3165 2868 2958 2434 3141 
3166 2665 2669 3260 2668 
3167 263 3242 2034 262 
3168 218 3233 3268 217 
3169 3215 3231 2805 2645 
3170 2475 3114 3238 2627 
3171 2425 2921 3263 2426 
3172 2943 2944 3303 2391 
3173 2127 3075 3313 2245 
3174 3066 2595 3219 3116 
3175 2858 3249 3227 2857 
3176 2721 2722 3266 2720 
3177 2140 3065 3281 2982 
3178 197 3146 3264 196 
3179 2671 3240 3229 2672 
3180 2963 2964 3293 3168 
3181 2477 3021 3246 3251 
3182 2054 3258 245 246 
3183 2698 3269 2426 3263 
3184 2035 2834 3284 3174 
3185 2452 3324 2777 2820 
3186 3116 3245 2665 2535 
3187 3119 3288 2704 3283 
3188 2064 3221 2710 3307 
3189 2269 2848 3206 3200 
3190 3255 2666 2967 3273 
3191 233 234 3271 2066 
3192 2350 2426 3269 2498 
3193 2044 159 160 3299 
3194 2894 3250 3103 2034 
3195 271 2710 3221 270 
3196 2285 2500 3312 2329 
3197 167 168 3254 3046 
3198 2298 3194 2683 3190 
3199 2691 2693 3321 2762 
3200 2011 216 217 3268 
3201 2245 3313 2881 3314 
3202 2976 3280 2733 2885 
3203 2170 2151 2143 3277 
3204 2103 3032 3239 3074 
3205 2792 3234 3257 2809 
3206 2339 3289 2733 3280 
3207 2394 3317 2762 3321 
3208 2936 3277 2143 3282 
3209 2702 2812 3283 2704 
3210 3277 2935 3329 2170 
3211 2701 3270 3302 2667 
3212 2139 2138 3282 2143 
3213 2070 2492 3288 3119 
3214 2558 2707 3323 2709 
3215 2441 2373 3279 2494 
3216 193 2062 3325 2932 
3217 2511 2696 3285 2694 
3218 3266 3292 2718 2720 
3219 2397 3003 3274 2457 
3220 2869 2751 3239 3181 
3221 2395 2919 3324 2452 
3222 3210 3228 3132 2199 
3223 2183 2978 3315 2431 
3224 2603 2601 3308 2744 
3225 2036 3138 3295 2958 
3226 3321 2693 2881 3313 
3227 2733 3289 3294 2734 
3228 2181 2431 3290 2990 
3229 2507 3018 3305 2740 
3230 2882 2030 3030 3267 
3231 2735 2734 3294 2736 
3232 2794 3300 3180 2800 
3233 2421 2422 3309 2937 
3234 2548 2681 3329 2935 
3235 2311 3283 2812 3310 
3236 2055 2998 3212 3211 
3237 2570 2759 3287 2760 
3238 2031 3326 2673 2906 
3239 2690 2953 3290 2952 
3240 2959 3328 2718 3292 
3241 2572 2748 3301 2750 
3242 2853 3228 2760 3287 
3243 2057 214 215 3304 
3244 2952 3290 2431 3315 
3245 2717 2718 3328 2716 
3246 3305 3300 2794 2740 
3247 2234 3301 2748 3319 
3248 2127 2245 3278 2129 
3249 250 251 3311 2053 
3250 2649 2790 3235 3208 
3251 2492 2786 2787 3253 
3252 3057 3103 3250 2902 
3253 3159 3320 2995 2053 
3254 2554 2667 3302 2765 
3255 2577 2610 3284 3122 
3256 2105 3074 3276 2430 
3257 259 2014 3297 258 
3258 2038 200 201 3330 
3259 2743 2170 3329 2854 
3260 2873 3322 3309 2422 
3261 202 3291 3330 201 
3262 2064 3307 2711 3185 
3263 2966 2066 3271 3165 
3264 2688 2952 3315 2692 
3265 2571 2749 3319 2748 
3266 2680 3202 2524 3206 
3267 2751 3276 3074 3239 
3268 2433 2644 3298 3062 
3269 2714 3052 3326 2031 
3270 2614 2673 3326 3052 
3271 2642 2831 3327 2764 
3272 3151 2874 3264 3146 
3273 2577 3122 3296 2675 
3274 2037 2711 3307 2710 
3275 237 2040 3293 3102 
3276 2072 3119 3283 2311 
3277 2834 2835 3122 3284 
3278 2768 3091 2311 3310 
3279 3130 3295 3138 2827 
3280 2893 2046 3316 3189 
3281 236 3165 3271 235 
3282 2046 2913 3209 3316 
3283 2799 3168 3293 2040 
3284 145 3275 3216 144 
3285 3011 3266 2722 3232 
3286 2676 3204 3265 2677 
3287 2041 3327 2831 3222 
3288 2832 3175 3296 2022 
3289 2060 3240 3267 3030 
3290 2630 3189 3316 2633 
3291 2663 2457 2665 3245 
3292 2882 3267 3240 2671 
3293 2830 3278 2245 3314 
3294 2750 3301 2982 3281 
3295 3043 2586 3318 3317 
3296 2763 2762 3317 3318 
3 1 5 5552
3297 1158 1187 954 965 5929 6016 5317 5350 
3298 5929 6016 5317 5350 5930 6017 5318 5351 
3299 5930 6017 5318 5351 5931 6018 5319 5352 
3300 5931 6018 5319 5352 2877 2906 2673 2684 
3301 347 1247 1246 1272 3496 6196 6193 6271 
3302 3496 6196 6193 6271 3497 6197 6194 6272 
3303 3497 6197 6194 6272 3498 6198 6195 6273 
3304 3498 6198 6195 6273 2066 2966 2965 2991 
3305 701 444 446 1050 4558 3787 3793 5605 
3306 4558 3787 3793 5605 4559 3788 3794 5606 
3307 4559 3788 3794 5606 4560 3789 3795 5607 
3308 4560 3789 3795 5607 2420 2163 2165 2769 
3309 1427 342 1110 1432 6736 3481 5785 6751 
3310 6736 3481 5785 6751 6737 3482 5786 6752 
3311 6737 3482 5786 6752 6738 3483 5787 6753 
3312 6738 3483 5787 6753 3146 2061 2829 3151 
3313 1522 1140 1201 339 7021 5875 6058 3472 
3314 7021 5875 6058 3472 7022 5876 6059 3473 
3315 7022 5876 6059 3473 7023 5877 6060 3474 
3316 7023 5877 6060 3474 3241 2859 2920 2058 
3317 733 1101 1103 1367 4654 5758 5764 6556 
3318 4654 5758 5764 6556 4655 5759 5765 6557 
3319 4655 5759 5765 6557 4656 5760 5766 6558 
3320 4656 5760 5766 6558 2452 2820 2822 3086 
3321 965 1416 307 1158 5350 6703 3376 5929 
3322 5350 6703 3376 5929 5351 6704 3377 5930 
3323 5351 6704 3377 5930 5352 6705 3378 5931 
3324 5352 6705 3378 5931 2684 3135 2026 2877 
3325 1124 325 1077 981 5827 3430 5686 5398 
3326 5827 3430 5686 5398 5828 3431 5687 5399 
3327 5828 3431 5687 5399 5829 3432 5688 5400 
3328 5829 3432 5688 5400 2843 2044 2796 2700 
3329 320 1340 1020 1382 3415 6475 5515 6601 
3330 3415 6475 5515 6601 3416 6476 5516 6602 
3331 3416 6476 5516 6602 3417 6477 5517 6603 
3332 3417 6477 5517 6603 2039 3059 2739 3101 
3333 1272 1246 1340 320 6271 6193 6475 3415 
3334 6271 6193 6475 3415 6272 6194 6476 3416 
3335 6272 6194 6476 3416 6273 6195 6477 3417 
3336 6273 6195 6477 3417 2991 2965 3059 2039 
3337 345 1466 1004 1117 3490 6853 5467 5806 
3338 3490 6853 5467 5806 3491 6854 5468 5807 
3339 3491 6854 5468 5807 3492 6855 5469 5808 
3340 3492 6855 5469 5808 2064 3185 2723 2836 
3341 560 1426 994 1429 4135 6733 5437 6742 
3342 4135 6733 5437 6742 4136 6734 5438 6743 
3343 4136 6734 5438 6743 4137 6735 5439 6744 
3344 4137 6735 5439 6744 2279 3145 2713 3148 
3345 1069 1003 1004 1466 5662 5464 5467 6853 
3346 5662 5464 5467 6853 5663 5465 5468 6854 
3347 5663 5465 5468 6854 5664 5466 5469 6855 
3348 5664 5466 5469 6855 2788 2722 2723 3185 
3349 1090 301 1498 1073 5725 3358 6949 5674 
3350 5725 3358 6949 5674 5726 3359 6950 5675 
3351 5726 3359 6950 5675 5727 3360 6951 5676 
3352 5727 3360 6951 5676 2809 2020 3217 2792 
3353 1320 1486 1251 881 6415 6913 6208 5098 
3354 6415 6913 6208 5098 6416 6914 6209 5099 
3355 6416 6914 6209 5099 6417 6915 6210 5100 
3356 6417 6915 6210 5100 3039 3205 2970 2600 
3357 1382 1020 1019 1409 6601 5515 5512 6682 
3358 6601 5515 5512 6682 6602 5516 5513 6683 
3359 6602 5516 5513 6683 6603 5517 5514 6684 
3360 6603 5517 5514 6684 3101 2739 2738 3128 
3361 621 1468 1151 1462 4318 6859 5908 6841 
3362 4318 6859 5908 6841 4319 6860 5909 6842 
3363 4319 6860 5909 6842 4320 6861 5910 6843 
3364 4320 6861 5910 6843 2340 3187 2870 3181 
3365 294 1124 981 1307 3337 5827 5398 6376 
3366 3337 5827 5398 6376 3338 5828 5399 6377 
3367 3338 5828 5399 6377 3339 5829 5400 6378 
3368 3339 5829 5400 6378 2013 2843 2700 3026 
3369 1203 1493 1248 980 6064 6934 6199 5395 
3370 6064 6934 6199 5395 6065 6935 6200 5396 
3371 6065 6935 6200 5396 6066 6936 6201 5397 
3372 6066 6936 6201 5397 2922 3212 2967 2699 
3373 1056 1057 1058 1457 5623 5626 5629 6826 
3374 5623 5626 5629 6826 5624 5627 5630 6827 
3375 5624 5627 5630 6827 5625 5628 5631 6828 
3376 5625 5628 5631 6828 2775 2776 2777 3176 
3377 514 1072 416 418 3997 5671 3703 3709 
3378 3997 5671 3703 3709 3998 5672 3704 3710 
3379 3998 5672 3704 3710 3999 5673 3705 3711 
3380 3999 5673 3705 3711 2233 2791 2135 2137 
3381 989 1219 296 1393 5422 6112 3343 6634 
3382 5422 6112 3343 6634 5423 6113 3344 6635 
3383 5423 6113 3344 6635 5424 6114 3345 6636 
3384 5424 6114 3345 6636 2708 2938 2015 3112 
3385 968 1524 1146 1406 5359 7027 5893 6673 
3386 5359 7027 5893 6673 5360 7028 5894 6674 
3387 5360 7028 5894 6674 5361 7029 5895 6675 
3388 5361 7029 5895 6675 2687 3243 2865 3125 
3389 401 403 704 1081 3658 3664 4567 5698 
3390 3658 3664 4567 5698 3659 3665 4568 5699 
3391 3659 3665 4568 5699 3660 3666 4569 5700 
3392 3660 3666 4569 5700 2120 2122 2423 2800 
3393 1229 1083 1499 299 6142 5704 6952 3352 
3394 6142 5704 6952 3352 6143 5705 6953 3353 
3395 6143 5705 6953 3353 6144 5706 6954 3354 
3396 6144 5706 6954 3354 2948 2802 3218 2018 
3397 1038 1107 1110 1587 5569 5776 5785 7216 
3398 5569 5776 5785 7216 5570 5777 5786 7217 
3399 5570 5777 5786 7217 5571 5778 5787 7218 
3400 5571 5778 5787 7218 2757 2826 2829 3306 
3401 1474 1176 1523 130 6877 5983 7024 1969 
3402 6877 5983 7024 1969 6878 5984 7025 1970 
3403 6878 5984 7025 1970 6879 5985 7026 1971 
3404 6879 5985 7026 1971 3193 2895 3242 263 
3405 1460 603 1479 1044 6835 4264 6892 5587 
3406 6835 4264 6892 5587 6836 4265 6893 5588 
3407 6836 4265 6893 5588 6837 4266 6894 5589 
3408 6837 4266 6894 5589 3179 2322 3198 2763 
3409 1490 1090 1538 1342 6925 5725 7069 6481 
3410 6925 5725 7069 6481 6926 5726 7070 6482 
3411 6926 5726 7070 6482 6927 5727 7071 6483 
3412 6927 5727 7071 6483 3209 2809 3257 3061 
3413 690 1189 1326 1034 4525 6022 6433 5557 
3414 4525 6022 6433 5557 4526 6023 6434 5558 
3415 4526 6023 6434 5558 4527 6024 6435 5559 
3416 4527 6024 6435 5559 2409 2908 3045 2753 
3417 1312 1436 1191 1510 6391 6763 6028 6985 
3418 6391 6763 6028 6985 6392 6764 6029 6986 
3419 6392 6764 6029 6986 6393 6765 6030 6987 
3420 6393 6765 6030 6987 3031 3155 2910 3229 
3421 1069 1022 1494 723 5662 5521 6937 4624 
3422 5662 5521 6937 4624 5663 5522 6938 4625 
3423 5663 5522 6938 4625 5664 5523 6939 4626 
3424 5664 5523 6939 4626 2788 2741 3213 2442 
3425 1434 1186 1437 619 6757 6013 6766 4312 
3426 6757 6013 6766 4312 6758 6014 6767 4313 
3427 6758 6014 6767 4313 6759 6015 6768 4314 
3428 6759 6015 6768 4314 3153 2905 3156 2338 
3429 1056 1195 685 1365 5623 6040 4510 6550 
3430 5623 6040 4510 6550 5624 6041 4511 6551 
3431 5624 6041 4511 6551 5625 6042 4512 6552 
3432 5625 6042 4512 6552 2775 2914 2404 3084 
3433 1072 514 1179 1026 5671 3997 5992 5533 
3434 5671 3997 5992 5533 5672 3998 5993 5534 
3435 5672 3998 5993 5534 5673 3999 5994 5535 
3436 5673 3999 5994 5535 2791 2233 2898 2745 
3437 1534 1068 1556 330 7057 5659 7123 3445 
3438 7057 5659 7123 3445 7058 5660 7124 3446 
3439 7058 5660 7124 3446 7059 5661 7125 3447 
3440 7059 5661 7125 3447 3253 2787 3275 2049 
3441 1414 1430 1215 716 6697 6745 6100 4603 
3442 6697 6745 6100 4603 6698 6746 6101 4604 
3443 6698 6746 6101 4604 6699 6747 6102 4605 
3444 6699 6747 6102 4605 3133 3149 2934 2435 
3445 692 1060 903 1301 4531 5635 5164 6358 
3446 4531 5635 5164 6358 4532 5636 5165 6359 
3447 4532 5636 5165 6359 4533 5637 5166 6360 
3448 4533 5637 5166 6360 2411 2779 2622 3020 
3449 105 106 1423 1080 1894 1897 6724 5695 
3450 1894 1897 6724 5695 1895 1898 6725 5696 
3451 1895 1898 6725 5696 1896 1899 6726 5697 
3452 1896 1899 6726 5697 238 239 3142 2799 
3453 995 1378 324 1388 5440 6589 3427 6619 
3454 5440 6589 3427 6619 5441 6590 3428 6620 
3455 5441 6590 3428 6620 5442 6591 3429 6621 
3456 5442 6591 3429 6621 2714 3097 2043 3107 
3457 1517 428 1537 1172 7006 3739 7066 5971 
3458 7006 3739 7066 5971 7007 3740 7067 5972 
3459 7007 3740 7067 5972 7008 3741 7068 5973 
3460 7008 3741 7068 5973 3236 2147 3256 2891 
3461 1022 1023 350 1494 5521 5524 3505 6937 
3462 5521 5524 3505 6937 5522 5525 3506 6938 
3463 5522 5525 3506 6938 5523 5526 3507 6939 
3464 5523 5526 3507 6939 2741 2742 2069 3213 
3465 1372 1049 1048 1379 6571 5602 5599 6592 
3466 6571 5602 5599 6592 6572 5603 5600 6593 
3467 6572 5603 5600 6593 6573 5604 5601 6594 
3468 6573 5604 5601 6594 3091 2768 2767 3098 
3469 940 1476 435 1321 5275 6883 3760 6418 
3470 5275 6883 3760 6418 5276 6884 3761 6419 
3471 5276 6884 3761 6419 5277 6885 3762 6420 
3472 5277 6885 3762 6420 2659 3195 2154 3040 
3473 1426 560 1437 1185 6733 4135 6766 6010 
3474 6733 4135 6766 6010 6734 4136 6767 6011 
3475 6734 4136 6767 6011 6735 4137 6768 6012 
3476 6735 4137 6768 6012 3145 2279 3156 2904 
3477 1050 1425 1429 994 5605 6730 6742 5437 
3478 5605 6730 6742 5437 5606 6731 6743 5438 
3479 5606 6731 6743 5438 5607 6732 6744 5439 
3480 5607 6732 6744 5439 2769 3144 3148 2713 
3481 1409 1019 1439 310 6682 5512 6772 3385 
3482 6682 5512 6772 3385 6683 5513 6773 3386 
3483 6683 5513 6773 3386 6684 5514 6774 3387 
3484 6684 5514 6774 3387 3128 2738 3158 2029 
3485 1472 1092 701 1012 6871 5731 4558 5491 
3486 6871 5731 4558 5491 6872 5732 4559 5492 
3487 6872 5732 4559 5492 6873 5733 4560 5493 
3488 6873 5733 4560 5493 3191 2811 2420 2731 
3489 1445 937 1406 1146 6790 5266 6673 5893 
3490 6790 5266 6673 5893 6791 5267 6674 5894 
3491 6791 5267 6674 5894 6792 5268 6675 5895 
3492 6792 5268 6675 5895 3164 2656 3125 2865 
3493 1033 1366 595 1369 5554 6553 4240 6562 
3494 5554 6553 4240 6562 5555 6554 4241 6563 
3495 5555 6554 4241 6563 5556 6555 4242 6564 
3496 5556 6555 4242 6564 2752 3085 2314 3088 
3497 1555 1285 1541 950 7120 6310 7078 5305 
3498 7120 6310 7078 5305 7121 6311 7079 5306 
3499 7121 6311 7079 5306 7122 6312 7080 5307 
3500 7122 6312 7080 5307 3274 3004 3260 2669 
3501 1579 925 1584 1225 7192 5230 7207 6130 
3502 7192 5230 7207 6130 7193 5231 7208 6131 
3503 7193 5231 7208 6131 7194 5232 7209 6132 
3504 7194 5232 7209 6132 3298 2644 3303 2944 
3505 1444 1017 1575 1335 6787 5506 7180 6460 
3506 6787 5506 7180 6460 6788 5507 7181 6461 
3507 6788 5507 7181 6461 6789 5508 7182 6462 
3508 6789 5508 7182 6462 3163 2736 3294 3054 
3509 1060 692 1167 1142 5635 4531 5956 5881 
3510 5635 4531 5956 5881 5636 4532 5957 5882 
3511 5636 4532 5957 5882 5637 4533 5958 5883 
3512 5637 4533 5958 5883 2779 2411 2886 2861 
3513 1127 1402 1030 1401 5836 6661 5545 6658 
3514 5836 6661 5545 6658 5837 6662 5546 6659 
3515 5837 6662 5546 6659 5838 6663 5547 6660 
3516 5838 6663 5547 6660 2846 3121 2749 3120 
3517 1366 1033 1365 685 6553 5554 6550 4510 
3518 6553 5554 6550 4510 6554 5555 6551 4511 
3519 6554 5555 6551 4511 6555 5556 6552 4512 
3520 6555 5556 6552 4512 3085 2752 3084 2404 
3521 330 1504 1013 1534 3445 6967 5494 7057 
3522 3445 6967 5494 7057 3446 6968 5495 7058 
3523 3446 6968 5495 7058 3447 6969 5496 7059 
3524 3447 6969 5496 7059 2049 3223 2732 3253 
3525 1394 1025 1589 300 6637 5530 7222 3355 
3526 6637 5530 7222 3355 6638 5531 7223 3356 
3527 6638 5531 7223 3356 6639 5532 7224 3357 
3528 6639 5532 7224 3357 3113 2744 3308 2019 
3529 953 1190 1034 844 5314 6025 5557 4987 
3530 5314 6025 5557 4987 5315 6026 5558 4988 
3531 5315 6026 5558 4988 5316 6027 5559 4989 
3532 5316 6027 5559 4989 2672 2909 2753 2563 
3533 786 1064 1065 832 4813 5647 5650 4951 
3534 4813 5647 5650 4951 4814 5648 5651 4952 
3535 4814 5648 5651 4952 4815 5649 5652 4953 
3536 4815 5649 5652 4953 2505 2783 2784 2551 
3537 1451 340 1035 1428 6808 3475 5560 6739 
3538 6808 3475 5560 6739 6809 3476 5561 6740 
3539 6809 3476 5561 6740 6810 3477 5562 6741 
3540 6810 3477 5562 6741 3170 2059 2754 3147 
3541 368 1079 525 366 3559 5692 4030 3553 
3542 3559 5692 4030 3553 3560 5693 4031 3554 
3543 3560 5693 4031 3554 3561 5694 4032 3555 
3544 3561 5694 4032 3555 2087 2798 2244 2085 
3545 329 1070 1025 1394 3442 5665 5530 6637 
3546 3442 5665 5530 6637 3443 5666 5531 6638 
3547 3443 5666 5531 6638 3444 5667 5532 6639 
3548 3444 5667 5532 6639 2048 2789 2744 3113 
3549 915 1192 1190 1191 5200 6031 6025 6028 
3550 5200 6031 6025 6028 5201 6032 6026 6029 
3551 5201 6032 6026 6029 5202 6033 6027 6030 
3552 5202 6033 6027 6030 2634 2911 2909 2910 
3553 55 1047 1393 54 1819 5596 6634 1816 
3554 1819 5596 6634 1816 1820 5597 6635 1817 
3555 1820 5597 6635 1817 1821 5598 6636 1818 
3556 1821 5598 6636 1818 213 2766 3112 212 
3557 803 751 753 1106 4864 4708 4714 5773 
3558 4864 4708 4714 5773 4865 4709 4715 5774 
3559 4865 4709 4715 5774 4866 4710 4716 5775 
3560 4866 4710 4716 5775 2522 2470 2472 2825 
3561 292 1065 1064 1567 3331 5650 5647 7156 
3562 3331 5650 5647 7156 3332 5651 5648 7157 
3563 3332 5651 5648 7157 3333 5652 5649 7158 
3564 3333 5652 5649 7158 2011 2784 2783 3286 
3565 863 1368 1126 1127 5044 6559 5833 5836 
3566 5044 6559 5833 5836 5045 6560 5834 5837 
3567 5045 6560 5834 5837 5046 6561 5835 5838 
3568 5046 6561 5835 5838 2582 3087 2845 2846 
3569 905 1226 698 1100 5170 6133 4549 5755 
3570 5170 6133 4549 5755 5171 6134 4550 5756 
3571 5171 6134 4550 5756 5172 6135 4551 5757 
3572 5172 6135 4551 5757 2624 2945 2417 2819 
3573 1568 1040 1593 781 7159 5575 7234 4798 
3574 7159 5575 7234 4798 7160 5576 7235 4799 
3575 7160 5576 7235 4799 7161 5577 7236 4800 
3576 7161 5577 7236 4800 3287 2759 3312 2500 
3577 1121 304 1539 1084 5818 3367 7072 5707 
3578 5818 3367 7072 5707 5819 3368 7073 5708 
3579 5819 3368 7073 5708 5820 3369 7074 5709 
3580 5820 3369 7074 5709 2840 2023 3258 2803 
3581 1291 892 1443 1441 6328 5131 6784 6778 
3582 6328 5131 6784 6778 6329 5132 6785 6779 
3583 6329 5132 6785 6779 6330 5133 6786 6780 
3584 6330 5133 6786 6780 3010 2611 3162 3160 
3585 1076 1075 1081 704 5683 5680 5698 4567 
3586 5683 5680 5698 4567 5684 5681 5699 4568 
3587 5684 5681 5699 4568 5685 5682 5700 4569 
3588 5685 5682 5700 4569 2795 2794 2800 2423 
3589 890 1270 820 1237 5125 6265 4915 6166 
3590 5125 6265 4915 6166 5126 6266 4916 6167 
3591 5126 6266 4916 6167 5127 6267 4917 6168 
3592 5127 6267 4917 6168 2609 2989 2539 2956 
3593 1398 481 1379 1048 6649 3898 6592 5599 
3594 6649 3898 6592 5599 6650 3899 6593 5600 
3595 6650 3899 6593 5600 6651 3900 6594 5601 
3596 6651 3900 6594 5601 3117 2200 3098 2767 
3597 773 349 348 1067 4774 3502 3499 5656 
3598 4774 3502 3499 5656 4775 3503 3500 5657 
3599 4775 3503 3500 5657 4776 3504 3501 5658 
3600 4776 3504 3501 5658 2492 2068 2067 2786 
3601 904 1293 493 1091 5167 6334 3934 5728 
3602 5167 6334 3934 5728 5168 6335 3935 5729 
3603 5168 6335 3935 5729 5169 6336 3936 5730 
3604 5169 6336 3936 5730 2623 3012 2212 2810 
3605 1079 1052 1329 525 5692 5611 6442 4030 
3606 5692 5611 6442 4030 5693 5612 6443 4031 
3607 5693 5612 6443 4031 5694 5613 6444 4032 
3608 5694 5613 6444 4032 2798 2771 3048 2244 
3609 790 1167 692 691 4825 5956 4531 4528 
3610 4825 5956 4531 4528 4826 5957 4532 4529 
3611 4826 5957 4532 4529 4827 5958 4533 4530 
3612 4827 5958 4533 4530 2509 2886 2411 2410 
3613 1525 1177 1474 302 7030 5986 6877 3361 
3614 7030 5986 6877 3361 7031 5987 6878 3362 
3615 7031 5987 6878 3362 7032 5988 6879 3363 
3616 7032 5988 6879 3363 3244 2896 3193 2021 
3617 1062 1063 1064 921 5641 5644 5647 5218 
3618 5641 5644 5647 5218 5642 5645 5648 5219 
3619 5642 5645 5648 5219 5643 5646 5649 5220 
3620 5643 5646 5649 5220 2781 2782 2783 2640 
3621 1189 1157 578 1326 6022 5926 4189 6433 
3622 6022 5926 4189 6433 6023 5927 4190 6434 
3623 6023 5927 4190 6434 6024 5928 4191 6435 
3624 6024 5928 4191 6435 2908 2876 2297 3045 
3625 608 1088 1122 593 4279 5719 5821 4234 
3626 4279 5719 5821 4234 4280 5720 5822 4235 
3627 4280 5720 5822 4235 4281 5721 5823 4236 
3628 4281 5721 5823 4236 2327 2807 2841 2312 
3629 887 1179 1012 889 5116 5992 5491 5122 
3630 5116 5992 5491 5122 5117 5993 5492 5123 
3631 5117 5993 5492 5123 5118 5994 5493 5124 
3632 5118 5994 5493 5124 2606 2898 2731 2608 
3633 1550 979 1560 1257 7105 5392 7135 6226 
3634 7105 5392 7135 6226 7106 5393 7136 6227 
3635 7106 5393 7136 6227 7107 5394 7137 6228 
3636 7107 5394 7137 6228 3269 2698 3279 2976 
3637 1004 1522 339 1117 5467 7021 3472 5806 
3638 5467 7021 3472 5806 5468 7022 3473 5807 
3639 5468 7022 3473 5807 5469 7023 3474 5808 
3640 5469 7023 3474 5808 2723 3241 2058 2836 
3641 1416 1078 1580 307 6703 5689 7195 3376 
3642 6703 5689 7195 3376 6704 5690 7196 3377 
3643 6704 5690 7196 3377 6705 5691 7197 3378 
3644 6705 5691 7197 3378 3135 2797 3299 2026 
3645 1435 1398 1097 1098 6760 6649 5746 5749 
3646 6760 6649 5746 5749 6761 6650 5747 5750 
3647 6761 6650 5747 5750 6762 6651 5748 5751 
3648 6762 6651 5748 5751 3154 3117 2816 2817 
3649 1603 1154 1142 1167 7264 5917 5881 5956 
3650 7264 5917 5881 5956 7265 5918 5882 5957 
3651 7265 5918 5882 5957 7266 5919 5883 5958 
3652 7266 5919 5883 5958 3322 2873 2861 2886 
3653 711 1557 1031 1562 4588 7126 5548 7141 
3654 4588 7126 5548 7141 4589 7127 5549 7142 
3655 4589 7127 5549 7142 4590 7128 5550 7143 
3656 4590 7128 5550 7143 2430 3276 2750 3281 
3657 1103 1104 1533 1367 5764 5767 7054 6556 
3658 5764 5767 7054 6556 5765 5768 7055 6557 
3659 5765 5768 7055 6557 5766 5769 7056 6558 
3660 5766 5769 7056 6558 2822 2823 3252 3086 
3661 1235 725 1096 1097 6160 4630 5743 5746 
3662 6160 4630 5743 5746 6161 4631 5744 5747 
3663 6161 4631 5744 5747 6162 4632 5745 5748 
3664 6162 4632 5745 5748 2954 2444 2815 2816 
3665 1381 1386 1072 1027 6598 6613 5671 5536 
3666 6598 6613 5671 5536 6599 6614 5672 5537 
3667 6599 6614 5672 5537 6600 6615 5673 5538 
3668 6600 6615 5673 5538 3100 3105 2791 2746 
3669 561 1376 1061 1370 4138 6583 5638 6565 
3670 4138 6583 5638 6565 4139 6584 5639 6566 
3671 4139 6584 5639 6566 4140 6585 5640 6567 
3672 4140 6585 5640 6567 2280 3095 2780 3089 
3673 1143 1473 937 1445 5884 6874 5266 6790 
3674 5884 6874 5266 6790 5885 6875 5267 6791 
3675 5885 6875 5267 6791 5886 6876 5268 6792 
3676 5886 6876 5268 6792 2862 3192 2656 3164 
3677 790 986 1603 1167 4825 5413 7264 5956 
3678 4825 5413 7264 5956 4826 5414 7265 5957 
3679 4826 5414 7265 5957 4827 5415 7266 5958 
3680 4827 5415 7266 5958 2509 2705 3322 2886 
3681 823 1329 1052 1305 4924 6442 5611 6370 
3682 4924 6442 5611 6370 4925 6443 5612 6371 
3683 4925 6443 5612 6371 4926 6444 5613 6372 
3684 4926 6444 5613 6372 2542 3048 2771 3024 
3685 1460 1044 1599 1323 6835 5587 7252 6424 
3686 6835 5587 7252 6424 6836 5588 7253 6425 
3687 6836 5588 7253 6425 6837 5589 7254 6426 
3688 6837 5589 7254 6426 3179 2763 3318 3042 
3689 1370 1061 1371 604 6565 5638 6568 4267 
3690 6565 5638 6568 4267 6566 5639 6569 4268 
3691 6566 5639 6569 4268 6567 5640 6570 4269 
3692 6567 5640 6570 4269 3089 2780 3090 2323 
3693 1085 1086 1542 316 5710 5713 7081 3403 
3694 5710 5713 7081 3403 5711 5714 7082 3404 
3695 5711 5714 7082 3404 5712 5715 7083 3405 
3696 5712 5715 7083 3405 2804 2805 3261 2035 
3697 996 997 1609 612 5443 5446 7282 4291 
3698 5443 5446 7282 4291 5444 5447 7283 4292 
3699 5444 5447 7283 4292 5445 5448 7284 4293 
3700 5445 5448 7284 4293 2715 2716 3328 2331 
3701 1553 1219 1590 987 7114 6112 7225 5416 
3702 7114 6112 7225 5416 7115 6113 7226 5417 
3703 7115 6113 7226 5417 7116 6114 7227 5418 
3704 7116 6114 7227 5418 3272 2938 3309 2706 
3705 1365 1054 1055 1056 6550 5617 5620 5623 
3706 6550 5617 5620 5623 6551 5618 5621 5624 
3707 6551 5618 5621 5624 6552 5619 5622 5625 
3708 6552 5619 5622 5625 3084 2773 2774 2775 
3709 91 1124 294 90 1654 5827 3337 1651 
3710 1654 5827 3337 1651 1655 5828 3338 1652 
3711 1655 5828 3338 1652 1656 5829 3339 1653 
3712 1656 5829 3339 1653 158 2843 2013 157 
3713 1141 1142 1154 799 5878 5881 5917 4852 
3714 5878 5881 5917 4852 5879 5882 5918 4853 
3715 5879 5882 5918 4853 5880 5883 5919 4854 
3716 5880 5883 5919 4854 2860 2861 2873 2518 
3717 1563 530 1586 1217 7144 4045 7213 6106 
3718 7144 4045 7213 6106 7145 4046 7214 6107 
3719 7145 4046 7214 6107 7146 4047 7215 6108 
3720 7146 4047 7215 6108 3282 2249 3305 2936 
3721 780 689 690 1192 4795 4522 4525 6031 
3722 4795 4522 4525 6031 4796 4523 4526 6032 
3723 4796 4523 4526 6032 4797 4524 4527 6033 
3724 4797 4524 4527 6033 2499 2408 2409 2911 
3725 368 1293 904 1079 3559 6334 5167 5692 
3726 3559 6334 5167 5692 3560 6335 5168 5693 
3727 3560 6335 5168 5693 3561 6336 5169 5694 
3728 3561 6336 5169 5694 2087 3012 2623 2798 
3729 1164 1123 921 920 5947 5824 5218 5215 
3730 5947 5824 5218 5215 5948 5825 5219 5216 
3731 5948 5825 5219 5216 5949 5826 5220 5217 
3732 5949 5826 5220 5217 2883 2842 2640 2639 
3733 1148 1028 1543 309 5899 5539 7084 3382 
3734 5899 5539 7084 3382 5900 5540 7085 3383 
3735 5900 5540 7085 3383 5901 5541 7086 3384 
3736 5901 5541 7086 3384 2867 2747 3262 2028 
3737 562 1464 1369 595 4141 6847 6562 4240 
3738 4141 6847 6562 4240 4142 6848 6563 4241 
3739 4142 6848 6563 4241 4143 6849 6564 4242 
3740 4143 6849 6564 4242 2281 3183 3088 2314 
3741 1226 1227 1376 561 6133 6136 6583 4138 
3742 6133 6136 6583 4138 6134 6137 6584 4139 
3743 6134 6137 6584 4139 6135 6138 6585 4140 
3744 6135 6138 6585 4140 2945 2946 3095 2280 
3745 903 1088 608 1301 5164 5719 4279 6358 
3746 5164 5719 4279 6358 5165 5720 4280 6359 
3747 5165 5720 4280 6359 5166 5721 4281 6360 
3748 5166 5721 4281 6360 2622 2807 2327 3020 
3749 1128 1122 1088 918 5839 5821 5719 5209 
3750 5839 5821 5719 5209 5840 5822 5720 5210 
3751 5840 5822 5720 5210 5841 5823 5721 5211 
3752 5841 5823 5721 5211 2847 2841 2807 2637 
3753 1034 1190 1192 690 5557 6025 6031 4525 
3754 5557 6025 6031 4525 5558 6026 6032 4526 
3755 5558 6026 6032 4526 5559 6027 6033 4527 
3756 5559 6027 6033 4527 2753 2909 2911 2409 
3757 1207 457 1377 1353 6076 3826 6586 6514 
3758 6076 3826 6586 6514 6077 3827 6587 6515 
3759 6077 3827 6587 6515 6078 3828 6588 6516 
3760 6078 3828 6588 6516 2926 2176 3096 3072 
3761 1152 1151 1468 1463 5911 5908 6859 6844 
3762 5911 5908 6859 6844 5912 5909 6860 6845 
3763 5912 5909 6860 6845 5913 5910 6861 6846 
3764 5913 5910 6861 6846 2871 2870 3187 3182 
3765 1113 326 1511 1039 5794 3433 6988 5572 
3766 5794 3433 6988 5572 5795 3434 6989 5573 
3767 5795 3434 6989 5573 5796 3435 6990 5574 
3768 5796 3435 6990 5574 2832 2045 3230 2758 
3769 1407 1066 1388 324 6676 5653 6619 3427 
3770 6676 5653 6619 3427 6677 5654 6620 3428 
3771 6677 5654 6620 3428 6678 5655 6621 3429 
3772 6678 5655 6621 3429 3126 2785 3107 2043 
3773 405 409 412 1125 3670 3682 3691 5830 
3774 3670 3682 3691 5830 3671 3683 3692 5831 
3775 3671 3683 3692 5831 3672 3684 3693 5832 
3776 3672 3684 3693 5832 2124 2128 2131 2844 
3777 1327 1408 1066 1407 6436 6679 5653 6676 
3778 6436 6679 5653 6676 6437 6680 5654 6677 
3779 6437 6680 5654 6677 6438 6681 5655 6678 
3780 6438 6681 5655 6678 3046 3127 2785 3126 
3781 319 1018 1106 1038 3412 5509 5773 5569 
3782 3412 5509 5773 5569 3413 5510 5774 5570 
3783 3413 5510 5774 5570 3414 5511 5775 5571 
3784 3414 5511 5775 5571 2038 2737 2825 2757 
3785 1115 17 18 1116 5800 1705 1708 5803 
3786 5800 1705 1708 5803 5801 1706 1709 5804 
3787 5801 1706 1709 5804 5802 1707 1710 5805 
3788 5802 1707 1710 5805 2834 175 176 2835 
3789 1291 1415 965 899 6328 6700 5350 5152 
3790 6328 6700 5350 5152 6329 6701 5351 5153 
3791 6329 6701 5351 5153 6330 6702 5352 5154 
3792 6330 6702 5352 5154 3010 3134 2684 2618 
3793 773 1534 1013 1569 4774 7057 5494 7162 
3794 4774 7057 5494 7162 4775 7058 5495 7163 
3795 4775 7058 5495 7163 4776 7059 5496 7164 
3796 4776 7059 5496 7164 2492 3253 2732 3288 
3797 902 1095 1188 828 5161 5740 6019 4939 
3798 5161 5740 6019 4939 5162 5741 6020 4940 
3799 5162 5741 6020 4940 5163 5742 6021 4941 
3800 5163 5742 6021 4941 2621 2814 2907 2547 
3801 1038 1106 753 1107 5569 5773 4714 5776 
3802 5569 5773 4714 5776 5570 5774 4715 5777 
3803 5570 5774 4715 5777 5571 5775 4716 5778 
3804 5571 5775 4716 5778 2757 2825 2472 2826 
3805 1265 1089 1326 578 6250 5722 6433 4189 
3806 6250 5722 6433 4189 6251 5723 6434 4190 
3807 6251 5723 6434 4190 6252 5724 6435 4191 
3808 6252 5724 6435 4191 2984 2808 3045 2297 
3809 799 1289 1193 1141 4852 6322 6034 5878 
3810 4852 6322 6034 5878 4853 6323 6035 5879 
3811 4853 6323 6035 5879 4854 6324 6036 5880 
3812 4854 6324 6036 5880 2518 3008 2912 2860 
3813 1198 1304 642 1298 6049 6367 4381 6349 
3814 6049 6367 4381 6349 6050 6368 4382 6350 
3815 6050 6368 4382 6350 6051 6369 4383 6351 
3816 6051 6369 4383 6351 2917 3023 2361 3017 
3817 771 1181 1169 1318 4768 5998 5962 6409 
3818 4768 5998 5962 6409 4769 5999 5963 6410 
3819 4769 5999 5963 6410 4770 6000 5964 6411 
3820 4770 6000 5964 6411 2490 2900 2888 3037 
3821 1054 1053 1465 293 5617 5614 6850 3334 
3822 5617 5614 6850 3334 5618 5615 6851 3335 
3823 5618 5615 6851 3335 5619 5616 6852 3336 
3824 5619 5616 6852 3336 2773 2772 3184 2012 
3825 1235 1097 1398 866 6160 5746 6649 5053 
3826 6160 5746 6649 5053 6161 5747 6650 5054 
3827 6161 5747 6650 5054 6162 5748 6651 5055 
3828 6162 5748 6651 5055 2954 2816 3117 2585 
3829 1261 1253 1270 928 6238 6214 6265 5239 
3830 6238 6214 6265 5239 6239 6215 6266 5240 
3831 6239 6215 6266 5240 6240 6216 6267 5241 
3832 6240 6216 6267 5241 2980 2972 2989 2647 
3833 1280 1207 1353 919 6295 6076 6514 5212 
3834 6295 6076 6514 5212 6296 6077 6515 5213 
3835 6296 6077 6515 5213 6297 6078 6516 5214 
3836 6297 6078 6516 5214 2999 2926 3072 2638 
3837 1121 1084 1082 1222 5818 5707 5701 6121 
3838 5818 5707 5701 6121 5819 5708 5702 6122 
3839 5819 5708 5702 6122 5820 5709 5703 6123 
3840 5820 5709 5703 6123 2840 2803 2801 2941 
3841 1249 1261 928 1283 6202 6238 5239 6304 
3842 6202 6238 5239 6304 6203 6239 5240 6305 
3843 6203 6239 5240 6305 6204 6240 5241 6306 
3844 6204 6240 5241 6306 2968 2980 2647 3002 
3845 1377 1215 1430 942 6586 6100 6745 5281 
3846 6586 6100 6745 5281 6587 6101 6746 5282 
3847 6587 6101 6746 5282 6588 6102 6747 5283 
3848 6588 6102 6747 5283 3096 2934 3149 2661 
3849 493 1280 919 1387 3934 6295 5212 6616 
3850 3934 6295 5212 6616 3935 6296 5213 6617 
3851 3935 6296 5213 6617 3936 6297 5214 6618 
3852 3936 6297 5214 6618 2212 2999 2638 3106 
3853 1028 1148 1165 1149 5539 5899 5950 5902 
3854 5539 5899 5950 5902 5540 5900 5951 5903 
3855 5540 5900 5951 5903 5541 5901 5952 5904 
3856 5541 5901 5952 5904 2747 2867 2884 2868 
3857 330 79 80 1118 3445 1618 1621 5809 
3858 3445 1618 1621 5809 3446 1619 1622 5810 
3859 3446 1619 1622 5810 3447 1620 1623 5811 
3860 3447 1620 1623 5811 2049 146 147 2837 
3861 1200 1457 1058 1605 6055 6826 5629 7270 
3862 6055 6826 5629 7270 6056 6827 5630 7271 
3863 6056 6827 5630 7271 6057 6828 5631 7272 
3864 6057 6828 5631 7272 2919 3176 2777 3324 
3865 1100 698 1212 1331 5755 4549 6091 6448 
3866 5755 4549 6091 6448 5756 4550 6092 6449 
3867 5756 4550 6092 6449 5757 4551 6093 6450 
3868 5757 4551 6093 6450 2819 2417 2931 3050 
3869 1071 1070 329 1453 5668 5665 3442 6814 
3870 5668 5665 3442 6814 5669 5666 3443 6815 
3871 5669 5666 3443 6815 5670 5667 3444 6816 
3872 5670 5667 3444 6816 2790 2789 2048 3172 
3873 1479 603 1506 1234 6892 4264 6973 6157 
3874 6892 4264 6973 6157 6893 4265 6974 6158 
3875 6893 4265 6974 6158 6894 4266 6975 6159 
3876 6894 4266 6975 6159 3198 2322 3225 2953 
3877 615 1381 1027 1424 4300 6598 5536 6727 
3878 4300 6598 5536 6727 4301 6599 5537 6728 
3879 4301 6599 5537 6728 4302 6600 5538 6729 
3880 4302 6600 5538 6729 2334 3100 2746 3143 
3881 1012 1179 514 1472 5491 5992 3997 6871 
3882 5491 5992 3997 6871 5492 5993 3998 6872 
3883 5492 5993 3998 6872 5493 5994 3999 6873 
3884 5493 5994 3999 6873 2731 2898 2233 3191 
3885 1368 534 504 1126 6559 4057 3967 5833 
3886 6559 4057 3967 5833 6560 4058 3968 5834 
3887 6560 4058 3968 5834 6561 4059 3969 5835 
3888 6561 4059 3969 5835 3087 2253 2223 2845 
3889 1191 1436 1099 915 6028 6763 5752 5200 
3890 6028 6763 5752 5200 6029 6764 5753 5201 
3891 6029 6764 5753 5201 6030 6765 5754 5202 
3892 6030 6765 5754 5202 2910 3155 2818 2634 
3893 1249 1252 770 1261 6202 6211 4765 6238 
3894 6202 6211 4765 6238 6203 6212 4766 6239 
3895 6203 6212 4766 6239 6204 6213 4767 6240 
3896 6204 6213 4767 6240 2968 2971 2489 2980 
3897 1328 1448 934 1450 6439 6799 5257 6805 
3898 6439 6799 5257 6805 6440 6800 5258 6806 
3899 6440 6800 5258 6806 6441 6801 5259 6807 
3900 6441 6801 5259 6807 3047 3167 2653 3169 
3901 1108 1419 1606 1109 5779 6712 7273 5782 
3902 5779 6712 7273 5782 5780 6713 7274 5783 
3903 5780 6713 7274 5783 5781 6714 7275 5784 
3904 5781 6714 7275 5784 2827 3138 3325 2828 
3905 1018 319 1611 1037 5509 3412 7288 5566 
3906 5509 3412 7288 5566 5510 3413 7289 5567 
3907 5510 3413 7289 5567 5511 3414 7290 5568 
3908 5511 3414 7290 5568 2737 2038 3330 2756 
3909 831 1489 1516 1307 4948 6922 7003 6376 
3910 4948 6922 7003 6376 4949 6923 7004 6377 
3911 4949 6923 7004 6377 4950 6924 7005 6378 
3912 4950 6924 7005 6378 2550 3208 3235 3026 
3913 314 81 82 1137 3397 1624 1627 5866 
3914 3397 1624 1627 5866 3398 1625 1628 5867 
3915 3398 1625 1628 5867 3399 1626 1629 5868 
3916 3399 1626 1629 5868 2033 148 149 2856 
3917 333 1480 1495 1273 3454 6895 6940 6274 
3918 3454 6895 6940 6274 3455 6896 6941 6275 
3919 3455 6896 6941 6275 3456 6897 6942 6276 
3920 3456 6897 6942 6276 2052 3199 3214 2992 
3921 1145 470 491 1144 5890 3865 3928 5887 
3922 5890 3865 3928 5887 5891 3866 3929 5888 
3923 5891 3866 3929 5888 5892 3867 3930 5889 
3924 5892 3867 3930 5889 2864 2189 2210 2863 
3925 17 1115 316 16 1705 5800 3403 1702 
3926 1705 5800 3403 1702 1706 5801 3404 1703 
3927 1706 5801 3404 1703 1707 5802 3405 1704 
3928 1707 5802 3405 1704 175 2834 2035 174 
3929 1542 1086 1512 322 7081 5713 6991 3421 
3930 7081 5713 6991 3421 7082 5714 6992 3422 
3931 7082 5714 6992 3422 7083 5715 6993 3423 
3932 7083 5715 6993 3423 3261 2805 3231 2041 
3933 1322 856 1210 1211 6421 5023 6085 6088 
3934 6421 5023 6085 6088 6422 5024 6086 6089 
3935 6422 5024 6086 6089 6423 5025 6087 6090 
3936 6423 5025 6087 6090 3041 2575 2929 2930 
3937 947 1139 840 814 5296 5872 4975 4897 
3938 5296 5872 4975 4897 5297 5873 4976 4898 
3939 5297 5873 4976 4898 5298 5874 4977 4899 
3940 5298 5874 4977 4899 2666 2858 2559 2533 
3941 626 1188 1095 662 4333 6019 5740 4441 
3942 4333 6019 5740 4441 4334 6020 5741 4442 
3943 4334 6020 5741 4442 4335 6021 5742 4443 
3944 4335 6021 5742 4443 2345 2907 2814 2381 
3945 1467 1439 1237 1236 6856 6772 6166 6163 
3946 6856 6772 6166 6163 6857 6773 6167 6164 
3947 6857 6773 6167 6164 6858 6774 6168 6165 
3948 6858 6774 6168 6165 3186 3158 2956 2955 
3949 33 1165 1148 32 1753 5950 5899 1750 
3950 1753 5950 5899 1750 1754 5951 5900 1751 
3951 1754 5951 5900 1751 1755 5952 5901 1752 
3952 1755 5952 5901 1752 191 2884 2867 190 
3953 794 1132 1131 1339 4837 5851 5848 6472 
3954 4837 5851 5848 6472 4838 5852 5849 6473 
3955 4838 5852 5849 6473 4839 5853 5850 6474 
3956 4839 5853 5850 6474 2513 2851 2850 3058 
3957 1415 1291 1441 757 6700 6328 6778 4726 
3958 6700 6328 6778 4726 6701 6329 6779 4727 
3959 6701 6329 6779 4727 6702 6330 6780 4728 
3960 6702 6330 6780 4728 3134 3010 3160 2476 
3961 567 468 470 1145 4156 3859 3865 5890 
3962 4156 3859 3865 5890 4157 3860 3866 5891 
3963 4157 3860 3866 5891 4158 3861 3867 5892 
3964 4158 3861 3867 5892 2286 2187 2189 2864 
3965 1149 1422 960 1028 5902 6721 5335 5539 
3966 5902 6721 5335 5539 5903 6722 5336 5540 
3967 5903 6722 5336 5540 5904 6723 5337 5541 
3968 5904 6723 5337 5541 2868 3141 2679 2747 
3969 1377 457 1214 1215 6586 3826 6097 6100 
3970 6586 3826 6097 6100 6587 3827 6098 6101 
3971 6587 3827 6098 6101 6588 3828 6099 6102 
3972 6588 3828 6099 6102 3096 2176 2933 2934 
3973 703 645 799 1154 4564 4390 4852 5917 
3974 4564 4390 4852 5917 4565 4391 4853 5918 
3975 4565 4391 4853 5918 4566 4392 4854 5919 
3976 4566 4392 4854 5919 2422 2364 2518 2873 
3977 1180 1130 1208 660 5995 5845 6079 4435 
3978 5995 5845 6079 4435 5996 5846 6080 4436 
3979 5996 5846 6080 4436 5997 5847 6081 4437 
3980 5997 5847 6081 4437 2899 2849 2927 2379 
3981 1130 1180 1120 901 5845 5995 5815 5158 
3982 5845 5995 5815 5158 5846 5996 5816 5159 
3983 5846 5996 5816 5159 5847 5997 5817 5160 
3984 5847 5997 5817 5160 2849 2899 2839 2620 
3985 982 983 985 984 5401 5404 5410 5407 
3986 5401 5404 5410 5407 5402 5405 5411 5408 
3987 5402 5405 5411 5408 5403 5406 5412 5409 
3988 5403 5406 5412 5409 2701 2702 2704 2703 
3989 837 839 1062 1204 4966 4972 5641 6067 
3990 4966 4972 5641 6067 4967 4973 5642 6068 
3991 4967 4973 5642 6068 4968 4974 5643 6069 
3992 4968 4974 5643 6069 2556 2558 2781 2923 
3993 461 485 1122 1128 3838 3910 5821 5839 
3994 3838 3910 5821 5839 3839 3911 5822 5840 
3995 3839 3911 5822 5840 3840 3912 5823 5841 
3996 3840 3912 5823 5841 2180 2204 2841 2847 
3997 623 1332 1089 1265 4324 6451 5722 6250 
3998 4324 6451 5722 6250 4325 6452 5723 6251 
3999 4325 6452 5723 6251 4326 6453 5724 6252 
4000 4326 6453 5724 6252 2342 3051 2808 2984 
4001 459 1128 918 1295 3832 5839 5209 6340 
4002 3832 5839 5209 6340 3833 5840 5210 6341 
4003 3833 5840 5210 6341 3834 5841 5211 6342 
4004 3834 5841 5211 6342 2178 2847 2637 3014 
4005 963 789 777 1199 5344 4822 4786 6052 
4006 5344 4822 4786 6052 5345 4823 4787 6053 
4007 5345 4823 4787 6053 5346 4824 4788 6054 
4008 5346 4824 4788 6054 2682 2508 2496 2918 
4009 593 1122 485 499 4234 5821 3910 3952 
4010 4234 5821 3910 3952 4235 5822 3911 3953 
4011 4235 5822 3911 3953 4236 5823 3912 3954 
4012 4236 5823 3912 3954 2312 2841 2204 2218 
4013 921 1123 1204 1062 5218 5824 6067 5641 
4014 5218 5824 6067 5641 5219 5825 6068 5642 
4015 5219 5825 6068 5642 5220 5826 6069 5643 
4016 5220 5826 6069 5643 2640 2842 2923 2781 
4017 1116 18 19 303 5803 1708 1711 3364 
4018 5803 1708 1711 3364 5804 1709 1712 3365 
4019 5804 1709 1712 3365 5805 1710 1713 3366 
4020 5805 1710 1713 3366 2835 176 177 2022 
4021 770 1252 1232 1254 4765 6211 6151 6217 
4022 4765 6211 6151 6217 4766 6212 6152 6218 
4023 4766 6212 6152 6218 4767 6213 6153 6219 
4024 4767 6213 6153 6219 2489 2971 2951 2973 
4025 331 1274 1507 1105 3448 6277 6976 5770 
4026 3448 6277 6976 5770 3449 6278 6977 5771 
4027 3449 6278 6977 5771 3450 6279 6978 5772 
4028 3450 6279 6978 5772 2050 2993 3226 2824 
4029 948 836 983 982 5299 4963 5404 5401 
4030 5299 4963 5404 5401 5300 4964 5405 5402 
4031 5300 4964 5405 5402 5301 4965 5406 5403 
4032 5301 4965 5406 5403 2667 2555 2702 2701 
4033 866 767 665 1235 5053 4756 4450 6160 
4034 5053 4756 4450 6160 5054 4757 4451 6161 
4035 5054 4757 4451 6161 5055 4758 4452 6162 
4036 5055 4758 4452 6162 2585 2486 2384 2954 
4037 836 1241 1093 983 4963 6178 5734 5404 
4038 4963 6178 5734 5404 4964 6179 5735 5405 
4039 4964 6179 5735 5405 4965 6180 5736 5406 
4040 4965 6180 5736 5406 2555 2960 2812 2702 
4041 22 1156 326 21 1720 5923 3433 1717 
4042 1720 5923 3433 1717 1721 5924 3434 1718 
4043 1721 5924 3434 1718 1722 5925 3435 1719 
4044 1722 5925 3435 1719 180 2875 2045 179 
4045 1241 811 1048 1049 6178 4888 5599 5602 
4046 6178 4888 5599 5602 6179 4889 5600 5603 
4047 6179 4889 5600 5603 6180 4890 5601 5604 
4048 6180 4890 5601 5604 2960 2530 2767 2768 
4049 1118 80 81 314 5809 1621 1624 3397 
4050 5809 1621 1624 3397 5810 1622 1625 3398 
4051 5810 1622 1625 3398 5811 1623 1626 3399 
4052 5811 1623 1626 3399 2837 147 148 2033 
4053 440 1169 1168 433 3775 5962 5959 3754 
4054 3775 5962 5959 3754 3776 5963 5960 3755 
4055 3776 5963 5960 3755 3777 5964 5961 3756 
4056 3777 5964 5961 3756 2159 2888 2887 2152 
4057 940 807 737 1131 5275 4876 4666 5848 
4058 5275 4876 4666 5848 5276 4877 4667 5849 
4059 5276 4877 4667 5849 5277 4878 4668 5850 
4060 5277 4878 4668 5850 2659 2526 2456 2850 
4061 1478 831 735 1094 6889 4948 4660 5737 
4062 6889 4948 4660 5737 6890 4949 4661 5738 
4063 6890 4949 4661 5738 6891 4950 4662 5739 
4064 6891 4950 4662 5739 3197 2550 2454 2813 
4065 837 1204 646 1297 4966 6067 4393 6346 
4066 4966 6067 4393 6346 4967 6068 4394 6347 
4067 4967 6068 4394 6347 4968 6069 4395 6348 
4068 4968 6069 4395 6348 2556 2923 2365 3016 
4069 767 727 726 665 4756 4636 4633 4450 
4070 4756 4636 4633 4450 4757 4637 4634 4451 
4071 4757 4637 4634 4451 4758 4638 4635 4452 
4072 4758 4638 4635 4452 2486 2446 2445 2384 
4073 822 834 1177 1205 4921 4957 5986 6070 
4074 4921 4957 5986 6070 4922 4958 5987 6071 
4075 4922 4958 5987 6071 4923 4959 5988 6072 
4076 4923 4959 5988 6072 2541 2553 2896 2924 
4077 1187 96 97 312 6016 1669 1672 3391 
4078 6016 1669 1672 3391 6017 1670 1673 3392 
4079 6017 1670 1673 3392 6018 1671 1674 3393 
4080 6018 1671 1674 3393 2906 163 164 2031 
4081 856 387 390 1210 5023 3616 3625 6085 
4082 5023 3616 3625 6085 5024 3617 3626 6086 
4083 5024 3617 3626 6086 5025 3618 3627 6087 
4084 5025 3618 3627 6087 2575 2106 2109 2929 
4085 32 1148 309 31 1750 5899 3382 1747 
4086 1750 5899 3382 1747 1751 5900 3383 1748 
4087 1751 5900 3383 1748 1752 5901 3384 1749 
4088 1752 5901 3384 1749 190 2867 2028 189 
4089 1235 663 662 725 6160 4444 4441 4630 
4090 6160 4444 4441 4630 6161 4445 4442 4631 
4091 6161 4445 4442 4631 6162 4446 4443 4632 
4092 6162 4446 4443 4632 2954 2382 2381 2444 
4093 827 1161 741 743 4936 5938 4678 4684 
4094 4936 5938 4678 4684 4937 5939 4679 4685 
4095 4937 5939 4679 4685 4938 5940 4680 4686 
4096 4938 5940 4680 4686 2546 2880 2460 2462 
4097 1188 626 547 625 6019 4333 4096 4330 
4098 6019 4333 4096 4330 6020 4334 4097 4331 
4099 6020 4334 4097 4331 6021 4335 4098 4332 
4100 6021 4335 4098 4332 2907 2345 2266 2344 
4101 1238 545 546 547 6169 4090 4093 4096 
4102 6169 4090 4093 4096 6170 4091 4094 4097 
4103 6170 4091 4094 4097 6171 4092 4095 4098 
4104 6171 4092 4095 4098 2957 2264 2265 2266 
4105 440 475 1318 1169 3775 3880 6409 5962 
4106 3775 3880 6409 5962 3776 3881 6410 5963 
4107 3776 3881 6410 5963 3777 3882 6411 5964 
4108 3777 3882 6411 5964 2159 2194 3037 2888 
4109 537 1133 781 566 4066 5854 4798 4153 
4110 4066 5854 4798 4153 4067 5855 4799 4154 
4111 4067 5855 4799 4154 4068 5856 4800 4155 
4112 4068 5856 4800 4155 2256 2852 2500 2285 
4113 663 628 626 662 4444 4339 4333 4441 
4114 4444 4339 4333 4441 4445 4340 4334 4442 
4115 4445 4340 4334 4442 4446 4341 4335 4443 
4116 4446 4341 4335 4443 2382 2347 2345 2381 
4117 1119 840 1139 1138 5812 4975 5872 5869 
4118 5812 4975 5872 5869 5813 4976 5873 5870 
4119 5813 4976 5873 5870 5814 4977 5874 5871 
4120 5814 4977 5874 5871 2838 2559 2858 2857 
4121 337 1057 1056 1055 3466 5626 5623 5620 
4122 3466 5626 5623 5620 3467 5627 5624 5621 
4123 3467 5627 5624 5621 3468 5628 5625 5622 
4124 3468 5628 5625 5622 2056 2776 2775 2774 
4125 785 943 1203 1202 4810 5284 6064 6061 
4126 4810 5284 6064 6061 4811 5285 6065 6062 
4127 4811 5285 6065 6062 4812 5286 6066 6063 
4128 4812 5286 6066 6063 2504 2662 2922 2921 
4129 1002 1001 999 1000 5461 5458 5452 5455 
4130 5461 5458 5452 5455 5462 5459 5453 5456 
4131 5462 5459 5453 5456 5463 5460 5454 5457 
4132 5463 5460 5454 5457 2721 2720 2718 2719 
4133 971 970 974 972 5368 5365 5377 5371 
4134 5368 5365 5377 5371 5369 5366 5378 5372 
4135 5369 5366 5378 5372 5370 5367 5379 5373 
4136 5370 5367 5379 5373 2690 2689 2693 2691 
4137 345 1117 134 135 3490 5806 1981 1984 
4138 3490 5806 1981 1984 3491 5807 1982 1985 
4139 3491 5807 1982 1985 3492 5808 1983 1986 
4140 3492 5808 1983 1986 2064 2836 267 268 
4141 1124 91 92 325 5827 1654 1657 3430 
4142 5827 1654 1657 3430 5828 1655 1658 3431 
4143 5828 1655 1658 3431 5829 1656 1659 3432 
4144 5829 1656 1659 3432 2843 158 159 2044 
4145 504 489 694 1126 3967 3922 4537 5833 
4146 3967 3922 4537 5833 3968 3923 4538 5834 
4147 3968 3923 4538 5834 3969 3924 4539 5835 
4148 3969 3924 4539 5835 2223 2208 2413 2845 
4149 1171 808 807 849 5968 4879 4876 5002 
4150 5968 4879 4876 5002 5969 4880 4877 5003 
4151 5969 4880 4877 5003 5970 4881 4878 5004 
4152 5970 4881 4878 5004 2890 2527 2526 2568 
4153 1041 1042 1147 851 5578 5581 5896 5008 
4154 5578 5581 5896 5008 5579 5582 5897 5009 
4155 5579 5582 5897 5009 5580 5583 5898 5010 
4156 5580 5583 5898 5010 2760 2761 2866 2570 
4157 1198 776 548 1197 6049 4783 4099 6046 
4158 6049 4783 4099 6046 6050 4784 4100 6047 
4159 6050 4784 4100 6047 6051 4785 4101 6048 
4160 6051 4785 4101 6048 2917 2495 2267 2916 
4161 349 308 139 348 3502 3379 1996 3499 
4162 3502 3379 1996 3499 3503 3380 1997 3500 
4163 3503 3380 1997 3500 3504 3381 1998 3501 
4164 3504 3381 1998 3501 2068 2027 274 2067 
4165 1264 1232 1252 833 6247 6151 6211 4954 
4166 6247 6151 6211 4954 6248 6152 6212 4955 
4167 6248 6152 6212 4955 6249 6153 6213 4956 
4168 6249 6153 6213 4956 2983 2951 2971 2552 
4169 510 496 495 1193 3985 3943 3940 6034 
4170 3985 3943 3940 6034 3986 3944 3941 6035 
4171 3986 3944 3941 6035 3987 3945 3942 6036 
4172 3987 3945 3942 6036 2229 2215 2214 2912 
4173 1120 1180 1269 976 5815 5995 6262 5383 
4174 5815 5995 6262 5383 5816 5996 6263 5384 
4175 5816 5996 6263 5384 5817 5997 6264 5385 
4176 5817 5997 6264 5385 2839 2899 2988 2695 
4177 431 1214 380 382 3748 6097 3595 3601 
4178 3748 6097 3595 3601 3749 6098 3596 3602 
4179 3749 6098 3596 3602 3750 6099 3597 3603 
4180 3750 6099 3597 3603 2150 2933 2099 2101 
4181 1278 1221 842 1220 6289 6118 4981 6115 
4182 6289 6118 4981 6115 6290 6119 4982 6116 
4183 6290 6119 4982 6116 6291 6120 4983 6117 
4184 6291 6120 4983 6117 2997 2940 2561 2939 
4185 577 636 770 1254 4186 4363 4765 6217 
4186 4186 4363 4765 6217 4187 4364 4766 6218 
4187 4187 4364 4766 6218 4188 4365 4767 6219 
4188 4188 4365 4767 6219 2296 2355 2489 2973 
4189 828 673 674 740 4939 4474 4477 4675 
4190 4939 4474 4477 4675 4940 4475 4478 4676 
4191 4940 4475 4478 4676 4941 4476 4479 4677 
4192 4941 4476 4479 4677 2547 2392 2393 2459 
4193 1157 522 524 578 5926 4021 4027 4189 
4194 5926 4021 4027 4189 5927 4022 4028 4190 
4195 5927 4022 4028 4190 5928 4023 4029 4191 
4196 5928 4023 4029 4191 2876 2241 2243 2297 
4197 768 836 948 835 4759 4963 5299 4960 
4198 4759 4963 5299 4960 4760 4964 5300 4961 
4199 4760 4964 5300 4961 4761 4965 5301 4962 
4200 4761 4965 5301 4962 2487 2555 2667 2554 
4201 1104 1103 1578 295 5767 5764 7189 3340 
4202 5767 5764 7189 3340 5768 5765 7190 3341 
4203 5768 5765 7190 3341 5769 5766 7191 3342 
4204 5769 5766 7191 3342 2823 2822 3297 2014 
4205 1137 82 83 323 5866 1627 1630 3424 
4206 5866 1627 1630 3424 5867 1628 1631 3425 
4207 5867 1628 1631 3425 5868 1629 1632 3426 
4208 5868 1629 1632 3426 2856 149 150 2042 
4209 938 913 810 1136 5269 5194 4885 5863 
4210 5269 5194 4885 5863 5270 5195 4886 5864 
4211 5270 5195 4886 5864 5271 5196 4887 5865 
4212 5271 5196 4887 5865 2657 2632 2529 2855 
4213 1032 1150 745 853 5551 5905 4690 5014 
4214 5551 5905 4690 5014 5552 5906 4691 5015 
4215 5552 5906 4691 5015 5553 5907 4692 5016 
4216 5553 5907 4692 5016 2751 2869 2464 2572 
4217 1164 646 1204 1123 5947 4393 6067 5824 
4218 5947 4393 6067 5824 5948 4394 6068 5825 
4219 5948 4394 6068 5825 5949 4395 6069 5826 
4220 5949 4395 6069 5826 2883 2365 2923 2842 
4221 1117 339 133 134 5806 3472 1978 1981 
4222 5806 3472 1978 1981 5807 3473 1979 1982 
4223 5807 3473 1979 1982 5808 3474 1980 1983 
4224 5808 3474 1980 1983 2836 2058 266 267 
4225 1106 1018 869 803 5773 5509 5062 4864 
4226 5773 5509 5062 4864 5774 5510 5063 4865 
4227 5774 5510 5063 4865 5775 5511 5064 4866 
4228 5775 5511 5064 4866 2825 2737 2588 2522 
4229 24 1174 298 23 1726 5977 3349 1723 
4230 1726 5977 3349 1723 1727 5978 3350 1724 
4231 1727 5978 3350 1724 1728 5979 3351 1725 
4232 1728 5979 3351 1725 182 2893 2017 181 
4233 433 1168 602 426 3754 5959 4261 3733 
4234 3754 5959 4261 3733 3755 5960 4262 3734 
4235 3755 5960 4262 3734 3756 5961 4263 3735 
4236 3756 5961 4263 3735 2152 2887 2321 2145 
4237 458 478 479 475 3829 3889 3892 3880 
4238 3829 3889 3892 3880 3830 3890 3893 3881 
4239 3830 3890 3893 3881 3831 3891 3894 3882 
4240 3831 3891 3894 3882 2177 2197 2198 2194 
4241 803 752 659 751 4864 4711 4432 4708 
4242 4864 4711 4432 4708 4865 4712 4433 4709 
4243 4865 4712 4433 4709 4866 4713 4434 4710 
4244 4866 4713 4434 4710 2522 2471 2378 2470 
4245 431 716 1215 1214 3748 4603 6100 6097 
4246 3748 4603 6100 6097 3749 4604 6101 6098 
4247 3749 4604 6101 6098 3750 4605 6102 6099 
4248 3750 4605 6102 6099 2150 2435 2934 2933 
4249 607 593 499 521 4276 4234 3952 4018 
4250 4276 4234 3952 4018 4277 4235 3953 4019 
4251 4277 4235 3953 4019 4278 4236 3954 4020 
4252 4278 4236 3954 4020 2326 2312 2218 2240 
4253 767 768 835 727 4756 4759 4960 4636 
4254 4756 4759 4960 4636 4757 4760 4961 4637 
4255 4757 4760 4961 4637 4758 4761 4962 4638 
4256 4758 4761 4962 4638 2486 2487 2554 2446 
4257 633 608 593 607 4354 4279 4234 4276 
4258 4354 4279 4234 4276 4355 4280 4235 4277 
4259 4355 4280 4235 4277 4356 4281 4236 4278 
4260 4356 4281 4236 4278 2352 2327 2312 2326 
4261 1156 22 23 298 5923 1720 1723 3349 
4262 5923 1720 1723 3349 5924 1721 1724 3350 
4263 5924 1721 1724 3350 5925 1722 1725 3351 
4264 5925 1722 1725 3351 2875 180 181 2017 
4265 1161 1159 740 741 5938 5932 4675 4678 
4266 5938 5932 4675 4678 5939 5933 4676 4679 
4267 5939 5933 4676 4679 5940 5934 4677 4680 
4268 5940 5934 4677 4680 2880 2878 2459 2460 
4269 633 607 1157 1189 4354 4276 5926 6022 
4270 4354 4276 5926 6022 4355 4277 5927 6023 
4271 4355 4277 5927 6023 4356 4278 5928 6024 
4272 4356 4278 5928 6024 2352 2326 2876 2908 
4273 1119 1178 722 840 5812 5989 4621 4975 
4274 5812 5989 4621 4975 5813 5990 4622 4976 
4275 5813 5990 4622 4976 5814 5991 4623 4977 
4276 5814 5991 4623 4977 2838 2897 2441 2559 
4277 751 659 658 688 4708 4432 4429 4519 
4278 4708 4432 4429 4519 4709 4433 4430 4520 
4279 4709 4433 4430 4520 4710 4434 4431 4521 
4280 4710 4434 4431 4521 2470 2378 2377 2407 
4281 1264 1231 1230 1232 6247 6148 6145 6151 
4282 6247 6148 6145 6151 6248 6149 6146 6152 
4283 6248 6149 6146 6152 6249 6150 6147 6153 
4284 6249 6150 6147 6153 2983 2950 2949 2951 
4285 807 940 1321 849 4876 5275 6418 5002 
4286 4876 5275 6418 5002 4877 5276 6419 5003 
4287 4877 5276 6419 5003 4878 5277 6420 5004 
4288 4878 5277 6420 5004 2526 2659 3040 2568 
4289 869 804 752 803 5062 4867 4711 4864 
4290 5062 4867 4711 4864 5063 4868 4712 4865 
4291 5063 4868 4712 4865 5064 4869 4713 4866 
4292 5064 4869 4713 4866 2588 2523 2471 2522 
4293 1143 513 519 520 5884 3994 4012 4015 
4294 5884 3994 4012 4015 5885 3995 4013 4016 
4295 5885 3995 4013 4016 5886 3996 4014 4017 
4296 5886 3996 4014 4017 2862 2232 2238 2239 
4297 478 495 496 479 3889 3940 3943 3892 
4298 3889 3940 3943 3892 3890 3941 3944 3893 
4299 3890 3941 3944 3893 3891 3942 3945 3894 
4300 3891 3942 3945 3894 2197 2214 2215 2198 
4301 1567 1266 1585 292 7156 6253 7210 3331 
4302 7156 6253 7210 3331 7157 6254 7211 3332 
4303 7157 6254 7211 3332 7158 6255 7212 3333 
4304 7158 6255 7212 3333 3286 2985 3304 2011 
4305 1408 346 1503 1112 6679 3493 6964 5791 
4306 6679 3493 6964 5791 6680 3494 6965 5792 
4307 6680 3494 6965 5792 6681 3495 6966 5793 
4308 6681 3495 6966 5793 3127 2065 3222 2831 
4309 578 524 539 1265 4189 4027 4072 6250 
4310 4189 4027 4072 6250 4190 4028 4073 6251 
4311 4190 4028 4073 6251 4191 4029 4074 6252 
4312 4191 4029 4074 6252 2297 2243 2258 2984 
4313 1129 594 678 695 5842 4237 4489 4540 
4314 5842 4237 4489 4540 5843 4238 4490 4541 
4315 5843 4238 4490 4541 5844 4239 4491 4542 
4316 5844 4239 4491 4542 2848 2313 2397 2414 
4317 633 689 691 634 4354 4522 4528 4357 
4318 4354 4522 4528 4357 4355 4523 4529 4358 
4319 4355 4523 4529 4358 4356 4524 4530 4359 
4320 4356 4524 4530 4359 2352 2408 2410 2353 
4321 1170 719 760 857 5965 4612 4735 5026 
4322 5965 4612 4735 5026 5966 4613 4736 5027 
4323 5966 4613 4736 5027 5967 4614 4737 5028 
4324 5967 4614 4737 5028 2889 2438 2479 2576 
4325 1174 24 25 327 5977 1726 1729 3436 
4326 5977 1726 1729 3436 5978 1727 1730 3437 
4327 5978 1727 1730 3437 5979 1728 1731 3438 
4328 5979 1728 1731 3438 2893 182 183 2046 
4329 1121 1222 765 847 5818 6121 4750 4996 
4330 5818 6121 4750 4996 5819 6122 4751 4997 
4331 5819 6122 4751 4997 5820 6123 4752 4998 
4332 5820 6123 4752 4998 2840 2941 2484 2566 
4333 659 623 622 658 4432 4324 4321 4429 
4334 4432 4324 4321 4429 4433 4325 4322 4430 
4335 4433 4325 4322 4430 4434 4326 4323 4431 
4336 4434 4326 4323 4431 2378 2342 2341 2377 
4337 1141 1193 495 841 5878 6034 3940 4978 
4338 5878 6034 3940 4978 5879 6035 3941 4979 
4339 5879 6035 3941 4979 5880 6036 3942 4980 
4340 5880 6036 3942 4980 2860 2912 2214 2560 
4341 804 1163 952 826 4867 5944 5311 4933 
4342 4867 5944 5311 4933 4868 5945 5312 4934 
4343 4868 5945 5312 4934 4869 5946 5313 4935 
4344 4869 5946 5313 4935 2523 2882 2671 2545 
4345 743 745 1150 827 4684 4690 5905 4936 
4346 4684 4690 5905 4936 4685 4691 5906 4937 
4347 4685 4691 5906 4937 4686 4692 5907 4938 
4348 4686 4692 5907 4938 2462 2464 2869 2546 
4349 1161 827 1151 1152 5938 4936 5908 5911 
4350 5938 4936 5908 5911 5939 4937 5909 5912 
4351 5939 4937 5909 5912 5940 4938 5910 5913 
4352 5940 4938 5910 5913 2880 2546 2870 2871 
4353 1218 838 837 702 6109 4969 4966 4561 
4354 6109 4969 4966 4561 6110 4970 4967 4562 
4355 6110 4970 4967 4562 6111 4971 4968 4563 
4356 6111 4971 4968 4563 2937 2557 2556 2421 
4357 689 780 790 691 4522 4795 4825 4528 
4358 4522 4795 4825 4528 4523 4796 4826 4529 
4359 4523 4796 4826 4529 4524 4797 4827 4530 
4360 4524 4797 4827 4530 2408 2499 2509 2410 
4361 475 440 441 458 3880 3775 3778 3829 
4362 3880 3775 3778 3829 3881 3776 3779 3830 
4363 3881 3776 3779 3830 3882 3777 3780 3831 
4364 3882 3777 3780 3831 2194 2159 2160 2177 
4365 1142 1141 841 1060 5881 5878 4978 5635 
4366 5881 5878 4978 5635 5882 5879 4979 5636 
4367 5882 5879 4979 5636 5883 5880 4980 5637 
4368 5883 5880 4980 5637 2861 2860 2560 2779 
4369 826 952 953 844 4933 5311 5314 4987 
4370 4933 5311 5314 4987 4934 5312 5315 4988 
4371 4934 5312 5315 4988 4935 5313 5316 4989 
4372 4935 5313 5316 4989 2545 2671 2672 2563 
4373 1393 1047 988 989 6634 5596 5419 5422 
4374 6634 5596 5419 5422 6635 5597 5420 5423 
4375 6635 5597 5420 5423 6636 5598 5421 5424 
4376 6636 5598 5421 5424 3112 2766 2707 2708 
4377 1226 905 1349 1227 6133 5170 6502 6136 
4378 6133 5170 6502 6136 6134 5171 6503 6137 
4379 6134 5171 6503 6137 6135 5172 6504 6138 
4380 6135 5172 6504 6138 2945 2624 3068 2946 
4381 1214 457 378 380 6097 3826 3589 3595 
4382 6097 3826 3589 3595 6098 3827 3590 3596 
4383 6098 3827 3590 3596 6099 3828 3591 3597 
4384 6099 3828 3591 3597 2933 2176 2097 2099 
4385 938 966 967 939 5269 5353 5356 5272 
4386 5269 5353 5356 5272 5270 5354 5357 5273 
4387 5270 5354 5357 5273 5271 5355 5358 5274 
4388 5271 5355 5358 5274 2657 2685 2686 2658 
4389 580 1208 1130 1282 4195 6079 5845 6301 
4390 4195 6079 5845 6301 4196 6080 5846 6302 
4391 4196 6080 5846 6302 4197 6081 5847 6303 
4392 4197 6081 5847 6303 2299 2927 2849 3001 
4393 496 510 511 509 3943 3985 3988 3982 
4394 3943 3985 3988 3982 3944 3986 3989 3983 
4395 3944 3986 3989 3983 3945 3987 3990 3984 
4396 3945 3987 3990 3984 2215 2229 2230 2228 
4397 1492 943 832 1196 6931 5284 4951 6043 
4398 6931 5284 4951 6043 6932 5285 4952 6044 
4399 6932 5285 4952 6044 6933 5286 4953 6045 
4400 6933 5286 4953 6045 3211 2662 2551 2915 
4401 406 417 418 416 3673 3706 3709 3703 
4402 3673 3706 3709 3703 3674 3707 3710 3704 
4403 3674 3707 3710 3704 3675 3708 3711 3705 
4404 3675 3708 3711 3705 2125 2136 2137 2135 
4405 26 1194 327 25 1732 6037 3436 1729 
4406 1732 6037 3436 1729 1733 6038 3437 1730 
4407 1733 6038 3437 1730 1734 6039 3438 1731 
4408 1734 6039 3438 1731 184 2913 2046 183 
4409 1553 987 907 1035 7114 5416 5176 5560 
4410 7114 5416 5176 5560 7115 5417 5177 5561 
4411 7115 5417 5177 5561 7116 5418 5178 5562 
4412 7116 5418 5178 5562 3272 2706 2626 2754 
4413 499 500 522 521 3952 3955 4021 4018 
4414 3952 3955 4021 4018 3953 3956 4022 4019 
4415 3953 3956 4022 4019 3954 3957 4023 4020 
4416 3954 3957 4023 4020 2218 2219 2241 2240 
4417 1144 491 512 513 5887 3928 3991 3994 
4418 5887 3928 3991 3994 5888 3929 3992 3995 
4419 5888 3929 3992 3995 5889 3930 3993 3996 
4420 5889 3930 3993 3996 2863 2210 2231 2232 
4421 317 1239 1149 1165 3406 6172 5902 5950 
4422 3406 6172 5902 5950 3407 6173 5903 5951 
4423 3407 6173 5903 5951 3408 6174 5904 5952 
4424 3408 6174 5904 5952 2036 2958 2868 2884 
4425 1176 834 821 1175 5983 4957 4918 5980 
4426 5983 4957 4918 5980 5984 4958 4919 5981 
4427 5984 4958 4919 5981 5985 4959 4920 5982 
4428 5985 4959 4920 5982 2895 2553 2540 2894 
4429 522 1157 607 521 4021 5926 4276 4018 
4430 4021 5926 4276 4018 4022 5927 4277 4019 
4431 4022 5927 4277 4019 4023 5928 4278 4020 
4432 4023 5928 4278 4020 2241 2876 2326 2240 
4433 1194 26 27 301 6037 1732 1735 3358 
4434 6037 1732 1735 3358 6038 1733 1736 3359 
4435 6038 1733 1736 3359 6039 1734 1737 3360 
4436 6039 1734 1737 3360 2913 184 185 2020 
4437 1297 646 585 582 6346 4393 4210 4201 
4438 6346 4393 4210 4201 6347 4394 4211 4202 
4439 6347 4394 4211 4202 6348 4395 4212 4203 
4440 6348 4395 4212 4203 3016 2365 2304 2301 
4441 510 528 529 511 3985 4039 4042 3988 
4442 3985 4039 4042 3988 3986 4040 4043 3989 
4443 3986 4040 4043 3989 3987 4041 4044 3990 
4444 3987 4041 4044 3990 2229 2247 2248 2230 
4445 602 414 415 426 4261 3697 3700 3733 
4446 4261 3697 3700 3733 4262 3698 3701 3734 
4447 4262 3698 3701 3734 4263 3699 3702 3735 
4448 4263 3699 3702 3735 2321 2133 2134 2145 
4449 780 906 907 790 4795 5173 5176 4825 
4450 4795 5173 5176 4825 4796 5174 5177 4826 
4451 4796 5174 5177 4826 4797 5175 5178 4827 
4452 4797 5175 5178 4827 2499 2625 2626 2509 
4453 913 938 939 936 5194 5269 5272 5263 
4454 5194 5269 5272 5263 5195 5270 5273 5264 
4455 5195 5270 5273 5264 5196 5271 5274 5265 
4456 5196 5271 5274 5265 2632 2657 2658 2655 
4457 587 585 646 1164 4216 4210 4393 5947 
4458 4216 4210 4393 5947 4217 4211 4394 5948 
4459 4217 4211 4394 5948 4218 4212 4395 5949 
4460 4218 4212 4395 5949 2306 2304 2365 2883 
4461 1153 454 429 1255 5914 3817 3742 6220 
4462 5914 3817 3742 6220 5915 3818 3743 6221 
4463 5915 3818 3743 6221 5916 3819 3744 6222 
4464 5916 3819 3744 6222 2872 2173 2148 2974 
4465 988 839 837 838 5419 4972 4966 4969 
4466 5419 4972 4966 4969 5420 4973 4967 4970 
4467 5420 4973 4967 4970 5421 4974 4968 4971 
4468 5421 4974 4968 4971 2707 2558 2556 2557 
4469 528 581 582 529 4039 4198 4201 4042 
4470 4039 4198 4201 4042 4040 4199 4202 4043 
4471 4040 4199 4202 4043 4041 4200 4203 4044 
4472 4041 4200 4203 4044 2247 2300 2301 2248 
4473 1189 690 689 633 6022 4525 4522 4354 
4474 6022 4525 4522 4354 6023 4526 4523 4355 
4475 6023 4526 4523 4355 6024 4527 4524 4356 
4476 6024 4527 4524 4356 2908 2409 2408 2352 
4477 417 419 420 418 3706 3712 3715 3709 
4478 3706 3712 3715 3709 3707 3713 3716 3710 
4479 3707 3713 3716 3710 3708 3714 3717 3711 
4480 3708 3714 3717 3711 2136 2138 2139 2137 
4481 1165 33 34 317 5950 1753 1756 3406 
4482 5950 1753 1756 3406 5951 1754 1757 3407 
4483 5951 1754 1757 3407 5952 1755 1758 3408 
4484 5952 1755 1758 3408 2884 191 192 2036 
4485 970 971 1233 969 5365 5368 6154 5362 
4486 5365 5368 6154 5362 5366 5369 6155 5363 
4487 5366 5369 6155 5363 5367 5370 6156 5364 
4488 5367 5370 6156 5364 2689 2690 2952 2688 
4489 1505 962 789 963 6970 5341 4822 5344 
4490 6970 5341 4822 5344 6971 5342 4823 5345 
4491 6971 5342 4823 5345 6972 5343 4824 5346 
4492 6972 5343 4824 5346 3224 2681 2508 2682 
4493 485 486 500 499 3910 3913 3955 3952 
4494 3910 3913 3955 3952 3911 3914 3956 3953 
4495 3911 3914 3956 3953 3912 3915 3957 3954 
4496 3912 3915 3957 3954 2204 2205 2219 2218 
4497 1225 1224 797 1186 6130 6127 4846 6013 
4498 6130 6127 4846 6013 6131 6128 4847 6014 
4499 6131 6128 4847 6014 6132 6129 4848 6015 
4500 6132 6129 4848 6015 2944 2943 2516 2905 
4501 804 869 1392 1163 4867 5062 6631 5944 
4502 4867 5062 6631 5944 4868 5063 6632 5945 
4503 4868 5063 6632 5945 4869 5064 6633 5946 
4504 4869 5064 6633 5946 2523 2588 3111 2882 
4505 534 532 531 504 4057 4051 4048 3967 
4506 4057 4051 4048 3967 4058 4052 4049 3968 
4507 4058 4052 4049 3968 4059 4053 4050 3969 
4508 4059 4053 4050 3969 2253 2251 2250 2223 
4509 999 998 1005 1000 5452 5449 5470 5455 
4510 5452 5449 5470 5455 5453 5450 5471 5456 
4511 5453 5450 5471 5456 5454 5451 5472 5457 
4512 5454 5451 5472 5457 2718 2717 2724 2719 
4513 432 425 420 424 3751 3730 3715 3727 
4514 3751 3730 3715 3727 3752 3731 3716 3728 
4515 3752 3731 3716 3728 3753 3732 3717 3729 
4516 3753 3732 3717 3729 2151 2144 2139 2143 
4517 1590 1603 986 987 7225 7264 5413 5416 
4518 7225 7264 5413 5416 7226 7265 5414 5417 
4519 7226 7265 5414 5417 7227 7266 5415 5418 
4520 7227 7266 5415 5418 3309 3322 2705 2706 
4521 828 740 1159 865 4939 4675 5932 5050 
4522 4939 4675 5932 5050 4940 4676 5933 5051 
4523 4940 4676 5933 5051 4941 4677 5934 5052 
4524 4941 4677 5934 5052 2547 2459 2878 2584 
4525 909 1184 720 755 5182 6007 4615 4720 
4526 5182 6007 4615 4720 5183 6008 4616 4721 
4527 5183 6008 4616 4721 5184 6009 4617 4722 
4528 5184 6009 4617 4722 2628 2903 2439 2474 
4529 1192 915 906 780 6031 5200 5173 4795 
4530 6031 5200 5173 4795 6032 5201 5174 4796 
4531 6032 5201 5174 4796 6033 5202 5175 4797 
4532 6033 5202 5175 4797 2911 2634 2625 2499 
4533 1197 1267 1304 1198 6046 6256 6367 6049 
4534 6046 6256 6367 6049 6047 6257 6368 6050 
4535 6047 6257 6368 6050 6048 6258 6369 6051 
4536 6048 6258 6369 6051 2916 2986 3023 2917 
4537 1166 1256 631 779 5953 6223 4348 4792 
4538 5953 6223 4348 4792 5954 6224 4349 4793 
4539 5954 6224 4349 4793 5955 6225 4350 4794 
4540 5955 6225 4350 4794 2885 2975 2350 2498 
4541 1207 376 378 457 6076 3583 3589 3826 
4542 6076 3583 3589 3826 6077 3584 3590 3827 
4543 6077 3584 3590 3827 6078 3585 3591 3828 
4544 6078 3585 3591 3828 2926 2095 2097 2176 
4545 590 1208 580 542 4225 6079 4195 4081 
4546 4225 6079 4195 4081 4226 6080 4196 4082 
4547 4226 6080 4196 4082 4227 6081 4197 4083 
4548 4227 6081 4197 4083 2309 2927 2299 2261 
4549 625 629 674 673 4330 4342 4477 4474 
4550 4330 4342 4477 4474 4331 4343 4478 4475 
4551 4331 4343 4478 4475 4332 4344 4479 4476 
4552 4332 4344 4479 4476 2344 2348 2393 2392 
4553 1280 374 376 1207 6295 3577 3583 6076 
4554 6295 3577 3583 6076 6296 3578 3584 6077 
4555 6296 3578 3584 6077 6297 3579 3585 6078 
4556 6297 3579 3585 6078 2999 2093 2095 2926 
4557 1202 706 708 785 6061 4573 4579 4810 
4558 6061 4573 4579 4810 6062 4574 4580 4811 
4559 6062 4574 4580 4811 6063 4575 4581 4812 
4560 6063 4575 4581 4812 2921 2425 2427 2504 
4561 630 706 707 631 4345 4573 4576 4348 
4562 4345 4573 4576 4348 4346 4574 4577 4349 
4563 4346 4574 4577 4349 4347 4575 4578 4350 
4564 4347 4575 4578 4350 2349 2425 2426 2350 
4565 416 400 401 406 3703 3655 3658 3673 
4566 3703 3655 3658 3673 3704 3656 3659 3674 
4567 3704 3656 3659 3674 3705 3657 3660 3675 
4568 3705 3657 3660 3675 2135 2119 2120 2125 
4569 630 631 1256 606 4345 4348 6223 4273 
4570 4345 4348 6223 4273 4346 4349 6224 4274 
4571 4346 4349 6224 4274 4347 4350 6225 4275 
4572 4347 4350 6225 4275 2349 2350 2975 2325 
4573 612 1114 1329 996 4291 5797 6442 5443 
4574 4291 5797 6442 5443 4292 5798 6443 5444 
4575 4292 5798 6443 5444 4293 5799 6444 5445 
4576 4293 5799 6444 5445 2331 2833 3048 2715 
4577 547 546 629 625 4096 4093 4342 4330 
4578 4096 4093 4342 4330 4097 4094 4343 4331 
4579 4097 4094 4343 4331 4098 4095 4344 4332 
4580 4098 4095 4344 4332 2266 2265 2348 2344 
4581 664 663 1235 665 4447 4444 6160 4450 
4582 4447 4444 6160 4450 4448 4445 6161 4451 
4583 4448 4445 6161 4451 4449 4446 6162 4452 
4584 4449 4446 6162 4452 2383 2382 2954 2384 
4585 955 821 796 795 5320 4918 4843 4840 
4586 5320 4918 4843 4840 5321 4919 4844 4841 
4587 5321 4919 4844 4841 5322 4920 4845 4842 
4588 5322 4920 4845 4842 2674 2540 2515 2514 
4589 1155 343 35 36 5920 3484 1759 1762 
4590 5920 3484 1759 1762 5921 3485 1760 1763 
4591 5921 3485 1760 1763 5922 3486 1761 1764 
4592 5922 3486 1761 1764 2874 2062 193 194 
4593 1256 1166 1014 845 6223 5953 5497 4990 
4594 6223 5953 5497 4990 6224 5954 5498 4991 
4595 6224 5954 5498 4991 6225 5955 5499 4992 
4596 6225 5955 5499 4992 2975 2885 2733 2564 
4597 396 615 1210 393 3643 4300 6085 3634 
4598 3643 4300 6085 3634 3644 4301 6086 3635 
4599 3644 4301 6086 3635 3645 4302 6087 3636 
4600 3645 4302 6087 3636 2115 2334 2929 2112 
4601 672 647 700 1224 4471 4396 4555 6127 
4602 4471 4396 4555 6127 4472 4397 4556 6128 
4603 4472 4397 4556 6128 4473 4398 4557 6129 
4604 4473 4398 4557 6129 2391 2366 2419 2943 
4605 1178 1281 635 1228 5989 6298 4360 6139 
4606 5989 6298 4360 6139 5990 6299 4361 6140 
4607 5990 6299 4361 6140 5991 6300 4362 6141 
4608 5991 6300 4362 6141 2897 3000 2354 2947 
4609 1125 704 403 405 5830 4567 3664 3670 
4610 5830 4567 3664 3670 5831 4568 3665 3671 
4611 5831 4568 3665 3671 5832 4569 3666 3672 
4612 5832 4569 3666 3672 2844 2423 2122 2124 
4613 811 1241 836 768 4888 6178 4963 4759 
4614 4888 6178 4963 4759 4889 6179 4964 4760 
4615 4889 6179 4964 4760 4890 6180 4965 4761 
4616 4890 6180 4965 4761 2530 2960 2555 2487 
4617 672 431 388 647 4471 3748 3619 4396 
4618 4471 3748 3619 4396 4472 3749 3620 4397 
4619 4472 3749 3620 4397 4473 3750 3621 4398 
4620 4473 3750 3621 4398 2391 2150 2107 2366 
4621 786 832 943 785 4813 4951 5284 4810 
4622 4813 4951 5284 4810 4814 4952 5285 4811 
4623 4814 4952 5285 4811 4815 4953 5286 4812 
4624 4815 4953 5286 4812 2505 2551 2662 2504 
4625 1209 456 443 439 6082 3823 3784 3772 
4626 6082 3823 3784 3772 6083 3824 3785 3773 
4627 6083 3824 3785 3773 6084 3825 3786 3774 
4628 6084 3825 3786 3774 2928 2175 2162 2158 
4629 439 438 1024 1209 3772 3769 5527 6082 
4630 3772 3769 5527 6082 3773 3770 5528 6083 
4631 3773 3770 5528 6083 3774 3771 5529 6084 
4632 3774 3771 5529 6084 2158 2157 2743 2928 
4633 1060 841 761 903 5635 4978 4738 5164 
4634 5635 4978 4738 5164 5636 4979 4739 5165 
4635 5636 4979 4739 5165 5637 4980 4740 5166 
4636 5637 4980 4740 5166 2779 2560 2480 2622 
4637 1315 929 1433 1094 6400 5242 6754 5737 
4638 6400 5242 6754 5737 6401 5243 6755 5738 
4639 6401 5243 6755 5738 6402 5244 6756 5739 
4640 6402 5244 6756 5739 3034 2648 3152 2813 
4641 581 583 645 644 4198 4204 4390 4387 
4642 4198 4204 4390 4387 4199 4205 4391 4388 
4643 4199 4205 4391 4388 4200 4206 4392 4389 
4644 4200 4206 4392 4389 2300 2302 2364 2363 
4645 1185 797 720 1184 6010 4846 4615 6007 
4646 6010 4846 4615 6007 6011 4847 4616 6008 
4647 6011 4847 4616 6008 6012 4848 4617 6009 
4648 6012 4848 4617 6009 2904 2516 2439 2903 
4649 755 889 993 909 4720 5122 5434 5182 
4650 4720 5122 5434 5182 4721 5123 5435 5183 
4651 4721 5123 5435 5183 4722 5124 5436 5184 
4652 4722 5124 5436 5184 2474 2608 2712 2628 
4653 841 495 478 761 4978 3940 3889 4738 
4654 4978 3940 3889 4738 4979 3941 3890 4739 
4655 4979 3941 3890 4739 4980 3942 3891 4740 
4656 4980 3942 3891 4740 2560 2214 2197 2480 
4657 1173 84 85 300 5974 1633 1636 3355 
4658 5974 1633 1636 3355 5975 1634 1637 3356 
4659 5975 1634 1637 3356 5976 1635 1638 3357 
4660 5976 1635 1638 3357 2892 151 152 2019 
4661 1218 989 988 838 6109 5422 5419 4969 
4662 6109 5422 5419 4969 6110 5423 5420 4970 
4663 6110 5423 5420 4970 6111 5424 5421 4971 
4664 6111 5424 5421 4971 2937 2708 2707 2557 
4665 1096 725 662 1095 5743 4630 4441 5740 
4666 5743 4630 4441 5740 5744 4631 4442 5741 
4667 5744 4631 4442 5741 5745 4632 4443 5742 
4668 5745 4632 4443 5742 2815 2444 2381 2814 
4669 472 453 452 471 3871 3814 3811 3868 
4670 3871 3814 3811 3868 3872 3815 3812 3869 
4671 3872 3815 3812 3869 3873 3816 3813 3870 
4672 3873 3816 3813 3870 2191 2172 2171 2190 
4673 471 482 483 472 3868 3901 3904 3871 
4674 3868 3901 3904 3871 3869 3902 3905 3872 
4675 3869 3902 3905 3872 3870 3903 3906 3873 
4676 3870 3903 3906 3873 2190 2201 2202 2191 
4677 553 555 556 554 4114 4120 4123 4117 
4678 4114 4120 4123 4117 4115 4121 4124 4118 
4679 4115 4121 4124 4118 4116 4122 4125 4119 
4680 4116 4122 4125 4119 2272 2274 2275 2273 
4681 701 1050 994 993 4558 5605 5437 5434 
4682 4558 5605 5437 5434 4559 5606 5438 5435 
4683 4559 5606 5438 5435 4560 5607 5439 5436 
4684 4560 5607 5439 5436 2420 2769 2713 2712 
4685 1180 660 640 1269 5995 4435 4375 6262 
4686 5995 4435 4375 6262 5996 4436 4376 6263 
4687 5996 4436 4376 6263 5997 4437 4377 6264 
4688 5997 4437 4377 6264 2899 2379 2359 2988 
4689 461 474 486 485 3838 3877 3913 3910 
4690 3838 3877 3913 3910 3839 3878 3914 3911 
4691 3839 3878 3914 3911 3840 3879 3915 3912 
4692 3840 3879 3915 3912 2180 2193 2205 2204 
4693 432 438 439 425 3751 3769 3772 3730 
4694 3751 3769 3772 3730 3752 3770 3773 3731 
4695 3752 3770 3773 3731 3753 3771 3774 3732 
4696 3753 3771 3774 3732 2151 2157 2158 2144 
4697 720 797 1224 700 4615 4846 6127 4555 
4698 4615 4846 6127 4555 4616 4847 6128 4556 
4699 4616 4847 6128 4556 4617 4848 6129 4557 
4700 4617 4848 6129 4557 2439 2516 2943 2419 
4701 644 645 703 702 4387 4390 4564 4561 
4702 4387 4390 4564 4561 4388 4391 4565 4562 
4703 4388 4391 4565 4562 4389 4392 4566 4563 
4704 4389 4392 4566 4563 2363 2364 2422 2421 
4705 702 837 1297 644 4561 4966 6346 4387 
4706 4561 4966 6346 4387 4562 4967 6347 4388 
4707 4562 4967 6347 4388 4563 4968 6348 4389 
4708 4563 4968 6348 4389 2421 2556 3016 2363 
4709 737 807 808 806 4666 4876 4879 4873 
4710 4666 4876 4879 4873 4667 4877 4880 4874 
4711 4667 4877 4880 4874 4668 4878 4881 4875 
4712 4668 4878 4881 4875 2456 2526 2527 2525 
4713 1206 445 444 443 6073 3790 3787 3784 
4714 6073 3790 3787 3784 6074 3791 3788 3785 
4715 6074 3791 3788 3785 6075 3792 3789 3786 
4716 6075 3792 3789 3786 2925 2164 2163 2162 
4717 1220 842 502 450 6115 4981 3961 3805 
4718 6115 4981 3961 3805 6116 4982 3962 3806 
4719 6116 4982 3962 3806 6117 4983 3963 3807 
4720 6117 4983 3963 3807 2939 2561 2221 2169 
4721 553 552 502 1212 4114 4111 3961 6091 
4722 4114 4111 3961 6091 4115 4112 3962 6092 
4723 4115 4112 3962 6092 4116 4113 3963 6093 
4724 4116 4113 3963 6093 2272 2271 2221 2931 
4725 1231 497 517 1230 6148 3946 4006 6145 
4726 6148 3946 4006 6145 6149 3947 4007 6146 
4727 6149 3947 4007 6146 6150 3948 4008 6147 
4728 6150 3948 4008 6147 2950 2216 2236 2949 
4729 1231 483 482 497 6148 3904 3901 3946 
4730 6148 3904 3901 3946 6149 3905 3902 3947 
4731 6149 3905 3902 3947 6150 3906 3903 3948 
4732 6150 3906 3903 3948 2950 2202 2201 2216 
4733 1110 1107 1108 1109 5785 5776 5779 5782 
4734 5785 5776 5779 5782 5786 5777 5780 5783 
4735 5786 5777 5780 5783 5787 5778 5781 5784 
4736 5787 5778 5781 5784 2829 2826 2827 2828 
4737 433 434 441 440 3754 3757 3778 3775 
4738 3754 3757 3778 3775 3755 3758 3779 3776 
4739 3755 3758 3779 3776 3756 3759 3780 3777 
4740 3756 3759 3780 3777 2152 2153 2160 2159 
4741 575 635 636 577 4180 4360 4363 4186 
4742 4180 4360 4363 4186 4181 4361 4364 4187 
4743 4181 4361 4364 4187 4182 4362 4365 4188 
4744 4182 4362 4365 4188 2294 2354 2355 2296 
4745 1114 612 360 362 5797 4291 3535 3541 
4746 5797 4291 3535 3541 5798 4292 3536 3542 
4747 5798 4292 3536 3542 5799 4293 3537 3543 
4748 5799 4293 3537 3543 2833 2331 2079 2081 
4749 1198 1298 963 1199 6049 6349 5344 6052 
4750 6049 6349 5344 6052 6050 6350 5345 6053 
4751 6050 6350 5345 6053 6051 6351 5346 6054 
4752 6051 6351 5346 6054 2917 3017 2682 2918 
4753 1178 1228 654 722 5989 6139 4417 4621 
4754 5989 6139 4417 4621 5990 6140 4418 4622 
4755 5990 6140 4418 4622 5991 6141 4419 4623 
4756 5991 6141 4419 4623 2897 2947 2373 2441 
4757 453 449 447 452 3814 3802 3796 3811 
4758 3814 3802 3796 3811 3815 3803 3797 3812 
4759 3815 3803 3797 3812 3816 3804 3798 3813 
4760 3816 3804 3798 3813 2172 2168 2166 2171 
4761 1230 517 575 577 6145 4006 4180 4186 
4762 6145 4006 4180 4186 6146 4007 4181 4187 
4763 6146 4007 4181 4187 6147 4008 4182 4188 
4764 6147 4008 4182 4188 2949 2236 2294 2296 
4765 1220 450 448 449 6115 3805 3799 3802 
4766 6115 3805 3799 3802 6116 3806 3800 3803 
4767 6116 3806 3800 3803 6117 3807 3801 3804 
4768 6117 3807 3801 3804 2939 2169 2167 2168 
4769 694 489 488 477 4537 3922 3919 3886 
4770 4537 3922 3919 3886 4538 3923 3920 3887 
4771 4538 3923 3920 3887 4539 3924 3921 3888 
4772 4539 3924 3921 3888 2413 2208 2207 2196 
4773 317 34 35 1213 3406 1756 1759 6094 
4774 3406 1756 1759 6094 3407 1757 1760 6095 
4775 3407 1757 1760 6095 3408 1758 1761 6096 
4776 3408 1758 1761 6096 2036 192 193 2932 
4777 775 814 840 722 4780 4897 4975 4621 
4778 4780 4897 4975 4621 4781 4898 4976 4622 
4779 4781 4898 4976 4622 4782 4899 4977 4623 
4780 4782 4899 4977 4623 2494 2533 2559 2441 
4781 1264 487 483 1231 6247 3916 3904 6148 
4782 6247 3916 3904 6148 6248 3917 3905 6149 
4783 6248 3917 3905 6149 6249 3918 3906 6150 
4784 6249 3918 3906 6150 2983 2206 2202 2950 
4785 777 776 1198 1199 4786 4783 6049 6052 
4786 4786 4783 6049 6052 4787 4784 6050 6053 
4787 4787 4784 6050 6053 4788 4785 6051 6054 
4788 4788 4785 6051 6054 2496 2495 2917 2918 
4789 431 382 383 388 3748 3601 3604 3619 
4790 3748 3601 3604 3619 3749 3602 3605 3620 
4791 3749 3602 3605 3620 3750 3603 3606 3621 
4792 3750 3603 3606 3621 2150 2101 2102 2107 
4793 1273 1495 1508 305 6274 6940 6979 3370 
4794 6274 6940 6979 3370 6275 6941 6980 3371 
4795 6275 6941 6980 3371 6276 6942 6981 3372 
4796 6276 6942 6981 3372 2992 3214 3227 2024 
4797 628 627 547 626 4339 4336 4096 4333 
4798 4339 4336 4096 4333 4340 4337 4097 4334 
4799 4340 4337 4097 4334 4341 4338 4098 4335 
4800 4341 4338 4098 4335 2347 2346 2266 2345 
4801 1278 1220 449 453 6289 6115 3802 3814 
4802 6289 6115 3802 3814 6290 6116 3803 3815 
4803 6290 6116 3803 3815 6291 6117 3804 3816 
4804 6291 6117 3804 3816 2997 2939 2168 2172 
4805 449 448 446 447 3802 3799 3793 3796 
4806 3802 3799 3793 3796 3803 3800 3794 3797 
4807 3803 3800 3794 3797 3804 3801 3795 3798 
4808 3804 3801 3795 3798 2168 2167 2165 2166 
4809 426 427 434 433 3733 3736 3757 3754 
4810 3733 3736 3757 3754 3734 3737 3758 3755 
4811 3734 3737 3758 3755 3735 3738 3759 3756 
4812 3735 3738 3759 3756 2145 2146 2153 2152 
4813 1448 1087 1459 934 6799 5716 6832 5257 
4814 6799 5716 6832 5257 6800 5717 6833 5258 
4815 6800 5717 6833 5258 6801 5718 6834 5259 
4816 6801 5718 6834 5259 3167 2806 3178 2653 
4817 1210 390 392 393 6085 3625 3631 3634 
4818 6085 3625 3631 3634 6086 3626 3632 3635 
4819 6086 3626 3632 3635 6087 3627 3633 3636 
4820 6087 3627 3633 3636 2929 2109 2111 2112 
4821 1094 735 650 1315 5737 4660 4405 6400 
4822 5737 4660 4405 6400 5738 4661 4406 6401 
4823 5738 4661 4406 6401 5739 4662 4407 6402 
4824 5739 4662 4407 6402 2813 2454 2369 3034 
4825 685 1195 600 599 4510 6040 4255 4252 
4826 4510 6040 4255 4252 4511 6041 4256 4253 
4827 4511 6041 4256 4253 4512 6042 4257 4254 
4828 4512 6042 4257 4254 2404 2914 2319 2318 
4829 1212 698 555 553 6091 4549 4120 4114 
4830 6091 4549 4120 4114 6092 4550 4121 4115 
4831 6092 4550 4121 4115 6093 4551 4122 4116 
4832 6093 4551 4122 4116 2931 2417 2274 2272 
4833 542 516 494 505 4081 4003 3937 3970 
4834 4081 4003 3937 3970 4082 4004 3938 3971 
4835 4082 4004 3938 3971 4083 4005 3939 3972 
4836 4083 4005 3939 3972 2261 2235 2213 2224 
4837 439 443 444 442 3772 3784 3787 3781 
4838 3772 3784 3787 3781 3773 3785 3788 3782 
4839 3773 3785 3788 3782 3774 3786 3789 3783 
4840 3774 3786 3789 3783 2158 2162 2163 2161 
4841 1270 1253 682 820 6265 6214 4501 4915 
4842 6265 6214 4501 4915 6266 6215 4502 4916 
4843 6266 6215 4502 4916 6267 6216 4503 4917 
4844 6267 6216 4503 4917 2989 2972 2401 2539 
4845 656 640 591 641 4423 4375 4228 4378 
4846 4423 4375 4228 4378 4424 4376 4229 4379 
4847 4424 4376 4229 4379 4425 4377 4230 4380 
4848 4425 4377 4230 4380 2375 2359 2310 2360 
4849 857 858 956 859 5026 5029 5323 5032 
4850 5026 5029 5323 5032 5027 5030 5324 5033 
4851 5027 5030 5324 5033 5028 5031 5325 5034 
4852 5028 5031 5325 5034 2576 2577 2675 2578 
4853 681 801 820 682 4498 4858 4915 4501 
4854 4498 4858 4915 4501 4499 4859 4916 4502 
4855 4499 4859 4916 4502 4500 4860 4917 4503 
4856 4500 4860 4917 4503 2400 2520 2539 2401 
4857 640 590 543 591 4375 4225 4084 4228 
4858 4375 4225 4084 4228 4376 4226 4085 4229 
4859 4376 4226 4085 4229 4377 4227 4086 4230 
4860 4377 4227 4086 4230 2359 2309 2262 2310 
4861 944 695 678 738 5287 4540 4489 4669 
4862 5287 4540 4489 4669 5288 4541 4490 4670 
4863 5288 4541 4490 4670 5289 4542 4491 4671 
4864 5289 4542 4491 4671 2663 2414 2397 2457 
4865 505 494 484 487 3970 3937 3907 3916 
4866 3970 3937 3907 3916 3971 3938 3908 3917 
4867 3971 3938 3908 3917 3972 3939 3909 3918 
4868 3972 3939 3909 3918 2224 2213 2203 2206 
4869 698 1226 561 555 4549 6133 4138 4120 
4870 4549 6133 4138 4120 4550 6134 4139 4121 
4871 4550 6134 4139 4121 4551 6135 4140 4122 
4872 4551 6135 4140 4122 2417 2945 2280 2274 
4873 748 1182 955 795 4699 6001 5320 4840 
4874 4699 6001 5320 4840 4700 6002 5321 4841 
4875 4700 6002 5321 4841 4701 6003 5322 4842 
4876 4701 6003 5322 4842 2467 2901 2674 2514 
4877 533 614 652 1296 4054 4297 4411 6343 
4878 4054 4297 4411 6343 4055 4298 4412 6344 
4879 4055 4298 4412 6344 4056 4299 4413 6345 
4880 4056 4299 4413 6345 2252 2333 2371 3015 
4881 447 446 444 445 3796 3793 3787 3790 
4882 3796 3793 3787 3790 3797 3794 3788 3791 
4883 3797 3794 3788 3791 3798 3795 3789 3792 
4884 3798 3795 3789 3792 2166 2165 2163 2164 
4885 1200 676 671 669 6055 4483 4468 4462 
4886 6055 4483 4468 4462 6056 4484 4469 4463 
4887 6056 4484 4469 4463 6057 4485 4470 4464 
4888 6057 4485 4470 4464 2919 2395 2390 2388 
4889 581 528 1289 583 4198 4039 6322 4204 
4890 4198 4039 6322 4204 4199 4040 6323 4205 
4891 4199 4040 6323 4205 4200 4041 6324 4206 
4892 4200 4041 6324 4206 2300 2247 3008 2302 
4893 801 1236 1237 820 4858 6163 6166 4915 
4894 4858 6163 6166 4915 4859 6164 6167 4916 
4895 4859 6164 6167 4916 4860 6165 6168 4917 
4896 4860 6165 6168 4917 2520 2955 2956 2539 
4897 625 673 828 1188 4330 4474 4939 6019 
4898 4330 4474 4939 6019 4331 4475 4940 6020 
4899 4331 4475 4940 6020 4332 4476 4941 6021 
4900 4332 4476 4941 6021 2344 2392 2547 2907 
4901 577 1254 1232 1230 4186 6217 6151 6145 
4902 4186 6217 6151 6145 4187 6218 6152 6146 
4903 4187 6218 6152 6146 4188 6219 6153 6147 
4904 4188 6219 6153 6147 2296 2973 2951 2949 
4905 487 484 472 483 3916 3907 3871 3904 
4906 3916 3907 3871 3904 3917 3908 3872 3905 
4907 3917 3908 3872 3905 3918 3909 3873 3906 
4908 3918 3909 3873 3906 2206 2203 2191 2202 
4909 1291 899 895 893 6328 5152 5140 5134 
4910 6328 5152 5140 5134 6329 5153 5141 5135 
4911 6329 5153 5141 5135 6330 5154 5142 5136 
4912 6330 5154 5142 5136 3010 2618 2614 2612 
4913 1129 550 549 594 5842 4105 4102 4237 
4914 5842 4105 4102 4237 5843 4106 4103 4238 
4915 5843 4106 4103 4238 5844 4107 4104 4239 
4916 5844 4107 4104 4239 2848 2269 2268 2313 
4917 947 814 775 815 5296 4897 4780 4900 
4918 5296 4897 4780 4900 5297 4898 4781 4901 
4919 5297 4898 4781 4901 5298 4899 4782 4902 
4920 5298 4899 4782 4902 2666 2533 2494 2534 
4921 995 312 97 1378 5440 3391 1672 6589 
4922 5440 3391 1672 6589 5441 3392 1673 6590 
4923 5441 3392 1673 6590 5442 3393 1674 6591 
4924 5442 3393 1674 6591 2714 2031 164 3097 
4925 590 542 505 543 4225 4081 3970 4084 
4926 4225 4081 3970 4084 4226 4082 3971 4085 
4927 4226 4082 3971 4085 4227 4083 3972 4086 
4928 4227 4083 3972 4086 2309 2261 2224 2262 
4929 947 815 980 1248 5296 4900 5395 6199 
4930 5296 4900 5395 6199 5297 4901 5396 6200 
4931 5297 4901 5396 6200 5298 4902 5397 6201 
4932 5298 4902 5397 6201 2666 2534 2699 2967 
4933 507 1268 1134 1133 3976 6259 5857 5854 
4934 3976 6259 5857 5854 3977 6260 5858 5855 
4935 3977 6260 5858 5855 3978 6261 5859 5856 
4936 3978 6261 5859 5856 2226 2987 2853 2852 
4937 964 1475 550 1481 5347 6880 4105 6898 
4938 5347 6880 4105 6898 5348 6881 4106 6899 
4939 5348 6881 4106 6899 5349 6882 4107 6900 
4940 5349 6882 4107 6900 2683 3194 2269 3200 
4941 517 518 576 575 4006 4009 4183 4180 
4942 4006 4009 4183 4180 4007 4010 4184 4181 
4943 4007 4010 4184 4181 4008 4011 4185 4182 
4944 4008 4011 4185 4182 2236 2237 2295 2294 
4945 758 724 1256 845 4729 4627 6223 4990 
4946 4729 4627 6223 4990 4730 4628 6224 4991 
4947 4730 4628 6224 4991 4731 4629 6225 4992 
4948 4731 4629 6225 4992 2477 2443 2975 2564 
4949 929 1315 613 1330 5242 6400 4294 6445 
4950 5242 6400 4294 6445 5243 6401 4295 6446 
4951 5243 6401 4295 6446 5244 6402 4296 6447 
4952 5244 6402 4296 6447 2648 3034 2332 3049 
4953 706 630 1287 708 4573 4345 6316 4579 
4954 4573 4345 6316 4579 4574 4346 6317 4580 
4955 4574 4346 6317 4580 4575 4347 6318 4581 
4956 4575 4347 6318 4581 2425 2349 3006 2427 
4957 1208 590 640 660 6079 4225 4375 4435 
4958 6079 4225 4375 4435 6080 4226 4376 4436 
4959 6080 4226 4376 4436 6081 4227 4377 4437 
4960 6081 4227 4377 4437 2927 2309 2359 2379 
4961 801 802 945 931 4858 4861 5290 5248 
4962 4858 4861 5290 5248 4859 4862 5291 5249 
4963 4859 4862 5291 5249 4860 4863 5292 5250 
4964 4860 4863 5292 5250 2520 2521 2664 2650 
4965 414 412 411 413 3697 3691 3688 3694 
4966 3697 3691 3688 3694 3698 3692 3689 3695 
4967 3698 3692 3689 3695 3699 3693 3690 3696 
4968 3699 3693 3690 3696 2133 2131 2130 2132 
4969 509 508 479 496 3982 3979 3892 3943 
4970 3982 3979 3892 3943 3983 3980 3893 3944 
4971 3983 3980 3893 3944 3984 3981 3894 3945 
4972 3984 3981 3894 3945 2228 2227 2198 2215 
4973 834 822 796 821 4957 4921 4843 4918 
4974 4957 4921 4843 4918 4958 4922 4844 4919 
4975 4958 4922 4844 4919 4959 4923 4845 4920 
4976 4959 4923 4845 4920 2553 2541 2515 2540 
4977 576 1228 635 575 4183 6139 4360 4180 
4978 4183 6139 4360 4180 4184 6140 4361 4181 
4979 4184 6140 4361 4181 4185 6141 4362 4182 
4980 4185 6141 4362 4182 2295 2947 2354 2294 
4981 401 1081 1461 406 3658 5698 6838 3673 
4982 3658 5698 6838 3673 3659 5699 6839 3674 
4983 3659 5699 6839 3674 3660 5700 6840 3675 
4984 3660 5700 6840 3675 2120 2800 3180 2125 
4985 1278 769 1325 1221 6289 4762 6430 6118 
4986 6289 4762 6430 6118 6290 4763 6431 6119 
4987 6290 4763 6431 6119 6291 4764 6432 6120 
4988 6291 4764 6432 6120 2997 2488 3044 2940 
4989 534 535 544 532 4057 4060 4087 4051 
4990 4057 4060 4087 4051 4058 4061 4088 4052 
4991 4058 4061 4088 4052 4059 4062 4089 4053 
4992 4059 4062 4089 4053 2253 2254 2263 2251 
4993 865 1160 1363 1410 5050 5935 6544 6685 
4994 5050 5935 6544 6685 5051 5936 6545 6686 
4995 5051 5936 6545 6686 5052 5937 6546 6687 
4996 5052 5937 6546 6687 2584 2879 3082 3129 
4997 339 1201 132 133 3472 6058 1975 1978 
4998 3472 6058 1975 1978 3473 6059 1976 1979 
4999 3473 6059 1976 1979 3474 6060 1977 1980 
5000 3474 6060 1977 1980 2058 2920 265 266 
5001 1164 1287 589 587 5947 6316 4222 4216 
5002 5947 6316 4222 4216 5948 6317 4223 4217 
5003 5948 6317 4223 4217 5949 6318 4224 4218 
5004 5949 6318 4224 4218 2883 3006 2308 2306 
5005 497 498 518 517 3946 3949 4009 4006 
5006 3946 3949 4009 4006 3947 3950 4010 4007 
5007 3947 3950 4010 4007 3948 3951 4011 4008 
5008 3948 3951 4011 4008 2216 2217 2237 2236 
5009 870 817 1222 1082 5065 4906 6121 5701 
5010 5065 4906 6121 5701 5066 4907 6122 5702 
5011 5066 4907 6122 5702 5067 4908 6123 5703 
5012 5067 4908 6123 5703 2589 2536 2941 2801 
5013 765 764 848 847 4750 4747 4999 4996 
5014 4750 4747 4999 4996 4751 4748 5000 4997 
5015 4751 4748 5000 4997 4752 4749 5001 4998 
5016 4752 4749 5001 4998 2484 2483 2567 2566 
5017 622 623 1265 539 4321 4324 6250 4072 
5018 4321 4324 6250 4072 4322 4325 6251 4073 
5019 4322 4325 6251 4073 4323 4326 6252 4074 
5020 4323 4326 6252 4074 2341 2342 2984 2258 
5021 683 792 975 791 4504 4831 5380 4828 
5022 4504 4831 5380 4828 4505 4832 5381 4829 
5023 4505 4832 5381 4829 4506 4833 5382 4830 
5024 4506 4833 5382 4830 2402 2511 2694 2510 
5025 576 617 654 1228 4183 4306 4417 6139 
5026 4183 4306 4417 6139 4184 4307 4418 6140 
5027 4184 4307 4418 6140 4185 4308 4419 6141 
5028 4185 4308 4419 6141 2295 2336 2373 2947 
5029 962 829 787 789 5341 4942 4816 4822 
5030 5341 4942 4816 4822 5342 4943 4817 4823 
5031 5342 4943 4817 4823 5343 4944 4818 4824 
5032 5343 4944 4818 4824 2681 2548 2506 2508 
5033 604 562 559 558 4267 4141 4132 4129 
5034 4267 4141 4132 4129 4268 4142 4133 4130 
5035 4268 4142 4133 4130 4269 4143 4134 4131 
5036 4269 4143 4134 4131 2323 2281 2278 2277 
5037 798 1243 746 731 4849 6184 4693 4648 
5038 4849 6184 4693 4648 4850 6185 4694 4649 
5039 4850 6185 4694 4649 4851 6186 4695 4650 
5040 4851 6186 4695 4650 2517 2962 2465 2450 
5041 1024 438 432 451 5527 3769 3751 3808 
5042 5527 3769 3751 3808 5528 3770 3752 3809 
5043 5528 3770 3752 3809 5529 3771 3753 3810 
5044 5529 3771 3753 3810 2743 2157 2151 2170 
5045 303 19 20 1113 3364 1711 1714 5794 
5046 3364 1711 1714 5794 3365 1712 1715 5795 
5047 3365 1712 1715 5795 3366 1713 1716 5796 
5048 3366 1713 1716 5796 2022 177 178 2832 
5049 1222 817 766 765 6121 4906 4753 4750 
5050 6121 4906 4753 4750 6122 4907 4754 4751 
5051 6122 4907 4754 4751 6123 4908 4755 4752 
5052 6123 4908 4755 4752 2941 2536 2485 2484 
5053 1153 477 476 454 5914 3886 3883 3817 
5054 5914 3886 3883 3817 5915 3887 3884 3818 
5055 5915 3887 3884 3818 5916 3888 3885 3819 
5056 5916 3888 3885 3819 2872 2196 2195 2173 
5057 1092 425 439 442 5731 3730 3772 3781 
5058 5731 3730 3772 3781 5732 3731 3773 3782 
5059 5732 3731 3773 3782 5733 3732 3774 3783 
5060 5733 3732 3774 3783 2811 2144 2158 2161 
5061 1261 770 682 1253 6238 4765 4501 6214 
5062 6238 4765 4501 6214 6239 4766 4502 6215 
5063 6239 4766 4502 6215 6240 4767 4503 6216 
5064 6240 4767 4503 6216 2980 2489 2401 2972 
5065 657 683 791 656 4426 4504 4828 4423 
5066 4426 4504 4828 4423 4427 4505 4829 4424 
5067 4427 4505 4829 4424 4428 4506 4830 4425 
5068 4428 4506 4830 4425 2376 2402 2510 2375 
5069 541 520 519 540 4078 4015 4012 4075 
5070 4078 4015 4012 4075 4079 4016 4013 4076 
5071 4079 4016 4013 4076 4080 4017 4014 4077 
5072 4080 4017 4014 4077 2260 2239 2238 2259 
5073 398 399 401 400 3649 3652 3658 3655 
5074 3649 3652 3658 3655 3650 3653 3659 3656 
5075 3650 3653 3659 3656 3651 3654 3660 3657 
5076 3651 3654 3660 3657 2117 2118 2120 2119 
5077 380 381 383 382 3595 3598 3604 3601 
5078 3595 3598 3604 3601 3596 3599 3605 3602 
5079 3596 3599 3605 3602 3597 3600 3606 3603 
5080 3597 3600 3606 3603 2099 2100 2102 2101 
5081 378 379 381 380 3589 3592 3598 3595 
5082 3589 3592 3598 3595 3590 3593 3599 3596 
5083 3590 3593 3599 3596 3591 3594 3600 3597 
5084 3591 3594 3600 3597 2097 2098 2100 2099 
5085 764 763 762 667 4747 4744 4741 4456 
5086 4747 4744 4741 4456 4748 4745 4742 4457 
5087 4748 4745 4742 4457 4749 4746 4743 4458 
5088 4749 4746 4743 4458 2483 2482 2481 2386 
5089 847 848 901 900 4996 4999 5158 5155 
5090 4996 4999 5158 5155 4997 5000 5159 5156 
5091 4997 5000 5159 5156 4998 5001 5160 5157 
5092 4998 5001 5160 5157 2566 2567 2620 2619 
5093 1197 548 508 509 6046 4099 3979 3982 
5094 6046 4099 3979 3982 6047 4100 3980 3983 
5095 6047 4100 3980 3983 6048 4101 3981 3984 
5096 6048 4101 3981 3984 2916 2267 2227 2228 
5097 735 831 1307 830 4660 4948 6376 4945 
5098 4660 4948 6376 4945 4661 4949 6377 4946 
5099 4661 4949 6377 4946 4662 4950 6378 4947 
5100 4662 4950 6378 4947 2454 2550 3026 2549 
5101 666 580 1282 667 4453 4195 6301 4456 
5102 4453 4195 6301 4456 4454 4196 6302 4457 
5103 4454 4196 6302 4457 4455 4197 6303 4458 
5104 4455 4197 6303 4458 2385 2299 3001 2386 
5105 1147 686 850 851 5896 4513 5005 5008 
5106 5896 4513 5005 5008 5897 4514 5006 5009 
5107 5897 4514 5006 5009 5898 4515 5007 5010 
5108 5898 4515 5007 5010 2866 2405 2569 2570 
5109 890 1019 1020 798 5125 5512 5515 4849 
5110 5125 5512 5515 4849 5126 5513 5516 4850 
5111 5126 5513 5516 4850 5127 5514 5517 4851 
5112 5127 5514 5517 4851 2609 2738 2739 2517 
5113 1164 920 708 1287 5947 5215 4579 6316 
5114 5947 5215 4579 6316 5948 5216 4580 6317 
5115 5948 5216 4580 6317 5949 5217 4581 6318 
5116 5949 5217 4581 6318 2883 2639 2427 3006 
5117 1258 498 497 482 6229 3949 3946 3901 
5118 6229 3949 3946 3901 6230 3950 3947 3902 
5119 6230 3950 3947 3902 6231 3951 3948 3903 
5120 6231 3951 3948 3903 2977 2217 2216 2201 
5121 585 584 529 582 4210 4207 4042 4201 
5122 4210 4207 4042 4201 4211 4208 4043 4202 
5123 4211 4208 4043 4202 4212 4209 4044 4203 
5124 4212 4209 4044 4203 2304 2303 2248 2301 
5125 731 732 890 798 4648 4651 5125 4849 
5126 4648 4651 5125 4849 4649 4652 5126 4850 
5127 4649 4652 5126 4850 4650 4653 5127 4851 
5128 4650 4653 5127 4851 2450 2451 2609 2517 
5129 792 683 684 1260 4831 4504 4507 6235 
5130 4831 4504 4507 6235 4832 4505 4508 6236 
5131 4832 4505 4508 6236 4833 4506 4509 6237 
5132 4833 4506 4509 6237 2511 2402 2403 2979 
5133 1290 622 539 618 6325 4321 4072 4309 
5134 6325 4321 4072 4309 6326 4322 4073 4310 
5135 6326 4322 4073 4310 6327 4323 4074 4311 
5136 6327 4323 4074 4311 3009 2341 2258 2337 
5137 967 1162 974 970 5356 5941 5377 5365 
5138 5356 5941 5377 5365 5357 5942 5378 5366 
5139 5357 5942 5378 5366 5358 5943 5379 5367 
5140 5358 5943 5379 5367 2686 2881 2693 2689 
5141 482 471 709 1258 3901 3868 4582 6229 
5142 3901 3868 4582 6229 3902 3869 4583 6230 
5143 3902 3869 4583 6230 3903 3870 4584 6231 
5144 3903 3870 4584 6231 2201 2190 2428 2977 
5145 874 871 870 1229 5077 5068 5065 6142 
5146 5077 5068 5065 6142 5078 5069 5066 6143 
5147 5078 5069 5066 6143 5079 5070 5067 6144 
5148 5079 5070 5067 6144 2593 2590 2589 2948 
5149 587 586 584 585 4216 4213 4207 4210 
5150 4216 4213 4207 4210 4217 4214 4208 4211 
5151 4217 4214 4208 4211 4218 4215 4209 4212 
5152 4218 4215 4209 4212 2306 2305 2303 2304 
5153 746 684 693 731 4693 4507 4534 4648 
5154 4693 4507 4534 4648 4694 4508 4535 4649 
5155 4694 4508 4535 4649 4695 4509 4536 4650 
5156 4695 4509 4536 4650 2465 2403 2412 2450 
5157 589 588 586 587 4222 4219 4213 4216 
5158 4222 4219 4213 4216 4223 4220 4214 4217 
5159 4223 4220 4214 4217 4224 4221 4215 4218 
5160 4224 4221 4215 4218 2308 2307 2305 2306 
5161 681 682 770 636 4498 4501 4765 4363 
5162 4498 4501 4765 4363 4499 4502 4766 4364 
5163 4499 4502 4766 4364 4500 4503 4767 4365 
5164 4500 4503 4767 4365 2400 2401 2489 2355 
5165 1260 978 977 792 6235 5389 5386 4831 
5166 6235 5389 5386 4831 6236 5390 5387 4832 
5167 6236 5390 5387 4832 6237 5391 5388 4833 
5168 6237 5391 5388 4833 2979 2697 2696 2511 
5169 845 1014 1015 846 4990 5497 5500 4993 
5170 4990 5497 5500 4993 4991 5498 5501 4994 
5171 4991 5498 5501 4994 4992 5499 5502 4995 
5172 4992 5499 5502 4995 2564 2733 2734 2565 
5173 535 545 624 544 4060 4090 4327 4087 
5174 4060 4090 4327 4087 4061 4091 4328 4088 
5175 4061 4091 4328 4088 4062 4092 4329 4089 
5176 4062 4092 4329 4089 2254 2264 2343 2263 
5177 1082 1083 1229 870 5701 5704 6142 5065 
5178 5701 5704 6142 5065 5702 5705 6143 5066 
5179 5702 5705 6143 5066 5703 5706 6144 5067 
5180 5703 5706 6144 5067 2801 2802 2948 2589 
5181 768 767 866 811 4759 4756 5053 4888 
5182 4759 4756 5053 4888 4760 4757 5054 4889 
5183 4760 4757 5054 4889 4761 4758 5055 4890 
5184 4761 4758 5055 4890 2487 2486 2585 2530 
5185 1244 1260 684 746 6187 6235 4507 4693 
5186 6187 6235 4507 4693 6188 6236 4508 4694 
5187 6188 6236 4508 4694 6189 6237 4509 4695 
5188 6189 6237 4509 4695 2963 2979 2403 2465 
5189 1255 429 423 515 6220 3742 3724 4000 
5190 6220 3742 3724 4000 6221 3743 3725 4001 
5191 6221 3743 3725 4001 6222 3744 3726 4002 
5192 6222 3744 3726 4002 2974 2148 2142 2234 
5193 478 1295 918 761 3889 6340 5209 4738 
5194 3889 6340 5209 4738 3890 6341 5210 4739 
5195 3890 6341 5210 4739 3891 6342 5211 4740 
5196 3891 6342 5211 4740 2197 3014 2637 2480 
5197 606 605 588 589 4273 4270 4219 4222 
5198 4273 4270 4219 4222 4274 4271 4220 4223 
5199 4274 4271 4220 4223 4275 4272 4221 4224 
5200 4275 4272 4221 4224 2325 2324 2307 2308 
5201 1064 786 920 921 5647 4813 5215 5218 
5202 5647 4813 5215 5218 5648 4814 5216 5219 
5203 5648 4814 5216 5219 5649 4815 5217 5220 
5204 5649 4815 5217 5220 2783 2505 2639 2640 
5205 1243 1245 1244 746 6184 6190 6187 4693 
5206 6184 6190 6187 4693 6185 6191 6188 4694 
5207 6185 6191 6188 4694 6186 6192 6189 4695 
5208 6186 6192 6189 4695 2962 2964 2963 2465 
5209 747 730 677 729 4696 4645 4486 4642 
5210 4696 4645 4486 4642 4697 4646 4487 4643 
5211 4697 4646 4487 4643 4698 4647 4488 4644 
5212 4698 4647 4488 4644 2466 2449 2396 2448 
5213 798 1020 1340 1243 4849 5515 6475 6184 
5214 4849 5515 6475 6184 4850 5516 6476 6185 
5215 4850 5516 6476 6185 4851 5517 6477 6186 
5216 4851 5517 6477 6186 2517 2739 3059 2962 
5217 591 833 1252 1249 4228 4954 6211 6202 
5218 4228 4954 6211 6202 4229 4955 6212 6203 
5219 4229 4955 6212 6203 4230 4956 6213 6204 
5220 4230 4956 6213 6204 2310 2552 2971 2968 
5221 605 606 1256 724 4270 4273 6223 4627 
5222 4270 4273 6223 4627 4271 4274 6224 4628 
5223 4271 4274 6224 4628 4272 4275 6225 4629 
5224 4272 4275 6225 4629 2324 2325 2975 2443 
5225 1063 1062 839 990 5644 5641 4972 5425 
5226 5644 5641 4972 5425 5645 5642 4973 5426 
5227 5645 5642 4973 5426 5646 5643 4974 5427 
5228 5646 5643 4974 5427 2782 2781 2558 2709 
5229 1544 980 815 979 7087 5395 4900 5392 
5230 7087 5395 4900 5392 7088 5396 4901 5393 
5231 7088 5396 4901 5393 7089 5397 4902 5394 
5232 7089 5397 4902 5394 3263 2699 2534 2698 
5233 1053 1011 1009 1010 5614 5488 5482 5485 
5234 5614 5488 5482 5485 5615 5489 5483 5486 
5235 5615 5489 5483 5486 5616 5490 5484 5487 
5236 5616 5490 5484 5487 2772 2730 2728 2729 
5237 998 997 996 824 5449 5446 5443 4927 
5238 5449 5446 5443 4927 5450 5447 5444 4928 
5239 5450 5447 5444 4928 5451 5448 5445 4929 
5240 5451 5448 5445 4929 2717 2716 2715 2543 
5241 591 1249 1283 641 4228 6202 6304 4378 
5242 4228 6202 6304 4378 4229 6203 6305 4379 
5243 4229 6203 6305 4379 4230 6204 6306 4380 
5244 4230 6204 6306 4380 2310 2968 3002 2360 
5245 1486 1320 835 1046 6913 6415 4960 5593 
5246 6913 6415 4960 5593 6914 6416 4961 5594 
5247 6914 6416 4961 5594 6915 6417 4962 5595 
5248 6915 6417 4962 5595 3205 3039 2554 2765 
5249 502 842 1331 1212 3961 4981 6448 6091 
5250 3961 4981 6448 6091 3962 4982 6449 6092 
5251 3962 4982 6449 6092 3963 4983 6450 6093 
5252 3963 4983 6450 6093 2221 2561 3050 2931 
5253 970 969 968 967 5365 5362 5359 5356 
5254 5365 5362 5359 5356 5366 5363 5360 5357 
5255 5366 5363 5360 5357 5367 5364 5361 5358 
5256 5367 5364 5361 5358 2689 2688 2687 2686 
5257 729 677 671 676 4642 4486 4468 4483 
5258 4642 4486 4468 4483 4643 4487 4469 4484 
5259 4643 4487 4469 4484 4644 4488 4470 4485 
5260 4644 4488 4470 4485 2448 2396 2390 2395 
5261 1030 1402 1153 1255 5545 6661 5914 6220 
5262 5545 6661 5914 6220 5546 6662 5915 6221 
5263 5546 6662 5915 6221 5547 6663 5916 6222 
5264 5547 6663 5916 6222 2749 3121 2872 2974 
5265 683 657 693 684 4504 4426 4534 4507 
5266 4504 4426 4534 4507 4505 4427 4535 4508 
5267 4505 4427 4535 4508 4506 4428 4536 4509 
5268 4506 4428 4536 4509 2402 2376 2412 2403 
5269 701 993 889 1012 4558 5434 5122 5491 
5270 4558 5434 5122 5491 4559 5435 5123 5492 
5271 4559 5435 5123 5492 4560 5436 5124 5493 
5272 4560 5436 5124 5493 2420 2712 2608 2731 
5273 817 870 871 818 4906 5065 5068 4909 
5274 4906 5065 5068 4909 4907 5066 5069 4910 
5275 4907 5066 5069 4910 4908 5067 5070 4911 
5276 4908 5067 5070 4911 2536 2589 2590 2537 
5277 1205 1177 1525 1005 6070 5986 7030 5470 
5278 6070 5986 7030 5470 6071 5987 7031 5471 
5279 6071 5987 7031 5471 6072 5988 7032 5472 
5280 6072 5988 7032 5472 2924 2896 3244 2724 
5281 542 580 666 516 4081 4195 4453 4003 
5282 4081 4195 4453 4003 4082 4196 4454 4004 
5283 4082 4196 4454 4004 4083 4197 4455 4005 
5284 4083 4197 4455 4005 2261 2299 2385 2235 
5285 764 765 766 763 4747 4750 4753 4744 
5286 4747 4750 4753 4744 4748 4751 4754 4745 
5287 4748 4751 4754 4745 4749 4752 4755 4746 
5288 4749 4752 4755 4746 2483 2484 2485 2482 
5289 1006 875 873 874 5473 5080 5074 5077 
5290 5473 5080 5074 5077 5474 5081 5075 5078 
5291 5474 5081 5075 5078 5475 5082 5076 5079 
5292 5475 5082 5076 5079 2725 2594 2592 2593 
5293 74 75 347 1272 1876 1879 3496 6271 
5294 1876 1879 3496 6271 1877 1880 3497 6272 
5295 1877 1880 3497 6272 1878 1881 3498 6273 
5296 1878 1881 3498 6273 232 233 2066 2991 
5297 1080 321 104 105 5695 3418 1891 1894 
5298 5695 3418 1891 1894 5696 3419 1892 1895 
5299 5696 3419 1892 1895 5697 3420 1893 1896 
5300 5697 3420 1893 1896 2799 2040 237 238 
5301 73 74 1272 320 1873 1876 6271 3415 
5302 1873 1876 6271 3415 1874 1877 6272 3416 
5303 1874 1877 6272 3416 1875 1878 6273 3417 
5304 1875 1878 6273 3417 231 232 2991 2039 
5305 509 511 1267 1197 3982 3988 6256 6046 
5306 3982 3988 6256 6046 3983 3989 6257 6047 
5307 3983 3989 6257 6047 3984 3990 6258 6048 
5308 3984 3990 6258 6048 2228 2230 2986 2916 
5309 109 110 1274 331 1906 1909 6277 3448 
5310 1906 1909 6277 3448 1907 1910 6278 3449 
5311 1907 1910 6278 3449 1908 1911 6279 3450 
5312 1908 1911 6279 3450 242 243 2993 2050 
5313 69 333 1273 68 1861 3454 6274 1858 
5314 1861 3454 6274 1858 1862 3455 6275 1859 
5315 1862 3455 6275 1859 1863 3456 6276 1860 
5316 1863 3456 6276 1860 227 2052 2992 226 
5317 110 111 304 1274 1909 1912 3367 6277 
5318 1909 1912 3367 6277 1910 1913 3368 6278 
5319 1910 1913 3368 6278 1911 1914 3369 6279 
5320 1911 1914 3369 6279 243 244 2023 2993 
5321 68 1273 305 67 1858 6274 3370 1855 
5322 1858 6274 3370 1855 1859 6275 3371 1856 
5323 1859 6275 3371 1856 1860 6276 3372 1857 
5324 1860 6276 3372 1857 226 2992 2024 225 
5325 1102 1101 1058 1057 5761 5758 5629 5626 
5326 5761 5758 5629 5626 5762 5759 5630 5627 
5327 5762 5759 5630 5627 5763 5760 5631 5628 
5328 5763 5760 5631 5628 2821 2820 2777 2776 
5329 987 986 790 907 5416 5413 4825 5176 
5330 5416 5413 4825 5176 5417 5414 4826 5177 
5331 5417 5414 4826 5177 5418 5415 4827 5178 
5332 5418 5415 4827 5178 2706 2705 2509 2626 
5333 67 305 1275 66 1855 3370 6280 1852 
5334 1855 3370 6280 1852 1856 3371 6281 1853 
5335 1856 3371 6281 1853 1857 3372 6282 1854 
5336 1857 3372 6282 1854 225 2024 2994 224 
5337 66 1275 332 65 1852 6280 3451 1849 
5338 1852 6280 3451 1849 1853 6281 3452 1850 
5339 1853 6281 3452 1850 1854 6282 3453 1851 
5340 1854 6282 3453 1851 224 2994 2051 223 
5341 65 332 1277 64 1849 3451 6286 1846 
5342 1849 3451 6286 1846 1850 3452 6287 1847 
5343 1850 3452 6287 1847 1851 3453 6288 1848 
5344 1851 3453 6288 1848 223 2051 2996 222 
5345 1036 328 1484 1074 5563 3439 6907 5677 
5346 5563 3439 6907 5677 5564 3440 6908 5678 
5347 5564 3440 6908 5678 5565 3441 6909 5679 
5348 5565 3441 6909 5679 2755 2047 3203 2793 
5349 1054 293 1488 1055 5617 3334 6919 5620 
5350 5617 3334 6919 5620 5618 3335 6920 5621 
5351 5618 3335 6920 5621 5619 3336 6921 5622 
5352 5619 3336 6921 5622 2773 2012 3207 2774 
5353 64 1277 297 63 1846 6286 3346 1843 
5354 1846 6286 3346 1843 1847 6287 3347 1844 
5355 1847 6287 3347 1844 1848 6288 3348 1845 
5356 1848 6288 3348 1845 222 2996 2016 221 
5357 393 394 397 396 3634 3637 3646 3643 
5358 3634 3637 3646 3643 3635 3638 3647 3644 
5359 3635 3638 3647 3644 3636 3639 3648 3645 
5360 3636 3639 3648 3645 2112 2113 2116 2115 
5361 396 397 399 398 3643 3646 3652 3649 
5362 3643 3646 3652 3649 3644 3647 3653 3650 
5363 3644 3647 3653 3650 3645 3648 3654 3651 
5364 3645 3648 3654 3651 2115 2116 2118 2117 
5365 889 755 754 887 5122 4720 4717 5116 
5366 5122 4720 4717 5116 5123 4721 4718 5117 
5367 5123 4721 4718 5117 5124 4722 4719 5118 
5368 5124 4722 4719 5118 2608 2474 2473 2606 
5369 668 648 600 1195 4459 4399 4255 6040 
5370 4459 4399 4255 6040 4460 4400 4256 6041 
5371 4460 4400 4256 6041 4461 4401 4257 6042 
5372 4461 4401 4257 6042 2387 2367 2319 2914 
5373 77 1497 137 4 1612 6946 1990 277 
5374 1612 6946 1990 277 1613 6947 1991 278 
5375 1613 6947 1991 278 1614 6948 1992 279 
5376 1614 6948 1992 279 144 3216 276 6 
5377 115 116 1276 299 1924 1927 6283 3352 
5378 1924 1927 6283 3352 1925 1928 6284 3353 
5379 1925 1928 6284 3353 1926 1929 6285 3354 
5380 1926 1929 6285 3354 248 249 2995 2018 
5381 63 297 1279 62 1843 3346 6292 1840 
5382 1843 3346 6292 1840 1844 3347 6293 1841 
5383 1844 3347 6293 1841 1845 3348 6294 1842 
5384 1845 3348 6294 1842 221 2016 2998 220 
5385 376 377 379 378 3583 3586 3592 3589 
5386 3583 3586 3592 3589 3584 3587 3593 3590 
5387 3584 3587 3593 3590 3585 3588 3594 3591 
5388 3585 3588 3594 3591 2095 2096 2098 2097 
5389 558 557 554 556 4129 4126 4117 4123 
5390 4129 4126 4117 4123 4130 4127 4118 4124 
5391 4130 4127 4118 4124 4131 4128 4119 4125 
5392 4131 4128 4119 4125 2277 2276 2273 2275 
5393 1205 824 823 822 6070 4927 4924 4921 
5394 6070 4927 4924 4921 6071 4928 4925 4922 
5395 6071 4928 4925 4922 6072 4929 4926 4923 
5396 6072 4929 4926 4923 2924 2543 2542 2541 
5397 636 635 1281 681 4363 4360 6298 4498 
5398 4363 4360 6298 4498 4364 4361 6299 4499 
5399 4364 4361 6299 4499 4365 4362 6300 4500 
5400 4365 4362 6300 4500 2355 2354 3000 2400 
5401 374 1280 493 372 3577 6295 3934 3571 
5402 3577 6295 3934 3571 3578 6296 3935 3572 
5403 3578 6296 3935 3572 3579 6297 3936 3573 
5404 3579 6297 3936 3573 2093 2999 2212 2091 
5405 640 656 791 1269 4375 4423 4828 6262 
5406 4375 4423 4828 6262 4376 4424 4829 6263 
5407 4376 4424 4829 6263 4377 4425 4830 6264 
5408 4377 4425 4830 6264 2359 2375 2510 2988 
5409 1097 1096 1399 1098 5746 5743 6652 5749 
5410 5746 5743 6652 5749 5747 5744 6653 5750 
5411 5747 5744 6653 5750 5748 5745 6654 5751 
5412 5748 5745 6654 5751 2816 2815 3118 2817 
5413 975 976 1269 791 5380 5383 6262 4828 
5414 5380 5383 6262 4828 5381 5384 6263 4829 
5415 5381 5384 6263 4829 5382 5385 6264 4830 
5416 5382 5385 6264 4830 2694 2695 2988 2510 
5417 848 764 667 1282 4999 4747 4456 6301 
5418 4999 4747 4456 6301 5000 4748 4457 6302 
5419 5000 4748 4457 6302 5001 4749 4458 6303 
5420 5001 4749 4458 6303 2567 2483 2386 3001 
5421 755 720 710 754 4720 4615 4585 4717 
5422 4720 4615 4585 4717 4721 4616 4586 4718 
5423 4721 4616 4586 4718 4722 4617 4587 4719 
5424 4722 4617 4587 4719 2474 2439 2429 2473 
5425 700 647 388 699 4555 4396 3619 4552 
5426 4555 4396 3619 4552 4556 4397 3620 4553 
5427 4556 4397 3620 4553 4557 4398 3621 4554 
5428 4557 4398 3621 4554 2419 2366 2107 2418 
5429 1138 945 802 1119 5869 5290 4861 5812 
5430 5869 5290 4861 5812 5870 5291 4862 5813 
5431 5870 5291 4862 5813 5871 5292 4863 5814 
5432 5871 5292 4863 5814 2857 2664 2521 2838 
5433 116 117 334 1276 1927 1930 3457 6283 
5434 1927 1930 3457 6283 1928 1931 3458 6284 
5435 1928 1931 3458 6284 1929 1932 3459 6285 
5436 1929 1932 3459 6285 249 250 2053 2995 
5437 62 1279 336 61 1840 6292 3463 1837 
5438 1840 6292 3463 1837 1841 6293 3464 1838 
5439 1841 6293 3464 1838 1842 6294 3465 1839 
5440 1842 6294 3465 1839 220 2998 2055 219 
5441 826 825 752 804 4933 4930 4711 4867 
5442 4933 4930 4711 4867 4934 4931 4712 4868 
5443 4934 4931 4712 4868 4935 4932 4713 4869 
5444 4935 4932 4713 4869 2545 2544 2471 2523 
5445 1128 459 460 461 5839 3832 3835 3838 
5446 5839 3832 3835 3838 5840 3833 3836 3839 
5447 5840 3833 3836 3839 5841 3834 3837 3840 
5448 5841 3834 3837 3840 2847 2178 2179 2180 
5449 680 784 960 1290 4495 4807 5335 6325 
5450 4495 4807 5335 6325 4496 4808 5336 6326 
5451 4496 4808 5336 6326 4497 4809 5337 6327 
5452 4497 4809 5337 6327 2399 2503 2679 3009 
5453 676 733 1367 729 4483 4654 6556 4642 
5454 4483 4654 6556 4642 4484 4655 6557 4643 
5455 4484 4655 6557 4643 4485 4656 6558 4644 
5456 4485 4656 6558 4644 2395 2452 3086 2448 
5457 372 493 1293 370 3571 3934 6334 3565 
5458 3571 3934 6334 3565 3572 3935 6335 3566 
5459 3572 3935 6335 3566 3573 3936 6336 3567 
5460 3573 3936 6336 3567 2091 2212 3012 2089 
5461 364 525 1329 1114 3547 4030 6442 5797 
5462 3547 4030 6442 5797 3548 4031 6443 5798 
5463 3548 4031 6443 5798 3549 4032 6444 5799 
5464 3549 4032 6444 5799 2083 2244 3048 2833 
5465 584 1267 511 529 4207 6256 3988 4042 
5466 4207 6256 3988 4042 4208 6257 3989 4043 
5467 4208 6257 3989 4043 4209 6258 3990 4044 
5468 4209 6258 3990 4044 2303 2986 2230 2248 
5469 731 693 928 732 4648 4534 5239 4651 
5470 4648 4534 5239 4651 4649 4535 5240 4652 
5471 4649 4535 5240 4652 4650 4536 5241 4653 
5472 4650 4536 5241 4653 2450 2412 2647 2451 
5473 1293 368 369 370 6334 3559 3562 3565 
5474 6334 3559 3562 3565 6335 3560 3563 3566 
5475 6335 3560 3563 3566 6336 3561 3564 3567 
5476 6336 3561 3564 3567 3012 2087 2088 2089 
5477 1126 694 1402 1127 5833 4537 6661 5836 
5478 5833 4537 6661 5836 5834 4538 6662 5837 
5479 5834 4538 6662 5837 5835 4539 6663 5838 
5480 5835 4539 6663 5838 2845 2413 3121 2846 
5481 595 563 559 562 4240 4144 4132 4141 
5482 4240 4144 4132 4141 4241 4145 4133 4142 
5483 4241 4145 4133 4142 4242 4146 4134 4143 
5484 4242 4146 4134 4143 2314 2282 2278 2281 
5485 107 108 1288 313 1900 1903 6319 3394 
5486 1900 1903 6319 3394 1901 1904 6320 3395 
5487 1901 1904 6320 3395 1902 1905 6321 3396 
5488 1902 1905 6321 3396 240 241 3007 2032 
5489 1282 1130 901 848 6301 5845 5158 4999 
5490 6301 5845 5158 4999 6302 5846 5159 5000 
5491 6302 5846 5159 5000 6303 5847 5160 5001 
5492 6303 5847 5160 5001 3001 2849 2620 2567 
5493 1092 442 444 701 5731 3781 3787 4558 
5494 5731 3781 3787 4558 5732 3782 3788 4559 
5495 5732 3782 3788 4559 5733 3783 3789 4560 
5496 5733 3783 3789 4560 2811 2161 2163 2420 
5497 824 1205 1005 998 4927 6070 5470 5449 
5498 4927 6070 5470 5449 4928 6071 5471 5450 
5499 4928 6071 5471 5450 4929 6072 5472 5451 
5500 4929 6072 5472 5451 2543 2924 2724 2717 
5501 606 589 1287 630 4273 4222 6316 4345 
5502 4273 4222 6316 4345 4274 4223 6317 4346 
5503 4274 4223 6317 4346 4275 4224 6318 4347 
5504 4275 4224 6318 4347 2325 2308 3006 2349 
5505 502 552 551 527 3961 4111 4108 4036 
5506 3961 4111 4108 4036 3962 4112 4109 4037 
5507 3962 4112 4109 4037 3963 4113 4110 4038 
5508 3963 4113 4110 4038 2221 2271 2270 2246 
5509 545 535 1223 546 4090 4060 6124 4093 
5510 4090 4060 6124 4093 4091 4061 6125 4094 
5511 4091 4061 6125 4094 4092 4062 6126 4095 
5512 4092 4062 6126 4095 2264 2254 2942 2265 
5513 650 735 830 734 4405 4660 4945 4657 
5514 4405 4660 4945 4657 4406 4661 4946 4658 
5515 4406 4661 4946 4658 4407 4662 4947 4659 
5516 4407 4662 4947 4659 2369 2454 2549 2453 
5517 450 502 527 501 3805 3961 4036 3958 
5518 3805 3961 4036 3958 3806 3962 4037 3959 
5519 3806 3962 4037 3959 3807 3963 4038 3960 
5520 3807 3963 4038 3960 2169 2221 2246 2220 
5521 1193 1289 528 510 6034 6322 4039 3985 
5522 6034 6322 4039 3985 6035 6323 4040 3986 
5523 6035 6323 4040 3986 6036 6324 4041 3987 
5524 6036 6324 4041 3987 2912 3008 2247 2229 
5525 656 641 1283 657 4423 4378 6304 4426 
5526 4423 4378 6304 4426 4424 4379 6305 4427 
5527 4424 4379 6305 4427 4425 4380 6306 4428 
5528 4425 4380 6306 4428 2375 2360 3002 2376 
5529 21 326 1113 20 1717 3433 5794 1714 
5530 1717 3433 5794 1714 1718 3434 5795 1715 
5531 1718 3434 5795 1715 1719 3435 5796 1716 
5532 1719 3435 5796 1716 179 2045 2832 178 
5533 720 700 699 710 4615 4555 4552 4585 
5534 4615 4555 4552 4585 4616 4556 4553 4586 
5535 4616 4556 4553 4586 4617 4557 4554 4587 
5536 4617 4557 4554 4587 2439 2419 2418 2429 
5537 1362 1337 1348 1170 6541 6466 6499 5965 
5538 6541 6466 6499 5965 6542 6467 6500 5966 
5539 6542 6467 6500 5966 6543 6468 6501 5967 
5540 6543 6468 6501 5967 3081 3056 3067 2889 
5541 890 732 928 1270 5125 4651 5239 6265 
5542 5125 4651 5239 6265 5126 4652 5240 6266 
5543 5126 4652 5240 6266 5127 4653 5241 6267 
5544 5127 4653 5241 6267 2609 2451 2647 2989 
5545 331 1288 108 109 3448 6319 1903 1906 
5546 3448 6319 1903 1906 3449 6320 1904 1907 
5547 3449 6320 1904 1907 3450 6321 1905 1908 
5548 3450 6321 1905 1908 2050 3007 241 242 
5549 844 843 825 826 4987 4984 4930 4933 
5550 4987 4984 4930 4933 4988 4985 4931 4934 
5551 4988 4985 4931 4934 4989 4986 4932 4935 
5552 4989 4986 4932 4935 2563 2562 2544 2545 
5553 745 852 1029 853 4690 5011 5542 5014 
5554 4690 5011 5542 5014 4691 5012 5543 5015 
5555 4691 5012 5543 5015 4692 5013 5544 5016 
5556 4692 5013 5544 5016 2464 2571 2748 2572 
5557 785 708 920 786 4810 4579 5215 4813 
5558 4810 4579 5215 4813 4811 4580 5216 4814 
5559 4811 4580 5216 4814 4812 4581 5217 4815 
5560 4812 4581 5217 4815 2504 2427 2639 2505 
5561 445 1250 452 447 3790 6205 3811 3796 
5562 3790 6205 3811 3796 3791 6206 3812 3797 
5563 3791 6206 3812 3797 3792 6207 3813 3798 
5564 3792 6207 3813 3798 2164 2969 2171 2166 
5565 617 576 518 616 4306 4183 4009 4303 
5566 4306 4183 4009 4303 4307 4184 4010 4304 
5567 4307 4184 4010 4304 4308 4185 4011 4305 
5568 4308 4185 4011 4305 2336 2295 2237 2335 
5569 487 1264 543 505 3916 6247 4084 3970 
5570 3916 6247 4084 3970 3917 6248 4085 3971 
5571 3917 6248 4085 3971 3918 6249 4086 3972 
5572 3918 6249 4086 3972 2206 2983 2262 2224 
5573 789 787 778 777 4822 4816 4789 4786 
5574 4822 4816 4789 4786 4823 4817 4790 4787 
5575 4823 4817 4790 4787 4824 4818 4791 4788 
5576 4824 4818 4791 4788 2508 2506 2497 2496 
5577 504 503 488 489 3967 3964 3919 3922 
5578 3967 3964 3919 3922 3968 3965 3920 3923 
5579 3968 3965 3920 3923 3969 3966 3921 3924 
5580 3969 3966 3921 3924 2223 2222 2207 2208 
5581 525 364 365 366 4030 3547 3550 3553 
5582 4030 3547 3550 3553 4031 3548 3551 3554 
5583 4031 3548 3551 3554 4032 3549 3552 3555 
5584 4032 3549 3552 3555 2244 2083 2084 2085 
5585 453 472 484 1278 3814 3871 3907 6289 
5586 3814 3871 3907 6289 3815 3872 3908 6290 
5587 3815 3872 3908 6290 3816 3873 3909 6291 
5588 3816 3873 3909 6291 2172 2191 2203 2997 
5589 776 772 771 548 4783 4771 4768 4099 
5590 4783 4771 4768 4099 4784 4772 4769 4100 
5591 4784 4772 4769 4100 4785 4773 4770 4101 
5592 4785 4773 4770 4101 2495 2491 2490 2267 
5593 874 873 872 871 5077 5074 5071 5068 
5594 5077 5074 5071 5068 5078 5075 5072 5069 
5595 5078 5075 5072 5069 5079 5076 5073 5070 
5596 5079 5076 5073 5070 2593 2592 2591 2590 
5597 1289 799 645 583 6322 4852 4390 4204 
5598 6322 4852 4390 4204 6323 4853 4391 4205 
5599 6323 4853 4391 4205 6324 4854 4392 4206 
5600 6324 4854 4392 4206 3008 2518 2364 2302 
5601 713 860 942 941 4594 5035 5281 5278 
5602 4594 5035 5281 5278 4595 5036 5282 5279 
5603 4595 5036 5282 5279 4596 5037 5283 5280 
5604 4596 5037 5283 5280 2432 2579 2661 2660 
5605 494 769 1278 484 3937 4762 6289 3907 
5606 3937 4762 6289 3907 3938 4763 6290 3908 
5607 3938 4763 6290 3908 3939 4764 6291 3909 
5608 3939 4764 6291 3909 2213 2488 2997 2203 
5609 743 744 852 745 4684 4687 5011 4690 
5610 4684 4687 5011 4690 4685 4688 5012 4691 
5611 4685 4688 5012 4691 4686 4689 5013 4692 
5612 4686 4689 5013 4692 2462 2463 2571 2464 
5613 801 681 1281 802 4858 4498 6298 4861 
5614 4858 4498 6298 4861 4859 4499 6299 4862 
5615 4859 4499 6299 4862 4860 4500 6300 4863 
5616 4860 4500 6300 4863 2520 2400 3000 2521 
5617 582 581 644 1297 4201 4198 4387 6346 
5618 4201 4198 4387 6346 4202 4199 4388 6347 
5619 4202 4199 4388 6347 4203 4200 4389 6348 
5620 4203 4200 4389 6348 2301 2300 2363 3016 
5621 591 543 1264 833 4228 4084 6247 4954 
5622 4228 4084 6247 4954 4229 4085 6248 4955 
5623 4229 4085 6248 4955 4230 4086 6249 4956 
5624 4230 4086 6249 4956 2310 2262 2983 2552 
5625 795 750 749 748 4840 4705 4702 4699 
5626 4840 4705 4702 4699 4841 4706 4703 4700 
5627 4841 4706 4703 4700 4842 4707 4704 4701 
5628 4842 4707 4704 4701 2514 2469 2468 2467 
5629 1171 810 809 808 5968 4885 4882 4879 
5630 5968 4885 4882 4879 5969 4886 4883 4880 
5631 5969 4886 4883 4880 5970 4887 4884 4881 
5632 5970 4887 4884 4881 2890 2529 2528 2527 
5633 459 1295 478 458 3832 6340 3889 3829 
5634 3832 6340 3889 3829 3833 6341 3890 3830 
5635 3833 6341 3890 3830 3834 6342 3891 3831 
5636 3834 6342 3891 3831 2178 3014 2197 2177 
5637 657 1283 928 693 4426 6304 5239 4534 
5638 4426 6304 5239 4534 4427 6305 5240 4535 
5639 4427 6305 5240 4535 4428 6306 5241 4536 
5640 4428 6306 5241 4536 2376 3002 2647 2412 
5641 1131 1132 1476 940 5848 5851 6883 5275 
5642 5848 5851 6883 5275 5849 5852 6884 5276 
5643 5849 5852 6884 5276 5850 5853 6885 5277 
5644 5850 5853 6885 5277 2850 2851 3195 2659 
5645 95 1158 307 94 1666 5929 3376 1663 
5646 1666 5929 3376 1663 1667 5930 3377 1664 
5647 1667 5930 3377 1664 1668 5931 3378 1665 
5648 1668 5931 3378 1665 162 2877 2026 161 
5649 769 494 516 1294 4762 3937 4003 6337 
5650 4762 3937 4003 6337 4763 3938 4004 6338 
5651 4763 3938 4004 6338 4764 3939 4005 6339 
5652 4764 3939 4005 6339 2488 2213 2235 3013 
5653 1010 1009 1008 1007 5485 5482 5479 5476 
5654 5485 5482 5479 5476 5486 5483 5480 5477 
5655 5486 5483 5480 5477 5487 5484 5481 5478 
5656 5487 5484 5481 5478 2729 2728 2727 2726 
5657 471 452 1250 709 3868 3811 6205 4582 
5658 3868 3811 6205 4582 3869 3812 6206 4583 
5659 3869 3812 6206 4583 3870 3813 6207 4584 
5660 3870 3813 6207 4584 2190 2171 2969 2428 
5661 1242 492 569 951 6181 3931 4162 5308 
5662 6181 3931 4162 5308 6182 3932 4163 5309 
5663 6182 3932 4163 5309 6183 3933 4164 5310 
5664 6183 3933 4164 5310 2961 2211 2288 2670 
5665 741 742 744 743 4678 4681 4687 4684 
5666 4678 4681 4687 4684 4679 4682 4688 4685 
5667 4679 4682 4688 4685 4680 4683 4689 4686 
5668 4680 4683 4689 4686 2460 2461 2463 2462 
5669 849 1321 1501 1172 5002 6418 6958 5971 
5670 5002 6418 6958 5971 5003 6419 6959 5972 
5671 5003 6419 6959 5972 5004 6420 6960 5973 
5672 5004 6420 6960 5973 2568 3040 3220 2891 
5673 1178 1119 802 1281 5989 5812 4861 6298 
5674 5989 5812 4861 6298 5990 5813 4862 6299 
5675 5990 5813 4862 6299 5991 5814 4863 6300 
5676 5991 5814 4863 6300 2897 2838 2521 3000 
5677 354 356 643 1292 3517 3523 4384 6331 
5678 3517 3523 4384 6331 3518 3524 4385 6332 
5679 3518 3524 4385 6332 3519 3525 4386 6333 
5680 3519 3525 4386 6333 2073 2075 2362 3011 
5681 551 552 1310 619 4108 4111 6385 4312 
5682 4108 4111 6385 4312 4109 4112 6386 4313 
5683 4109 4112 6386 4313 4110 4113 6387 4314 
5684 4110 4113 6387 4314 2270 2271 3029 2338 
5685 1047 55 56 338 5596 1819 1822 3469 
5686 5596 1819 1822 3469 5597 1820 1823 3470 
5687 5597 1820 1823 3470 5598 1821 1824 3471 
5688 5598 1821 1824 3471 2766 213 214 2057 
5689 740 674 742 741 4675 4477 4681 4678 
5690 4675 4477 4681 4678 4676 4478 4682 4679 
5691 4676 4478 4682 4679 4677 4479 4683 4680 
5692 4677 4479 4683 4680 2459 2393 2461 2460 
5693 1088 903 761 918 5719 5164 4738 5209 
5694 5719 5164 4738 5209 5720 5165 4739 5210 
5695 5720 5165 4739 5210 5721 5166 4740 5211 
5696 5721 5166 4740 5211 2807 2622 2480 2637 
5697 1558 1217 829 1216 7129 6106 4942 6103 
5698 7129 6106 4942 6103 7130 6107 4943 6104 
5699 7130 6107 4943 6104 7131 6108 4944 6105 
5700 7131 6108 4944 6105 3277 2936 2548 2935 
5701 667 762 854 666 4456 4741 5017 4453 
5702 4456 4741 5017 4453 4457 4742 5018 4454 
5703 4457 4742 5018 4454 4458 4743 5019 4455 
5704 4458 4743 5019 4455 2386 2481 2573 2385 
5705 374 375 377 376 3577 3580 3586 3583 
5706 3577 3580 3586 3583 3578 3581 3587 3584 
5707 3578 3581 3587 3584 3579 3582 3588 3585 
5708 3579 3582 3588 3585 2093 2094 2096 2095 
5709 1179 887 888 1026 5992 5116 5119 5533 
5710 5992 5116 5119 5533 5993 5117 5120 5534 
5711 5993 5117 5120 5534 5994 5118 5121 5535 
5712 5994 5118 5121 5535 2898 2606 2607 2745 
5713 516 666 854 1294 4003 4453 5017 6337 
5714 4003 4453 5017 6337 4004 4454 5018 6338 
5715 4004 4454 5018 6338 4005 4455 5019 6339 
5716 4005 4455 5019 6339 2235 2385 2573 3013 
5717 1114 362 363 364 5797 3541 3544 3547 
5718 5797 3541 3544 3547 5798 3542 3545 3548 
5719 5798 3542 3545 3548 5799 3543 3546 3549 
5720 5799 3543 3546 3549 2833 2081 2082 2083 
5721 412 409 410 411 3691 3682 3685 3688 
5722 3691 3682 3685 3688 3692 3683 3686 3689 
5723 3692 3683 3686 3689 3693 3684 3687 3690 
5724 3693 3684 3687 3690 2131 2128 2129 2130 
5725 372 373 375 374 3571 3574 3580 3577 
5726 3571 3574 3580 3577 3572 3575 3581 3578 
5727 3572 3575 3581 3578 3573 3576 3582 3579 
5728 3573 3576 3582 3579 2091 2092 2094 2093 
5729 1006 1007 1008 875 5473 5476 5479 5080 
5730 5473 5476 5479 5080 5474 5477 5480 5081 
5731 5474 5477 5480 5081 5475 5478 5481 5082 
5732 5475 5478 5481 5082 2725 2726 2727 2594 
5733 1131 737 736 639 5848 4666 4663 4372 
5734 5848 4666 4663 4372 5849 4667 4664 4373 
5735 5849 4667 4664 4373 5850 4668 4665 4374 
5736 5850 4668 4665 4374 2850 2456 2455 2358 
5737 555 561 1370 556 4120 4138 6565 4123 
5738 4120 4138 6565 4123 4121 4139 6566 4124 
5739 4121 4139 6566 4124 4122 4140 6567 4125 
5740 4122 4140 6567 4125 2274 2280 3089 2275 
5741 1506 1271 1571 1234 6973 6268 7168 6157 
5742 6973 6268 7168 6157 6974 6269 7169 6158 
5743 6974 6269 7169 6158 6975 6270 7170 6159 
5744 6975 6270 7170 6159 3225 2990 3290 2953 
5745 599 598 597 596 4252 4249 4246 4243 
5746 4252 4249 4246 4243 4253 4250 4247 4244 
5747 4253 4250 4247 4244 4254 4251 4248 4245 
5748 4254 4251 4248 4245 2318 2317 2316 2315 
5749 370 371 373 372 3565 3568 3574 3571 
5750 3565 3568 3574 3571 3566 3569 3575 3572 
5751 3566 3569 3575 3572 3567 3570 3576 3573 
5752 3567 3570 3576 3573 2089 2090 2092 2091 
5753 1428 1099 306 1451 6739 5752 3373 6808 
5754 6739 5752 3373 6808 6740 5753 3374 6809 
5755 6740 5753 3374 6809 6741 5754 3375 6810 
5756 6741 5754 3375 6810 3147 2818 2025 3170 
5757 762 905 1100 854 4741 5170 5755 5017 
5758 4741 5170 5755 5017 4742 5171 5756 5018 
5759 4742 5171 5756 5018 4743 5172 5757 5019 
5760 4743 5172 5757 5019 2481 2624 2819 2573 
5761 553 554 1310 552 4114 4117 6385 4111 
5762 4114 4117 6385 4111 4115 4118 6386 4112 
5763 4115 4118 6386 4112 4116 4119 6387 4113 
5764 4116 4119 6387 4113 2272 2273 3029 2271 
5765 965 954 895 899 5350 5317 5140 5152 
5766 5350 5317 5140 5152 5351 5318 5141 5153 
5767 5351 5318 5141 5153 5352 5319 5142 5154 
5768 5352 5319 5142 5154 2684 2673 2614 2618 
5769 633 634 1301 608 4354 4357 6358 4279 
5770 4354 4357 6358 4279 4355 4358 6359 4280 
5771 4355 4358 6359 4280 4356 4359 6360 4281 
5772 4356 4359 6360 4281 2352 2353 3020 2327 
5773 96 1187 1158 95 1669 6016 5929 1666 
5774 1669 6016 5929 1666 1670 6017 5930 1667 
5775 1670 6017 5930 1667 1671 6018 5931 1668 
5776 1671 6018 5931 1668 163 2906 2877 162 
5777 617 616 855 620 4306 4303 5020 4315 
5778 4306 4303 5020 4315 4307 4304 5021 4316 
5779 4307 4304 5021 4316 4308 4305 5022 4317 
5780 4308 4305 5022 4317 2336 2335 2574 2339 
5781 1258 1308 518 498 6229 6379 4009 3949 
5782 6229 6379 4009 3949 6230 6380 4010 3950 
5783 6230 6380 4010 3950 6231 6381 4011 3951 
5784 6231 6381 4011 3951 2977 3027 2237 2217 
5785 835 1320 726 727 4960 6415 4633 4636 
5786 4960 6415 4633 4636 4961 6416 4634 4637 
5787 4961 6416 4634 4637 4962 6417 4635 4638 
5788 4962 6417 4635 4638 2554 3039 2445 2446 
5789 1072 1386 400 416 5671 6613 3655 3703 
5790 5671 6613 3655 3703 5672 6614 3656 3704 
5791 5672 6614 3656 3704 5673 6615 3657 3705 
5792 5673 6615 3657 3705 2791 3105 2119 2135 
5793 1480 333 1467 1236 6895 3454 6856 6163 
5794 6895 3454 6856 6163 6896 3455 6857 6164 
5795 6896 3455 6857 6164 6897 3456 6858 6165 
5796 6897 3456 6858 6165 3199 2052 3186 2955 
5797 1329 823 824 996 6442 4924 4927 5443 
5798 6442 4924 4927 5443 6443 4925 4928 5444 
5799 6443 4925 4928 5444 6444 4926 4929 5445 
5800 6444 4926 4929 5445 3048 2542 2543 2715 
5801 1262 383 384 385 6241 3604 3607 3610 
5802 6241 3604 3607 3610 6242 3605 3608 3611 
5803 6242 3605 3608 3611 6243 3606 3609 3612 
5804 6243 3606 3609 3612 2981 2102 2103 2104 
5805 1201 302 131 132 6058 3361 1972 1975 
5806 6058 3361 1972 1975 6059 3362 1973 1976 
5807 6059 3362 1973 1976 6060 3363 1974 1977 
5808 6060 3363 1974 1977 2920 2021 264 265 
5809 728 726 1320 881 4639 4633 6415 5098 
5810 4639 4633 6415 5098 4640 4634 6416 5099 
5811 4640 4634 6416 5099 4641 4635 6417 5100 
5812 4641 4635 6417 5100 2447 2445 3039 2600 
5813 776 777 778 772 4783 4786 4789 4771 
5814 4783 4786 4789 4771 4784 4787 4790 4772 
5815 4784 4787 4790 4772 4785 4788 4791 4773 
5816 4785 4788 4791 4773 2495 2496 2497 2491 
5817 508 1318 475 479 3979 6409 3880 3892 
5818 3979 6409 3880 3892 3980 6410 3881 3893 
5819 3980 6410 3881 3893 3981 6411 3882 3894 
5820 3981 6411 3882 3894 2227 3037 2194 2198 
5821 558 559 862 557 4129 4132 5041 4126 
5822 4129 4132 5041 4126 4130 4133 5042 4127 
5823 4130 4133 5042 4127 4131 4134 5043 4128 
5824 4131 4134 5043 4128 2277 2278 2581 2276 
5825 747 748 749 730 4696 4699 4702 4645 
5826 4696 4699 4702 4645 4697 4700 4703 4646 
5827 4697 4700 4703 4646 4698 4701 4704 4647 
5828 4698 4701 4704 4647 2466 2467 2468 2449 
5829 1291 893 661 892 6328 5134 4438 5131 
5830 6328 5134 4438 5131 6329 5135 4439 5132 
5831 6329 5135 4439 5132 6330 5136 4440 5133 
5832 6330 5136 4440 5133 3010 2612 2380 2611 
5833 1339 570 568 794 6472 4165 4159 4837 
5834 6472 4165 4159 4837 6473 4166 4160 4838 
5835 6473 4166 4160 4838 6474 4167 4161 4839 
5836 6474 4167 4161 4839 3058 2289 2287 2513 
5837 1318 508 548 771 6409 3979 4099 4768 
5838 6409 3979 4099 4768 6410 3980 4100 4769 
5839 6410 3980 4100 4769 6411 3981 4101 4770 
5840 6411 3981 4101 4770 3037 2227 2267 2490 
5841 458 441 460 459 3829 3778 3835 3832 
5842 3829 3778 3835 3832 3830 3779 3836 3833 
5843 3830 3779 3836 3833 3831 3780 3837 3834 
5844 3831 3780 3837 3834 2177 2160 2179 2178 
5845 758 1532 861 724 4729 7051 5038 4627 
5846 4729 7051 5038 4627 4730 7052 5039 4628 
5847 4730 7052 5039 4628 4731 7053 5040 4629 
5848 4731 7053 5040 4629 2477 3251 2580 2443 
5849 383 1262 699 388 3604 6241 4552 3619 
5850 3604 6241 4552 3619 3605 6242 4553 3620 
5851 3605 6242 4553 3620 3606 6243 4554 3621 
5852 3606 6243 4554 3621 2102 2981 2418 2107 
5853 610 609 565 566 4285 4282 4150 4153 
5854 4285 4282 4150 4153 4286 4283 4151 4154 
5855 4286 4283 4151 4154 4287 4284 4152 4155 
5856 4287 4284 4152 4155 2329 2328 2284 2285 
5857 554 557 862 1310 4117 4126 5041 6385 
5858 4117 4126 5041 6385 4118 4127 5042 6386 
5859 4118 4127 5042 6386 4119 4128 5043 6387 
5860 4119 4128 5043 6387 2273 2276 2581 3029 
5861 368 366 365 367 3559 3553 3550 3556 
5862 3559 3553 3550 3556 3560 3554 3551 3557 
5863 3560 3554 3551 3557 3561 3555 3552 3558 
5864 3561 3555 3552 3558 2087 2085 2084 2086 
5865 668 669 670 648 4459 4462 4465 4399 
5866 4459 4462 4465 4399 4460 4463 4466 4400 
5867 4460 4463 4466 4400 4461 4464 4467 4401 
5868 4461 4464 4467 4401 2387 2388 2389 2367 
5869 856 385 386 387 5023 3610 3613 3616 
5870 5023 3610 3613 3616 5024 3611 3614 3617 
5871 5024 3611 3614 3617 5025 3612 3615 3618 
5872 5025 3612 3615 3618 2575 2104 2105 2106 
5873 98 99 1407 324 1675 1678 6676 3427 
5874 1675 1678 6676 3427 1676 1679 6677 3428 
5875 1676 1679 6677 3428 1677 1680 6678 3429 
5876 1677 1680 6678 3429 165 166 3126 2043 
5877 1099 1436 1312 306 5752 6763 6391 3373 
5878 5752 6763 6391 3373 5753 6764 6392 3374 
5879 5753 6764 6392 3374 5754 6765 6393 3375 
5880 5754 6765 6393 3375 2818 3155 3031 2025 
5881 862 1316 714 1343 5041 6403 4597 6484 
5882 5041 6403 4597 6484 5042 6404 4598 6485 
5883 5042 6404 4598 6485 5043 6405 4599 6486 
5884 5043 6405 4599 6486 2581 3035 2433 3062 
5885 938 1136 1537 1111 5269 5863 7066 5788 
5886 5269 5863 7066 5788 5270 5864 7067 5789 
5887 5270 5864 7067 5789 5271 5865 7068 5790 
5888 5271 5865 7068 5790 2657 2855 3256 2830 
5889 845 846 1302 758 4990 4993 6361 4729 
5890 4990 4993 6361 4729 4991 4994 6362 4730 
5891 4991 4994 6362 4730 4992 4995 6363 4731 
5892 4992 4995 6363 4731 2564 2565 3021 2477 
5893 812 1052 1079 904 4891 5611 5692 5167 
5894 4891 5611 5692 5167 4892 5612 5693 5168 
5895 4892 5612 5693 5168 4893 5613 5694 5169 
5896 4893 5613 5694 5169 2531 2771 2798 2623 
5897 522 523 538 524 4021 4024 4069 4027 
5898 4021 4024 4069 4027 4022 4025 4070 4028 
5899 4022 4025 4070 4028 4023 4026 4071 4029 
5900 4023 4026 4071 4029 2241 2242 2257 2243 
5901 513 1143 1445 1144 3994 5884 6790 5887 
5902 3994 5884 6790 5887 3995 5885 6791 5888 
5903 3995 5885 6791 5888 3996 5886 6792 5889 
5904 3996 5886 6792 5889 2232 2862 3164 2863 
5905 1072 1026 888 1027 5671 5533 5119 5536 
5906 5671 5533 5119 5536 5672 5534 5120 5537 
5907 5672 5534 5120 5537 5673 5535 5121 5538 
5908 5673 5535 5121 5538 2791 2745 2607 2746 
5909 669 671 705 670 4462 4468 4570 4465 
5910 4462 4468 4570 4465 4463 4469 4571 4466 
5911 4463 4469 4571 4466 4464 4470 4572 4467 
5912 4464 4470 4572 4467 2388 2390 2424 2389 
5913 1325 1331 842 1221 6430 6448 4981 6118 
5914 6430 6448 4981 6118 6431 6449 4982 6119 
5915 6431 6449 4982 6119 6432 6450 4983 6120 
5916 6432 6450 4983 6120 3044 3050 2561 2940 
5917 524 538 618 539 4027 4069 4309 4072 
5918 4027 4069 4309 4072 4028 4070 4310 4073 
5919 4028 4070 4310 4073 4029 4071 4311 4074 
5920 4029 4071 4311 4074 2243 2257 2337 2258 
5921 813 705 1286 864 4894 4570 6313 5047 
5922 4894 4570 6313 5047 4895 4571 6314 5048 
5923 4895 4571 6314 5048 4896 4572 6315 5049 
5924 4896 4572 6315 5049 2532 2424 3005 2583 
5925 677 1286 705 671 4486 6313 4570 4468 
5926 4486 6313 4570 4468 4487 6314 4571 4469 
5927 4487 6314 4571 4469 4488 6315 4572 4470 
5928 4488 6315 4572 4470 2396 3005 2424 2390 
5929 1524 968 969 973 7027 5359 5362 5374 
5930 7027 5359 5362 5374 7028 5360 5363 5375 
5931 7028 5360 5363 5375 7029 5361 5364 5376 
5932 7029 5361 5364 5376 3243 2687 2688 2692 
5933 691 692 1301 634 4528 4531 6358 4357 
5934 4528 4531 6358 4357 4529 4532 6359 4358 
5935 4529 4532 6359 4358 4530 4533 6360 4359 
5936 4530 4533 6360 4359 2410 2411 3020 2353 
5937 518 1308 855 616 4009 6379 5020 4303 
5938 4009 6379 5020 4303 4010 6380 5021 4304 
5939 4010 6380 5021 4304 4011 6381 5022 4305 
5940 4011 6381 5022 4305 2237 3027 2574 2335 
5941 532 544 929 1330 4051 4087 5242 6445 
5942 4051 4087 5242 6445 4052 4088 5243 6446 
5943 4052 4088 5243 6446 4053 4089 5244 6447 
5944 4053 4089 5244 6447 2251 2263 2648 3049 
5945 829 1299 788 787 4942 6352 4819 4816 
5946 4942 6352 4819 4816 4943 6353 4820 4817 
5947 4943 6353 4820 4817 4944 6354 4821 4818 
5948 4944 6354 4821 4818 2548 3018 2507 2506 
5949 1267 584 586 1304 6256 4207 4213 6367 
5950 6256 4207 4213 6367 6257 4208 4214 6368 
5951 6257 4208 4214 6368 6258 4209 4215 6369 
5952 6258 4209 4215 6369 2986 2303 2305 3023 
5953 1183 1104 295 1338 6004 5767 3340 6469 
5954 6004 5767 3340 6469 6005 5768 3341 6470 
5955 6005 5768 3341 6470 6006 5769 3342 6471 
5956 6006 5769 3342 6471 2902 2823 2014 3057 
5957 905 762 763 1349 5170 4741 4744 6502 
5958 5170 4741 4744 6502 5171 4742 4745 6503 
5959 5171 4742 4745 6503 5172 4743 4746 6504 
5960 5172 4743 4746 6504 2624 2481 2482 3068 
5961 958 959 1284 774 5329 5332 6307 4777 
5962 5329 5332 6307 4777 5330 5333 6308 4778 
5963 5330 5333 6308 4778 5331 5334 6309 4779 
5964 5331 5334 6309 4779 2677 2678 3003 2493 
5965 750 812 819 749 4705 4891 4912 4702 
5966 4705 4891 4912 4702 4706 4892 4913 4703 
5967 4706 4892 4913 4703 4707 4893 4914 4704 
5968 4707 4893 4914 4704 2469 2531 2538 2468 
5969 563 595 1366 596 4144 4240 6553 4243 
5970 4144 4240 6553 4243 4145 4241 6554 4244 
5971 4145 4241 6554 4244 4146 4242 6555 4245 
5972 4146 4242 6555 4245 2282 2314 3085 2315 
5973 1015 1016 1302 846 5500 5503 6361 4993 
5974 5500 5503 6361 4993 5501 5504 6362 4994 
5975 5501 5504 6362 4994 5502 5505 6363 4995 
5976 5502 5505 6363 4995 2734 2735 3021 2565 
5977 795 796 1305 750 4840 4843 6370 4705 
5978 4840 4843 6370 4705 4841 4844 6371 4706 
5979 4841 4844 6371 4706 4842 4845 6372 4707 
5980 4842 4845 6372 4707 2514 2515 3024 2469 
5981 670 705 813 713 4465 4570 4894 4594 
5982 4465 4570 4894 4594 4466 4571 4895 4595 
5983 4466 4571 4895 4595 4467 4572 4896 4596 
5984 4467 4572 4896 4596 2389 2424 2532 2432 
5985 403 401 399 402 3664 3658 3652 3661 
5986 3664 3658 3652 3661 3665 3659 3653 3662 
5987 3665 3659 3653 3662 3666 3660 3654 3663 
5988 3666 3660 3654 3663 2122 2120 2118 2121 
5989 1170 717 718 719 5965 4606 4609 4612 
5990 5965 4606 4609 4612 5966 4607 4610 4613 
5991 5966 4607 4610 4613 5967 4608 4611 4614 
5992 5967 4608 4611 4614 2889 2436 2437 2438 
5993 572 1339 1131 639 4171 6472 5848 4372 
5994 4171 6472 5848 4372 4172 6473 5849 4373 
5995 4172 6473 5849 4373 4173 6474 5850 4374 
5996 4173 6474 5850 4374 2291 3058 2850 2358 
5997 567 466 467 468 4156 3853 3856 3859 
5998 4156 3853 3856 3859 4157 3854 3857 3860 
5999 4157 3854 3857 3860 4158 3855 3858 3861 
6000 4158 3855 3858 3861 2286 2185 2186 2187 
6001 680 783 880 784 4495 4804 5095 4807 
6002 4495 4804 5095 4807 4496 4805 5096 4808 
6003 4496 4805 5096 4808 4497 4806 5097 4809 
6004 4497 4806 5097 4809 2399 2502 2599 2503 
6005 712 462 463 464 4591 3841 3844 3847 
6006 4591 3841 3844 3847 4592 3842 3845 3848 
6007 4592 3842 3845 3848 4593 3843 3846 3849 
6008 4593 3843 3846 3849 2431 2181 2182 2183 
6009 1101 1102 1578 1103 5758 5761 7189 5764 
6010 5758 5761 7189 5764 5759 5762 7190 5765 
6011 5759 5762 7190 5765 5760 5763 7191 5766 
6012 5760 5763 7191 5766 2820 2821 3297 2822 
6013 426 415 435 427 3733 3700 3760 3736 
6014 3733 3700 3760 3736 3734 3701 3761 3737 
6015 3734 3701 3761 3737 3735 3702 3762 3738 
6016 3735 3702 3762 3738 2145 2134 2154 2146 
6017 1021 933 932 788 5518 5254 5251 4819 
6018 5518 5254 5251 4819 5519 5255 5252 4820 
6019 5519 5255 5252 4820 5520 5256 5253 4821 
6020 5520 5256 5253 4821 2740 2652 2651 2507 
6021 1091 819 812 904 5728 4912 4891 5167 
6022 5728 4912 4891 5167 5729 4913 4892 5168 
6023 5729 4913 4892 5168 5730 4914 4893 5169 
6024 5730 4914 4893 5169 2810 2538 2531 2623 
6025 811 866 1398 1048 4888 5053 6649 5599 
6026 4888 5053 6649 5599 4889 5054 6650 5600 
6027 4889 5054 6650 5600 4890 5055 6651 5601 
6028 4890 5055 6651 5601 2530 2585 3117 2767 
6029 787 788 932 778 4816 4819 5251 4789 
6030 4816 4819 5251 4789 4817 4820 5252 4790 
6031 4817 4820 5252 4790 4818 4821 5253 4791 
6032 4818 4821 5253 4791 2506 2507 2651 2497 
6033 832 1065 1514 1196 4951 5650 6997 6043 
6034 4951 5650 6997 6043 4952 5651 6998 6044 
6035 4952 5651 6998 6044 4953 5652 6999 6045 
6036 4953 5652 6999 6045 2551 2784 3233 2915 
6037 605 1303 642 588 4270 6364 4381 4219 
6038 4270 6364 4381 4219 4271 6365 4382 4220 
6039 4271 6365 4382 4220 4272 6366 4383 4221 
6040 4272 6366 4383 4221 2324 3022 2361 2307 
6041 474 461 460 473 3877 3838 3835 3874 
6042 3877 3838 3835 3874 3878 3839 3836 3875 
6043 3878 3839 3836 3875 3879 3840 3837 3876 
6044 3879 3840 3837 3876 2193 2180 2179 2192 
6045 1021 1075 1076 933 5518 5680 5683 5254 
6046 5518 5680 5683 5254 5519 5681 5684 5255 
6047 5519 5681 5684 5255 5520 5682 5685 5256 
6048 5520 5682 5685 5256 2740 2794 2795 2652 
6049 649 714 1316 597 4402 4597 6403 4246 
6050 4402 4597 6403 4246 4403 4598 6404 4247 
6051 4403 4598 6404 4247 4404 4599 6405 4248 
6052 4404 4599 6405 4248 2368 2433 3035 2316 
6053 588 642 1304 586 4219 4381 6367 4213 
6054 4219 4381 6367 4213 4220 4382 6368 4214 
6055 4220 4382 6368 4214 4221 4383 6369 4215 
6056 4221 4383 6369 4215 2307 2361 3023 2305 
6057 1052 812 750 1305 5611 4891 4705 6370 
6058 5611 4891 4705 6370 5612 4892 4706 6371 
6059 5612 4892 4706 6371 5613 4893 4707 6372 
6060 5613 4893 4707 6372 2771 2531 2469 3024 
6061 1259 464 465 466 6232 3847 3850 3853 
6062 6232 3847 3850 3853 6233 3848 3851 3854 
6063 6233 3848 3851 3854 6234 3849 3852 3855 
6064 6234 3849 3852 3855 2978 2183 2184 2185 
6065 936 935 912 913 5263 5260 5191 5194 
6066 5263 5260 5191 5194 5264 5261 5192 5195 
6067 5264 5261 5192 5195 5265 5262 5193 5196 
6068 5265 5262 5193 5196 2655 2654 2631 2632 
6069 385 856 1322 1262 3610 5023 6421 6241 
6070 3610 5023 6421 6241 3611 5024 6422 6242 
6071 3611 5024 6422 6242 3612 5025 6423 6243 
6072 3612 5025 6423 6243 2104 2575 3041 2981 
6073 623 659 752 1332 4324 4432 4711 6451 
6074 4324 4432 4711 6451 4325 4433 4712 6452 
6075 4325 4433 4712 6452 4326 4434 4713 6453 
6076 4326 4434 4713 6453 2342 2378 2471 3051 
6077 1307 981 868 830 6376 5398 5059 4945 
6078 6376 5398 5059 4945 6377 5399 5060 4946 
6079 6377 5399 5060 4946 6378 5400 5061 4947 
6080 6378 5400 5061 4947 3026 2700 2587 2549 
6081 1263 423 422 421 6244 3724 3721 3718 
6082 6244 3724 3721 3718 6245 3725 3722 3719 
6083 6245 3725 3722 3719 6246 3726 3723 3720 
6084 6246 3726 3723 3720 2982 2142 2141 2140 
6085 730 1314 1286 677 4645 6397 6313 4486 
6086 4645 6397 6313 4486 4646 6398 6314 4487 
6087 4646 6398 6314 4487 4647 6399 6315 4488 
6088 4647 6399 6315 4488 2449 3033 3005 2396 
6089 723 1513 1003 1069 4624 6994 5464 5662 
6090 4624 6994 5464 5662 4625 6995 5465 5663 
6091 4625 6995 5465 5663 4626 6996 5466 5664 
6092 4626 6996 5466 5664 2442 3232 2722 2788 
6093 87 329 1394 86 1642 3442 6637 1639 
6094 1642 3442 6637 1639 1643 3443 6638 1640 
6095 1643 3443 6638 1640 1644 3444 6639 1641 
6096 1644 3444 6639 1641 154 2048 3113 153 
6097 563 1316 862 559 4144 6403 5041 4132 
6098 4144 6403 5041 4132 4145 6404 5042 4133 
6099 4145 6404 5042 4133 4146 6405 5043 4134 
6100 4146 6405 5043 4134 2282 3035 2581 2278 
6101 596 597 1316 563 4243 4246 6403 4144 
6102 4243 4246 6403 4144 4244 4247 6404 4145 
6103 4244 4247 6404 4145 4245 4248 6405 4146 
6104 4245 4248 6405 4146 2315 2316 3035 2282 
6105 665 726 728 664 4450 4633 4639 4447 
6106 4450 4633 4639 4447 4451 4634 4640 4448 
6107 4451 4634 4640 4448 4452 4635 4641 4449 
6108 4452 4635 4641 4449 2384 2445 2447 2383 
6109 913 912 809 810 5194 5191 4882 4885 
6110 5194 5191 4882 4885 5195 5192 4883 4886 
6111 5195 5192 4883 4886 5196 5193 4884 4887 
6112 5196 5193 4884 4887 2632 2631 2528 2529 
6113 486 474 492 1242 3913 3877 3931 6181 
6114 3913 3877 3931 6181 3914 3878 3932 6182 
6115 3914 3878 3932 6182 3915 3879 3933 6183 
6116 3915 3879 3933 6183 2205 2193 2211 2961 
6117 1246 1245 1243 1340 6193 6190 6184 6475 
6118 6193 6190 6184 6475 6194 6191 6185 6476 
6119 6194 6191 6185 6476 6195 6192 6186 6477 
6120 6195 6192 6186 6477 2965 2964 2962 3059 
6121 614 613 1315 650 4297 4294 6400 4405 
6122 4297 4294 6400 4405 4298 4295 6401 4406 
6123 4298 4295 6401 4406 4299 4296 6402 4407 
6124 4299 4296 6402 4407 2333 2332 3034 2369 
6125 605 724 861 1303 4270 4627 5038 6364 
6126 4270 4627 5038 6364 4271 4628 5039 6365 
6127 4271 4628 5039 6365 4272 4629 5040 6366 
6128 4272 4629 5040 6366 2324 2443 2580 3022 
6129 84 1173 323 83 1633 5974 3424 1630 
6130 1633 5974 3424 1630 1634 5975 3425 1631 
6131 1634 5975 3425 1631 1635 5976 3426 1632 
6132 1635 5976 3426 1632 151 2892 2042 150 
6133 739 637 632 696 4672 4366 4351 4543 
6134 4672 4366 4351 4543 4673 4367 4352 4544 
6135 4673 4367 4352 4544 4674 4368 4353 4545 
6136 4674 4368 4353 4545 2458 2356 2351 2415 
6137 822 823 1305 796 4921 4924 6370 4843 
6138 4921 4924 6370 4843 4922 4925 6371 4844 
6139 4922 4925 6371 4844 4923 4926 6372 4845 
6140 4923 4926 6372 4845 2541 2542 3024 2515 
6141 678 594 549 655 4489 4237 4102 4420 
6142 4489 4237 4102 4420 4490 4238 4103 4421 
6143 4490 4238 4103 4421 4491 4239 4104 4422 
6144 4491 4239 4104 4422 2397 2313 2268 2374 
6145 1206 1528 1017 1444 6073 7039 5506 6787 
6146 6073 7039 5506 6787 6074 7040 5507 6788 
6147 6074 7040 5507 6788 6075 7041 5508 6789 
6148 6075 7041 5508 6789 2925 3247 2736 3163 
6149 136 5 143 1502 1987 289 2008 6961 
6150 1987 289 2008 6961 1988 290 2009 6962 
6151 1988 290 2009 6962 1989 291 2010 6963 
6152 1989 291 2010 6963 269 10 270 3221 
6153 769 1294 854 1325 4762 6337 5017 6430 
6154 4762 6337 5017 6430 4763 6338 5018 6431 
6155 4763 6338 5018 6431 4764 6339 5019 6432 
6156 4764 6339 5019 6432 2488 3013 2573 3044 
6157 711 389 387 386 4588 3622 3616 3613 
6158 4588 3622 3616 3613 4589 3623 3617 3614 
6159 4589 3623 3617 3614 4590 3624 3618 3615 
6160 4590 3624 3618 3615 2430 2108 2106 2105 
6161 387 389 391 390 3616 3622 3628 3625 
6162 3616 3622 3628 3625 3617 3623 3629 3626 
6163 3617 3623 3629 3626 3618 3624 3630 3627 
6164 3618 3624 3630 3627 2106 2108 2110 2109 
6165 1271 436 455 462 6268 3763 3820 3841 
6166 6268 3763 3820 3841 6269 3764 3821 3842 
6167 6269 3764 3821 3842 6270 3765 3822 3843 
6168 6270 3765 3822 3843 2990 2155 2174 2181 
6169 1308 1258 709 1335 6379 6229 4582 6460 
6170 6379 6229 4582 6460 6380 6230 4583 6461 
6171 6380 6230 4583 6461 6381 6231 4584 6462 
6172 6381 6231 4584 6462 3027 2977 2428 3054 
6173 806 805 736 737 4873 4870 4663 4666 
6174 4873 4870 4663 4666 4874 4871 4664 4667 
6175 4874 4871 4664 4667 4875 4872 4665 4668 
6176 4875 4872 4665 4668 2525 2524 2455 2456 
6177 1331 1325 854 1100 6448 6430 5017 5755 
6178 6448 6430 5017 5755 6449 6431 5018 5756 
6179 6449 6431 5018 5756 6450 6432 5019 5757 
6180 6450 6432 5019 5757 3050 3044 2573 2819 
6181 1223 1368 863 1341 6124 6559 5044 6478 
6182 6124 6559 5044 6478 6125 6560 5045 6479 
6183 6125 6560 5045 6479 6126 6561 5046 6480 
6184 6126 6561 5046 6480 2942 3087 2582 3060 
6185 405 403 402 404 3670 3664 3661 3667 
6186 3670 3664 3661 3667 3671 3665 3662 3668 
6187 3671 3665 3662 3668 3672 3666 3663 3669 
6188 3672 3666 3663 3669 2124 2122 2121 2123 
6189 742 674 629 1341 4681 4477 4342 6478 
6190 4681 4477 4342 6478 4682 4478 4343 6479 
6191 4682 4478 4343 6479 4683 4479 4344 6480 
6192 4683 4479 4344 6480 2461 2393 2348 3060 
6193 535 534 1368 1223 4060 4057 6559 6124 
6194 4060 4057 6559 6124 4061 4058 6560 6125 
6195 4061 4058 6560 6125 4062 4059 6561 6126 
6196 4062 4059 6561 6126 2254 2253 3087 2942 
6197 1240 358 359 360 6175 3529 3532 3535 
6198 6175 3529 3532 3535 6176 3530 3533 3536 
6199 6176 3530 3533 3536 6177 3531 3534 3537 
6200 6177 3531 3534 3537 2959 2077 2078 2079 
6201 648 670 713 1319 4399 4465 4594 6412 
6202 4399 4465 4594 6412 4400 4466 4595 6413 
6203 4400 4466 4595 6413 4401 4467 4596 6414 
6204 4401 4467 4596 6414 2367 2389 2432 3038 
6205 1036 1073 1498 328 5563 5674 6949 3439 
6206 5563 5674 6949 3439 5564 5675 6950 3440 
6207 5564 5675 6950 3440 5565 5676 6951 3441 
6208 5565 5676 6951 3441 2755 2792 3217 2047 
6209 1147 652 653 686 5896 4411 4414 4513 
6210 5896 4411 4414 4513 5897 4412 4415 4514 
6211 5897 4412 4415 4514 5898 4413 4416 4515 
6212 5898 4413 4416 4515 2866 2371 2372 2405 
6213 41 1306 342 40 1777 6373 3481 1774 
6214 1777 6373 3481 1774 1778 6374 3482 1775 
6215 1778 6374 3482 1775 1779 6375 3483 1776 
6216 1779 6375 3483 1776 199 3025 2061 198 
6217 405 408 410 409 3670 3679 3685 3682 
6218 3670 3679 3685 3682 3671 3680 3686 3683 
6219 3671 3680 3686 3683 3672 3681 3687 3684 
6220 3672 3681 3687 3684 2124 2127 2129 2128 
6221 390 391 395 392 3625 3628 3640 3631 
6222 3625 3628 3640 3631 3626 3629 3641 3632 
6223 3626 3629 3641 3632 3627 3630 3642 3633 
6224 3627 3630 3642 3633 2109 2110 2114 2111 
6225 127 1338 295 126 1960 6469 3340 1957 
6226 1960 6469 3340 1957 1961 6470 3341 1958 
6227 1961 6470 3341 1958 1962 6471 3342 1959 
6228 1962 6471 3342 1959 260 3057 2014 259 
6229 696 800 914 1342 4543 4855 5197 6481 
6230 4543 4855 5197 6481 4544 4856 5198 6482 
6231 4544 4856 5198 6482 4545 4857 5199 6483 
6232 4545 4857 5199 6483 2415 2519 2633 3061 
6233 844 1034 1326 843 4987 5557 6433 4984 
6234 4987 5557 6433 4984 4988 5558 6434 4985 
6235 4988 5558 6434 4985 4989 5559 6435 4986 
6236 4989 5559 6435 4986 2563 2753 3045 2562 
6237 504 531 533 503 3967 4048 4054 3964 
6238 3967 4048 4054 3964 3968 4049 4055 3965 
6239 3968 4049 4055 3965 3969 4050 4056 3966 
6240 3969 4050 4056 3966 2223 2250 2252 2222 
6241 477 488 721 476 3886 3919 4618 3883 
6242 3886 3919 4618 3883 3887 3920 4619 3884 
6243 3887 3920 4619 3884 3888 3921 4620 3885 
6244 3888 3921 4620 3885 2196 2207 2440 2195 
6245 1417 1420 414 602 6706 6715 3697 4261 
6246 6706 6715 3697 4261 6707 6716 3698 4262 
6247 6707 6716 3698 4262 6708 6717 3699 4263 
6248 6708 6717 3699 4263 3136 3139 2133 2321 
6249 932 1404 1181 1391 5251 6667 5998 6628 
6250 5251 6667 5998 6628 5252 6668 5999 6629 
6251 5252 6668 5999 6629 5253 6669 6000 6630 
6252 5253 6669 6000 6630 2651 3123 2900 3110 
6253 391 421 422 395 3628 3718 3721 3640 
6254 3628 3718 3721 3640 3629 3719 3722 3641 
6255 3629 3719 3722 3641 3630 3720 3723 3642 
6256 3630 3720 3723 3642 2110 2140 2141 2114 
6257 381 379 621 1313 3598 3592 4318 6394 
6258 3598 3592 4318 6394 3599 3593 4319 6395 
6259 3599 3593 4319 6395 3600 3594 4320 6396 
6260 3600 3594 4320 6396 2100 2098 2340 3032 
6261 713 941 1351 1319 4594 5278 6508 6412 
6262 4594 5278 6508 6412 4595 5279 6509 6413 
6263 4595 5279 6509 6413 4596 5280 6510 6414 
6264 4596 5280 6510 6414 2432 2660 3070 3038 
6265 546 1223 1341 629 4093 6124 6478 4342 
6266 4093 6124 6478 4342 4094 6125 6479 4343 
6267 4094 6125 6479 4343 4095 6126 6480 4344 
6268 4095 6126 6480 4344 2265 2942 3060 2348 
6269 532 1330 613 531 4051 6445 4294 4048 
6270 4051 6445 4294 4048 4052 6446 4295 4049 
6271 4052 6446 4295 4049 4053 6447 4296 4050 
6272 4053 6447 4296 4050 2251 3049 2332 2250 
6273 522 500 1300 523 4021 3955 6355 4024 
6274 4021 3955 6355 4024 4022 3956 6356 4025 
6275 4022 3956 6356 4025 4023 3957 6357 4026 
6276 4023 3957 6357 4026 2241 2219 3019 2242 
6277 710 699 1262 1322 4585 4552 6241 6421 
6278 4585 4552 6241 6421 4586 4553 6242 6422 
6279 4586 4553 6242 6422 4587 4554 6243 6423 
6280 4587 4554 6243 6423 2429 2418 2981 3041 
6281 445 1206 1444 1250 3790 6073 6787 6205 
6282 3790 6073 6787 6205 3791 6074 6788 6206 
6283 3791 6074 6788 6206 3792 6075 6789 6207 
6284 3792 6075 6789 6207 2164 2925 3163 2969 
6285 393 392 1323 394 3634 3631 6424 3637 
6286 3634 3631 6424 3637 3635 3632 6425 3638 
6287 3635 3632 6425 3638 3636 3633 6426 3639 
6288 3636 3633 6426 3639 2112 2111 3042 2113 
6289 730 749 819 1314 4645 4702 4912 6397 
6290 4645 4702 4912 6397 4646 4703 4913 6398 
6291 4646 4703 4913 6398 4647 4704 4914 6399 
6292 4647 4704 4914 6399 2449 2468 2538 3033 
6293 500 486 1242 1300 3955 3913 6181 6355 
6294 3955 3913 6181 6355 3956 3914 6182 6356 
6295 3956 3914 6182 6356 3957 3915 6183 6357 
6296 3957 3915 6183 6357 2219 2205 2961 3019 
6297 857 760 891 858 5026 4735 5128 5029 
6298 5026 4735 5128 5029 5027 4736 5129 5030 
6299 5027 4736 5129 5030 5028 4737 5130 5031 
6300 5028 4737 5130 5031 2576 2479 2610 2577 
6301 597 598 1351 649 4246 4249 6508 4402 
6302 4246 4249 6508 4402 4247 4250 6509 4403 
6303 4247 4250 6509 4403 4248 4251 6510 4404 
6304 4248 4251 6510 4404 2316 2317 3070 2368 
6305 383 381 1313 384 3604 3598 6394 3607 
6306 3604 3598 6394 3607 3605 3599 6395 3608 
6307 3605 3599 6395 3608 3606 3600 6396 3609 
6308 3606 3600 6396 3609 2102 2100 3032 2103 
6309 362 360 359 361 3541 3535 3532 3538 
6310 3541 3535 3532 3538 3542 3536 3533 3539 
6311 3542 3536 3533 3539 3543 3537 3534 3540 
6312 3543 3537 3534 3540 2081 2079 2078 2080 
6313 739 1087 1448 637 4672 5716 6799 4366 
6314 4672 5716 6799 4366 4673 5717 6800 4367 
6315 4673 5717 6800 4367 4674 5718 6801 4368 
6316 4674 5718 6801 4368 2458 2806 3167 2356 
6317 42 319 1306 41 1780 3412 6373 1777 
6318 1780 3412 6373 1777 1781 3413 6374 1778 
6319 1781 3413 6374 1778 1782 3414 6375 1779 
6320 1782 3414 6375 1779 200 2038 3025 199 
6321 566 565 564 537 4153 4150 4147 4066 
6322 4153 4150 4147 4066 4154 4151 4148 4067 
6323 4154 4151 4148 4067 4155 4152 4149 4068 
6324 4155 4152 4149 4068 2285 2284 2283 2256 
6325 808 809 1344 806 4879 4882 6487 4873 
6326 4879 4882 6487 4873 4880 4883 6488 4874 
6327 4880 4883 6488 4874 4881 4884 6489 4875 
6328 4881 4884 6489 4875 2527 2528 3063 2525 
6329 1290 618 679 680 6325 4309 4492 4495 
6330 6325 4309 4492 4495 6326 4310 4493 4496 
6331 6326 4310 4493 4496 6327 4311 4494 4497 
6332 6327 4311 4494 4497 3009 2337 2398 2399 
6333 1133 537 536 507 5854 4066 4063 3976 
6334 5854 4066 4063 3976 5855 4067 4064 3977 
6335 5855 4067 4064 3977 5856 4068 4065 3978 
6336 5856 4068 4065 3978 2852 2256 2255 2226 
6337 429 430 422 423 3742 3745 3721 3724 
6338 3742 3745 3721 3724 3743 3746 3722 3725 
6339 3743 3746 3722 3725 3744 3747 3723 3726 
6340 3744 3747 3723 3726 2148 2149 2141 2142 
6341 915 1099 1428 906 5200 5752 6739 5173 
6342 5200 5752 6739 5173 5201 5753 6740 5174 
6343 5201 5753 6740 5174 5202 5754 6741 5175 
6344 5202 5754 6741 5175 2634 2818 3147 2625 
6345 474 473 568 492 3877 3874 4159 3931 
6346 3877 3874 4159 3931 3878 3875 4160 3932 
6347 3878 3875 4160 3932 3879 3876 4161 3933 
6348 3879 3876 4161 3933 2193 2192 2287 2211 
6349 993 994 1426 909 5434 5437 6733 5182 
6350 5434 5437 6733 5182 5435 5438 6734 5183 
6351 5435 5438 6734 5183 5436 5439 6735 5184 
6352 5436 5439 6735 5184 2712 2713 3145 2628 
6353 872 873 1371 1061 5071 5074 6568 5638 
6354 5071 5074 6568 5638 5072 5075 6569 5639 
6355 5072 5075 6569 5639 5073 5076 6570 5640 
6356 5073 5076 6570 5640 2591 2592 3090 2780 
6357 1170 857 859 1362 5965 5026 5032 6541 
6358 5965 5026 5032 6541 5966 5027 5033 6542 
6359 5966 5027 5033 6542 5967 5028 5034 6543 
6360 5967 5028 5034 6543 2889 2576 2578 3081 
6361 1446 103 104 1383 6793 1888 1891 6604 
6362 6793 1888 1891 6604 6794 1889 1892 6605 
6363 6794 1889 1892 6605 6795 1890 1893 6606 
6364 6795 1890 1893 6606 3165 236 237 3102 
6365 434 1317 460 441 3757 6406 3835 3778 
6366 3757 6406 3835 3778 3758 6407 3836 3779 
6367 3758 6407 3836 3779 3759 6408 3837 3780 
6368 3759 6408 3837 3780 2153 3036 2179 2160 
6369 643 356 357 358 4384 3523 3526 3529 
6370 4384 3523 3526 3529 4385 3524 3527 3530 
6371 4385 3524 3527 3530 4386 3525 3528 3531 
6372 4386 3525 3528 3531 2362 2075 2076 2077 
6373 427 1309 1317 434 3736 6382 6406 3757 
6374 3736 6382 6406 3757 3737 6383 6407 3758 
6375 3737 6383 6407 3758 3738 6384 6408 3759 
6376 3738 6384 6408 3759 2146 3028 3036 2153 
6377 782 679 1360 793 4801 4492 6535 4834 
6378 4801 4492 6535 4834 4802 4493 6536 4835 
6379 4802 4493 6536 4835 4803 4494 6537 4836 
6380 4803 4494 6537 4836 2501 2398 3079 2512 
6381 1074 880 927 1036 5677 5095 5236 5563 
6382 5677 5095 5236 5563 5678 5096 5237 5564 
6383 5678 5096 5237 5564 5679 5097 5238 5565 
6384 5679 5097 5238 5565 2793 2599 2646 2755 
6385 1009 1011 1365 1033 5482 5488 6550 5554 
6386 5482 5488 6550 5554 5483 5489 6551 5555 
6387 5483 5489 6551 5555 5484 5490 6552 5556 
6388 5484 5490 6552 5556 2728 2730 3084 2752 
6389 1345 465 464 463 6490 3850 3847 3844 
6390 6490 3850 3847 3844 6491 3851 3848 3845 
6391 6491 3851 3848 3845 6492 3852 3849 3846 
6392 6492 3852 3849 3846 3064 2184 2183 2182 
6393 531 613 614 533 4048 4294 4297 4054 
6394 4048 4294 4297 4054 4049 4295 4298 4055 
6395 4049 4295 4298 4055 4050 4296 4299 4056 
6396 4050 4296 4299 4056 2250 2332 2333 2252 
6397 639 736 876 638 4372 4663 5083 4369 
6398 4372 4663 5083 4369 4373 4664 5084 4370 
6399 4373 4664 5084 4370 4374 4665 5085 4371 
6400 4374 4665 5085 4371 2358 2455 2595 2357 
6401 1268 507 506 490 6259 3976 3973 3925 
6402 6259 3976 3973 3925 6260 3977 3974 3926 
6403 6260 3977 3974 3926 6261 3978 3975 3927 
6404 6261 3978 3975 3927 2987 2226 2225 2209 
6405 492 568 570 569 3931 4159 4165 4162 
6406 3931 4159 4165 4162 3932 4160 4166 4163 
6407 3932 4160 4166 4163 3933 4161 4167 4164 
6408 3933 4161 4167 4164 2211 2287 2289 2288 
6409 470 468 467 469 3865 3859 3856 3862 
6410 3865 3859 3856 3862 3866 3860 3857 3863 
6411 3866 3860 3857 3863 3867 3861 3858 3864 
6412 3867 3861 3858 3864 2189 2187 2186 2188 
6413 1328 569 570 571 6439 4162 4165 4168 
6414 6439 4162 4165 4168 6440 4163 4166 4169 
6415 6440 4163 4166 4169 6441 4164 4167 4170 
6416 6441 4164 4167 4170 3047 2288 2289 2290 
6417 744 742 1341 863 4687 4681 6478 5044 
6418 4687 4681 6478 5044 4688 4682 6479 5045 
6419 4688 4682 6479 5045 4689 4683 6480 5046 
6420 4689 4683 6480 5046 2463 2461 3060 2582 
6421 491 470 469 490 3928 3865 3862 3925 
6422 3928 3865 3862 3925 3929 3866 3863 3926 
6423 3929 3866 3863 3926 3930 3867 3864 3927 
6424 3930 3867 3864 3927 2210 2189 2188 2209 
6425 512 491 490 506 3991 3928 3925 3973 
6426 3991 3928 3925 3973 3992 3929 3926 3974 
6427 3992 3929 3926 3974 3993 3930 3927 3975 
6428 3993 3930 3927 3975 2231 2210 2209 2225 
6429 480 467 466 465 3895 3856 3853 3850 
6430 3895 3856 3853 3850 3896 3857 3854 3851 
6431 3896 3857 3854 3851 3897 3858 3855 3852 
6432 3897 3858 3855 3852 2199 2186 2185 2184 
6433 734 651 614 650 4657 4408 4297 4405 
6434 4657 4408 4297 4405 4658 4409 4298 4406 
6435 4658 4409 4298 4406 4659 4410 4299 4407 
6436 4659 4410 4299 4407 2453 2370 2333 2369 
6437 655 774 1284 678 4420 4777 6307 4489 
6438 4420 4777 6307 4489 4421 4778 6308 4490 
6439 4421 4778 6308 4490 4422 4779 6309 4491 
6440 4422 4779 6309 4491 2374 2493 3003 2397 
6441 751 688 1411 753 4708 4519 6688 4714 
6442 4708 4519 6688 4714 4709 4520 6689 4715 
6443 4709 4520 6689 4715 4710 4521 6690 4716 
6444 4710 4521 6690 4716 2470 2407 3130 2472 
6445 611 1359 897 1389 4288 6532 5146 6622 
6446 4288 6532 5146 6622 4289 6533 5147 6623 
6447 4289 6533 5147 6623 4290 6534 5148 6624 
6448 4290 6534 5148 6624 2330 3078 2616 3108 
6449 614 651 653 652 4297 4408 4414 4411 
6450 4297 4408 4414 4411 4298 4409 4415 4412 
6451 4298 4409 4415 4412 4299 4410 4416 4413 
6452 4299 4410 4416 4413 2333 2370 2372 2371 
6453 574 571 572 573 4177 4168 4171 4174 
6454 4177 4168 4171 4174 4178 4169 4172 4175 
6455 4178 4169 4172 4175 4179 4170 4173 4176 
6456 4179 4170 4173 4176 2293 2290 2291 2292 
6457 886 1070 1071 930 5113 5665 5668 5245 
6458 5113 5665 5668 5245 5114 5666 5669 5246 
6459 5114 5666 5669 5246 5115 5667 5670 5247 
6460 5115 5667 5670 5247 2605 2789 2790 2649 
6461 1339 572 571 570 6472 4171 4168 4165 
6462 6472 4171 4168 4165 6473 4172 4169 4166 
6463 6473 4172 4169 4166 6474 4173 4170 4167 
6464 6474 4173 4170 4167 3058 2291 2290 2289 
6465 632 697 800 696 4351 4546 4855 4543 
6466 4351 4546 4855 4543 4352 4547 4856 4544 
6467 4352 4547 4856 4544 4353 4548 4857 4545 
6468 4353 4548 4857 4545 2351 2416 2519 2415 
6469 46 1311 311 45 1792 6388 3388 1789 
6470 1792 6388 3388 1789 1793 6389 3389 1790 
6471 1793 6389 3389 1790 1794 6390 3390 1791 
6472 1794 6390 3390 1791 204 3030 2030 203 
6473 47 341 1311 46 1795 3478 6388 1792 
6474 1795 3478 6388 1792 1796 3479 6389 1793 
6475 1796 3479 6389 1793 1797 3480 6390 1794 
6476 1797 3480 6390 1794 205 2060 3030 204 
6477 48 1312 341 47 1798 6391 3478 1795 
6478 1798 6391 3478 1795 1799 6392 3479 1796 
6479 1799 6392 3479 1796 1800 6393 3480 1797 
6480 1800 6393 3480 1797 206 3031 2060 205 
6481 49 306 1312 48 1801 3373 6391 1798 
6482 1801 3373 6391 1798 1802 3374 6392 1799 
6483 1802 3374 6392 1799 1803 3375 6393 1800 
6484 1803 3375 6393 1800 207 2025 3031 206 
6485 1082 335 1499 1083 5701 3460 6952 5704 
6486 5701 3460 6952 5704 5702 3461 6953 5705 
6487 5702 3461 6953 5705 5703 3462 6954 5706 
6488 5703 3462 6954 5706 2801 2054 3218 2802 
6489 639 638 573 572 4372 4369 4174 4171 
6490 4372 4369 4174 4171 4373 4370 4175 4172 
6491 4373 4370 4175 4172 4374 4371 4176 4173 
6492 4374 4371 4176 4173 2358 2357 2292 2291 
6493 599 600 1351 598 4252 4255 6508 4249 
6494 4252 4255 6508 4249 4253 4256 6509 4250 
6495 4253 4256 6509 4250 4254 4257 6510 4251 
6496 4254 4257 6510 4251 2318 2319 3070 2317 
6497 825 843 1326 1089 4930 4984 6433 5722 
6498 4930 4984 6433 5722 4931 4985 6434 5723 
6499 4931 4985 6434 5723 4932 4986 6435 5724 
6500 4932 4986 6435 5724 2544 2562 3045 2808 
6501 648 1319 1351 600 4399 6412 6508 4255 
6502 4399 6412 6508 4255 4400 6413 6509 4256 
6503 4400 6413 6509 4256 4401 6414 6510 4257 
6504 4401 6414 6510 4257 2367 3038 3070 2319 
6505 728 882 884 883 4639 5101 5107 5104 
6506 4639 5101 5107 5104 4640 5102 5108 5105 
6507 4640 5102 5108 5105 4641 5103 5109 5106 
6508 4641 5103 5109 5106 2447 2601 2603 2602 
6509 760 719 718 759 4735 4612 4609 4732 
6510 4735 4612 4609 4732 4736 4613 4610 4733 
6511 4736 4613 4610 4733 4737 4614 4611 4734 
6512 4737 4614 4611 4734 2479 2438 2437 2478 
6513 850 686 653 687 5005 4513 4414 4516 
6514 5005 4513 4414 4516 5006 4514 4415 4517 
6515 5006 4514 4415 4517 5007 4515 4416 4518 
6516 5007 4515 4416 4518 2569 2405 2372 2406 
6517 883 884 886 885 5104 5107 5113 5110 
6518 5104 5107 5113 5110 5105 5108 5114 5111 
6519 5105 5108 5114 5111 5106 5109 5115 5112 
6520 5106 5109 5115 5112 2602 2603 2605 2604 
6521 79 330 1556 78 1618 3445 7123 1615 
6522 1618 3445 7123 1615 1619 3446 7124 1616 
6523 1619 3446 7124 1616 1620 3447 7125 1617 
6524 1620 3447 7125 1617 146 2049 3275 145 
6525 783 680 679 782 4804 4495 4492 4801 
6526 4804 4495 4492 4801 4805 4496 4493 4802 
6527 4805 4496 4493 4802 4806 4497 4494 4803 
6528 4806 4497 4494 4803 2502 2399 2398 2501 
6529 663 664 1354 628 4444 4447 6517 4339 
6530 4444 4447 6517 4339 4445 4448 6518 4340 
6531 4445 4448 6518 4340 4446 4449 6519 4341 
6532 4446 4449 6519 4341 2382 2383 3073 2347 
6533 429 454 436 430 3742 3817 3763 3745 
6534 3742 3817 3763 3745 3743 3818 3764 3746 
6535 3743 3818 3764 3746 3744 3819 3765 3747 
6536 3744 3819 3765 3747 2148 2173 2155 2149 
6537 864 919 1353 813 5047 5212 6514 4894 
6538 5047 5212 6514 4894 5048 5213 6515 4895 
6539 5048 5213 6515 4895 5049 5214 6516 4896 
6540 5049 5214 6516 4896 2583 2638 3072 2532 
6541 914 800 816 911 5197 4855 4903 5188 
6542 5197 4855 4903 5188 5198 4856 4904 5189 
6543 5198 4856 4904 5189 5199 4857 4905 5190 
6544 5199 4857 4905 5190 2633 2519 2535 2630 
6545 1107 753 1411 1108 5776 4714 6688 5779 
6546 5776 4714 6688 5779 5777 4715 6689 5780 
6547 5777 4715 6689 5780 5778 4716 6690 5781 
6548 5778 4716 6690 5781 2826 2472 3130 2827 
6549 394 867 1324 397 3637 5056 6427 3646 
6550 3637 5056 6427 3646 3638 5057 6428 3647 
6551 3638 5057 6428 3647 3639 5058 6429 3648 
6552 3639 5058 6429 3648 2113 2586 3043 2116 
6553 476 455 436 454 3883 3820 3763 3817 
6554 3883 3820 3763 3817 3884 3821 3764 3818 
6555 3884 3821 3764 3818 3885 3822 3765 3819 
6556 3885 3822 3765 3819 2195 2174 2155 2173 
6557 752 825 1089 1332 4711 4930 5722 6451 
6558 4711 4930 5722 6451 4712 4931 5723 6452 
6559 4712 4931 5723 6452 4713 4932 5724 6453 
6560 4713 4932 5724 6453 2471 2544 2808 3051 
6561 541 540 1336 549 4078 4075 6463 4102 
6562 4078 4075 6463 4102 4079 4076 6464 4103 
6563 4079 4076 6464 4103 4080 4077 6465 4104 
6564 4080 4077 6465 4104 2260 2259 3055 2268 
6565 1073 1036 927 1515 5674 5563 5236 7000 
6566 5674 5563 5236 7000 5675 5564 5237 7001 
6567 5675 5564 5237 7001 5676 5565 5238 7002 
6568 5676 5565 5238 7002 2792 2755 2646 3234 
6569 397 1324 402 399 3646 6427 3661 3652 
6570 3646 6427 3661 3652 3647 6428 3662 3653 
6571 3647 6428 3662 3653 3648 6429 3663 3654 
6572 3648 6429 3663 3654 2116 3043 2121 2118 
6573 655 957 958 774 4420 5326 5329 4777 
6574 4420 5326 5329 4777 4421 5327 5330 4778 
6575 4421 5327 5330 4778 4422 5328 5331 4779 
6576 4422 5328 5331 4779 2374 2676 2677 2493 
6577 1095 902 1399 1096 5740 5161 6652 5743 
6578 5740 5161 6652 5743 5741 5162 6653 5744 
6579 5741 5162 6653 5744 5742 5163 6654 5745 
6580 5742 5163 6654 5745 2814 2621 3118 2815 
6581 713 813 1353 860 4594 4894 6514 5035 
6582 4594 4894 6514 5035 4595 4895 6515 5036 
6583 4595 4895 6515 5036 4596 4896 6516 5037 
6584 4596 4896 6516 5037 2432 2532 3072 2579 
6585 717 536 537 564 4606 4063 4066 4147 
6586 4606 4063 4066 4147 4607 4064 4067 4148 
6587 4607 4064 4067 4148 4608 4065 4068 4149 
6588 4608 4065 4068 4149 2436 2255 2256 2283 
6589 816 946 949 911 4903 5293 5302 5188 
6590 4903 5293 5302 5188 4904 5294 5303 5189 
6591 4904 5294 5303 5189 4905 5295 5304 5190 
6592 4905 5295 5304 5190 2535 2665 2668 2630 
6593 887 754 1374 888 5116 4717 6577 5119 
6594 5116 4717 6577 5119 5117 4718 6578 5120 
6595 5117 4718 6578 5120 5118 4719 6579 5121 
6596 5118 4719 6579 5121 2606 2473 3093 2607 
6597 513 512 1337 519 3994 3991 6466 4012 
6598 3994 3991 6466 4012 3995 3992 6467 4013 
6599 3995 3992 6467 4013 3996 3993 6468 4014 
6600 3996 3993 6468 4014 2232 2231 3056 2238 
6601 960 1422 622 1290 5335 6721 4321 6325 
6602 5335 6721 4321 6325 5336 6722 4322 6326 
6603 5336 6722 4322 6326 5337 6723 4323 6327 
6604 5337 6723 4323 6327 2679 3141 2341 3009 
6605 628 1354 1390 627 4339 6517 6625 4336 
6606 4339 6517 6625 4336 4340 6518 6626 4337 
6607 4340 6518 6626 4337 4341 6519 6627 4338 
6608 4341 6519 6627 4338 2347 3073 3109 2346 
6609 685 599 596 1366 4510 4252 4243 6553 
6610 4510 4252 4243 6553 4511 4253 4244 6554 
6611 4511 4253 4244 6554 4512 4254 4245 6555 
6612 4512 4254 4245 6555 2404 2318 2315 3085 
6613 604 558 556 1370 4267 4129 4123 6565 
6614 4267 4129 4123 6565 4268 4130 4124 6566 
6615 4268 4130 4124 6566 4269 4131 4125 6567 
6616 4269 4131 4125 6567 2323 2277 2275 3089 
6617 827 1150 1462 1151 4936 5905 6841 5908 
6618 4936 5905 6841 5908 4937 5906 6842 5909 
6619 4937 5906 6842 5909 4938 5907 6843 5910 
6620 4938 5907 6843 5910 2546 2869 3181 2870 
6621 878 926 1086 1085 5089 5233 5713 5710 
6622 5089 5233 5713 5710 5090 5234 5714 5711 
6623 5090 5234 5714 5711 5091 5235 5715 5712 
6624 5091 5235 5715 5712 2597 2645 2805 2804 
6625 1053 1054 1365 1011 5614 5617 6550 5488 
6626 5614 5617 6550 5488 5615 5618 6551 5489 
6627 5615 5618 6551 5489 5616 5619 6552 5490 
6628 5616 5619 6552 5490 2772 2773 3084 2730 
6629 871 872 1385 818 5068 5071 6610 4909 
6630 5068 5071 6610 4909 5069 5072 6611 4910 
6631 5069 5072 6611 4910 5070 5073 6612 4911 
6632 5070 5073 6612 4911 2590 2591 3104 2537 
6633 368 367 1363 369 3559 3556 6544 3562 
6634 3559 3556 6544 3562 3560 3557 6545 3563 
6635 3560 3557 6545 3563 3561 3558 6546 3564 
6636 3561 3558 6546 3564 2087 2086 3082 2088 
6637 718 877 878 759 4609 5086 5089 4732 
6638 4609 5086 5089 4732 4610 5087 5090 4733 
6639 4610 5087 5090 4733 4611 5088 5091 4734 
6640 4611 5088 5091 4734 2437 2596 2597 2478 
6641 912 964 1344 809 5191 5347 6487 4882 
6642 5191 5347 6487 4882 5192 5348 6488 4883 
6643 5192 5348 6488 4883 5193 5349 6489 4884 
6644 5193 5349 6489 4884 2631 2683 3063 2528 
6645 1170 1348 536 717 5965 6499 4063 4606 
6646 5965 6499 4063 4606 5966 6500 4064 4607 
6647 5966 6500 4064 4607 5967 6501 4065 4608 
6648 5967 6501 4065 4608 2889 3067 2255 2436 
6649 916 897 896 898 5203 5146 5143 5149 
6650 5203 5146 5143 5149 5204 5147 5144 5150 
6651 5204 5147 5144 5150 5205 5148 5145 5151 
6652 5205 5148 5145 5151 2635 2616 2615 2617 
6653 893 895 896 894 5134 5140 5143 5137 
6654 5134 5140 5143 5137 5135 5141 5144 5138 
6655 5135 5141 5144 5138 5136 5142 5145 5139 
6656 5136 5142 5145 5139 2612 2614 2615 2613 
6657 1033 1369 1008 1009 5554 6562 5479 5482 
6658 5554 6562 5479 5482 5555 6563 5480 5483 
6659 5555 6563 5480 5483 5556 6564 5481 5484 
6660 5556 6564 5481 5484 2752 3088 2727 2728 
6661 1181 771 772 1391 5998 4768 4771 6628 
6662 5998 4768 4771 6628 5999 4769 4772 6629 
6663 5999 4769 4772 6629 6000 4770 4773 6630 
6664 6000 4770 4773 6630 2900 2490 2491 3110 
6665 462 455 1350 463 3841 3820 6505 3844 
6666 3841 3820 6505 3844 3842 3821 6506 3845 
6667 3842 3821 6506 3845 3843 3822 6507 3846 
6668 3843 3822 6507 3846 2181 2174 3069 2182 
6669 669 668 1457 1200 4462 4459 6826 6055 
6670 4462 4459 6826 6055 4463 4460 6827 6056 
6671 4463 4460 6827 6056 4464 4461 6828 6057 
6672 4464 4461 6828 6057 2388 2387 3176 2919 
6673 70 71 1409 310 1864 1867 6682 3385 
6674 1864 1867 6682 3385 1865 1868 6683 3386 
6675 1865 1868 6683 3386 1866 1869 6684 3387 
6676 1866 1869 6684 3387 228 229 3128 2029 
6677 455 476 721 1350 3820 3883 4618 6505 
6678 3820 3883 4618 6505 3821 3884 4619 6506 
6679 3821 3884 4619 6506 3822 3885 4620 6507 
6680 3822 3885 4620 6507 2174 2195 2440 3069 
6681 324 1378 97 98 3427 6589 1672 1675 
6682 3427 6589 1672 1675 3428 6590 1673 1676 
6683 3428 6590 1673 1676 3429 6591 1674 1677 
6684 3429 6591 1674 1677 2043 3097 164 165 
6685 1008 1371 873 875 5479 6568 5074 5080 
6686 5479 6568 5074 5080 5480 6569 5075 5081 
6687 5480 6569 5075 5081 5481 6570 5076 5082 
6688 5481 6570 5076 5082 2727 3090 2592 2594 
6689 687 653 1352 756 4516 4414 6511 4723 
6690 4516 4414 6511 4723 4517 4415 6512 4724 
6691 4517 4415 6512 4724 4518 4416 6513 4725 
6692 4518 4416 6513 4725 2406 2372 3071 2475 
6693 622 1422 715 658 4321 6721 4600 4429 
6694 4321 6721 4600 4429 4322 6722 4601 4430 
6695 4322 6722 4601 4430 4323 6723 4602 4431 
6696 4323 6723 4602 4431 2341 3141 2434 2377 
6697 734 1352 653 651 4657 6511 4414 4408 
6698 4657 6511 4414 4408 4658 6512 4415 4409 
6699 4658 6512 4415 4409 4659 6513 4416 4410 
6700 4659 6513 4416 4410 2453 3071 2372 2370 
6701 129 315 1384 128 1966 3400 6607 1963 
6702 1966 3400 6607 1963 1967 3401 6608 1964 
6703 1967 3401 6608 1964 1968 3402 6609 1965 
6704 1968 3402 6609 1965 262 2034 3103 261 
6705 830 868 1352 734 4945 5059 6511 4657 
6706 4945 5059 6511 4657 4946 5060 6512 4658 
6707 4946 5060 6512 4658 4947 5061 6513 4659 
6708 4947 5061 6513 4659 2549 2587 3071 2453 
6709 348 344 1068 1067 3499 3487 5659 5656 
6710 3499 3487 5659 5656 3500 3488 5660 5657 
6711 3500 3488 5660 5657 3501 3489 5661 5658 
6712 3501 3489 5661 5658 2067 2063 2787 2786 
6713 938 1111 1595 966 5269 5788 7240 5353 
6714 5269 5788 7240 5353 5270 5789 7241 5354 
6715 5270 5789 7241 5354 5271 5790 7242 5355 
6716 5271 5790 7242 5355 2657 2830 3314 2685 
6717 1023 1022 992 318 5524 5521 5431 3409 
6718 5524 5521 5431 3409 5525 5522 5432 3410 
6719 5525 5522 5432 3410 5526 5523 5433 3411 
6720 5526 5523 5433 3411 2742 2741 2711 2037 
6721 540 519 1337 601 4075 4012 6466 4258 
6722 4075 4012 6466 4258 4076 4013 6467 4259 
6723 4076 4013 6467 4259 4077 4014 6468 4260 
6724 4077 4014 6468 4260 2259 2238 3056 2320 
6725 1237 1439 1019 890 6166 6772 5512 5125 
6726 6166 6772 5512 5125 6167 6773 5513 5126 
6727 6167 6773 5513 5126 6168 6774 5514 5127 
6728 6168 6774 5514 5127 2956 3158 2738 2609 
6729 421 391 389 1346 3718 3628 3622 6493 
6730 3718 3628 3622 6493 3719 3629 3623 6494 
6731 3719 3629 3623 6494 3720 3630 3624 6495 
6732 3720 3630 3624 6495 2140 2110 2108 3065 
6733 466 567 1524 1259 3853 4156 7027 6232 
6734 3853 4156 7027 6232 3854 4157 7028 6233 
6735 3854 4157 7028 6233 3855 4158 7029 6234 
6736 3855 4158 7029 6234 2185 2286 3243 2978 
6737 1045 922 917 923 5590 5221 5206 5224 
6738 5590 5221 5206 5224 5591 5222 5207 5225 
6739 5591 5222 5207 5225 5592 5223 5208 5226 
6740 5592 5223 5208 5226 2764 2641 2636 2642 
6741 506 1348 1337 512 3973 6499 6466 3991 
6742 3973 6499 6466 3991 3974 6500 6467 3992 
6743 3974 6500 6467 3992 3975 6501 6468 3993 
6744 3975 6501 6468 3993 2225 3067 3056 2231 
6745 1314 819 1091 1373 6397 4912 5728 6574 
6746 6397 4912 5728 6574 6398 4913 5729 6575 
6747 6398 4913 5729 6575 6399 4914 5730 6576 
6748 6399 4914 5730 6576 3033 2538 2810 3092 
6749 354 355 357 356 3517 3520 3526 3523 
6750 3517 3520 3526 3523 3518 3521 3527 3524 
6751 3518 3521 3527 3524 3519 3522 3528 3525 
6752 3519 3522 3528 3525 2073 2074 2076 2075 
6753 649 1351 941 1380 4402 6508 5278 6595 
6754 4402 6508 5278 6595 4403 6509 5279 6596 
6755 4403 6509 5279 6596 4404 6510 5280 6597 
6756 4404 6510 5280 6597 2368 3070 2660 3099 
6757 503 1364 721 488 3964 6547 4618 3919 
6758 3964 6547 4618 3919 3965 6548 4619 3920 
6759 3965 6548 4619 3920 3966 6549 4620 3921 
6760 3966 6549 4620 3921 2222 3083 2440 2207 
6761 292 1549 1514 1065 3331 7102 6997 5650 
6762 3331 7102 6997 5650 3332 7103 6998 5651 
6763 3332 7103 6998 5651 3333 7104 6999 5652 
6764 3333 7104 6999 5652 2011 3268 3233 2784 
6765 367 365 1375 437 3556 3550 6580 3766 
6766 3556 3550 6580 3766 3557 3551 6581 3767 
6767 3557 3551 6581 3767 3558 3552 6582 3768 
6768 3558 3552 6582 3768 2086 2084 3094 2156 
6769 759 1357 891 760 4732 6526 5128 4735 
6770 4732 6526 5128 4735 4733 6527 5129 4736 
6771 4733 6527 5129 4736 4734 6528 5130 4737 
6772 4734 6528 5130 4737 2478 3076 2610 2479 
6773 547 627 1390 1238 4096 4336 6625 6169 
6774 4096 4336 6625 6169 4097 4337 6626 6170 
6775 4097 4337 6626 6170 4098 4338 6627 6171 
6776 4098 4338 6627 6171 2266 2346 3109 2957 
6777 1322 1374 754 710 6421 6577 4717 4585 
6778 6421 6577 4717 4585 6422 6578 4718 4586 
6779 6422 6578 4718 4586 6423 6579 4719 4587 
6780 6423 6579 4719 4587 3041 3093 2473 2429 
6781 1296 1364 503 533 6343 6547 3964 4054 
6782 6343 6547 3964 4054 6344 6548 3965 4055 
6783 6344 6548 3965 4055 6345 6549 3966 4056 
6784 6345 6549 3966 4056 3015 3083 2222 2252 
6785 574 573 1347 632 4177 4174 6496 4351 
6786 4177 4174 6496 4351 4178 4175 6497 4352 
6787 4178 4175 6497 4352 4179 4176 6498 4353 
6788 4179 4176 6498 4353 2293 2292 3066 2351 
6789 507 536 1348 506 3976 4063 6499 3973 
6790 3976 4063 6499 3973 3977 4064 6500 3974 
6791 3977 4064 6500 3974 3978 4065 6501 3975 
6792 3978 4065 6501 3975 2226 2255 3067 2225 
6793 493 1387 1373 1091 3934 6616 6574 5728 
6794 3934 6616 6574 5728 3935 6617 6575 5729 
6795 3935 6617 6575 5729 3936 6618 6576 5730 
6796 3936 6618 6576 5730 2212 3106 3092 2810 
6797 995 896 895 1333 5440 5143 5140 6454 
6798 5440 5143 5140 6454 5441 5144 5141 6455 
6799 5441 5144 5141 6455 5442 5145 5142 6456 
6800 5442 5145 5142 6456 2714 2615 2614 3052 
6801 610 661 1359 609 4285 4438 6532 4282 
6802 4285 4438 6532 4282 4286 4439 6533 4283 
6803 4286 4439 6533 4283 4287 4440 6534 4284 
6804 4287 4440 6534 4284 2329 2380 3078 2328 
6805 876 1347 573 638 5083 6496 4174 4369 
6806 5083 6496 4174 4369 5084 6497 4175 4370 
6807 5084 6497 4175 4370 5085 6498 4176 4371 
6808 5085 6498 4176 4371 2595 3066 2292 2357 
6809 361 359 1379 481 3538 3532 6592 3898 
6810 3538 3532 6592 3898 3539 3533 6593 3899 
6811 3539 3533 6593 3899 3540 3534 6594 3900 
6812 3540 3534 6594 3900 2080 2078 3098 2200 
6813 402 675 1356 404 3661 4480 6523 3667 
6814 3661 4480 6523 3667 3662 4481 6524 3668 
6815 3662 4481 6524 3668 3663 4482 6525 3669 
6816 3663 4482 6525 3669 2121 2394 3075 2123 
6817 1353 1377 942 860 6514 6586 5281 5035 
6818 6514 6586 5281 5035 6515 6587 5282 5036 
6819 6515 6587 5282 5036 6516 6588 5283 5037 
6820 6516 6588 5283 5037 3072 3096 2661 2579 
6821 1023 308 349 350 5524 3379 3502 3505 
6822 5524 3379 3502 3505 5525 3380 3503 3506 
6823 5525 3380 3503 3506 5526 3381 3504 3507 
6824 5526 3381 3504 3507 2742 2027 2068 2069 
6825 1362 859 1485 1469 6541 5032 6910 6862 
6826 6541 5032 6910 6862 6542 5033 6911 6863 
6827 6542 5033 6911 6863 6543 5034 6912 6864 
6828 6543 5034 6912 6864 3081 2578 3204 3188 
6829 305 1508 1530 1275 3370 6979 7045 6280 
6830 3370 6979 7045 6280 3371 6980 7046 6281 
6831 3371 6980 7046 6281 3372 6981 7047 6282 
6832 3372 6981 7047 6282 2024 3227 3249 2994 
6833 385 384 1355 386 3610 3607 6520 3613 
6834 3610 3607 6520 3613 3611 3608 6521 3614 
6835 3611 3608 6521 3614 3612 3609 6522 3615 
6836 3612 3609 6522 3615 2104 2103 3074 2105 
6837 1050 446 448 1425 5605 3793 3799 6730 
6838 5605 3793 3799 6730 5606 3794 3800 6731 
6839 5606 3794 3800 6731 5607 3795 3801 6732 
6840 5607 3795 3801 6732 2769 2165 2167 3144 
6841 763 766 1385 1349 4744 4753 6610 6502 
6842 4744 4753 6610 6502 4745 4754 6611 6503 
6843 4745 4754 6611 6503 4746 4755 6612 6504 
6844 4746 4755 6612 6504 2482 2485 3104 3068 
6845 90 294 1458 89 1651 3337 6829 1648 
6846 1651 3337 6829 1648 1652 3338 6830 1649 
6847 1652 3338 6830 1649 1653 3339 6831 1650 
6848 1653 3339 6831 1650 157 2013 3177 156 
6849 1210 615 1424 1211 6085 4300 6727 6088 
6850 6085 4300 6727 6088 6086 4301 6728 6089 
6851 6086 4301 6728 6089 6087 4302 6729 6090 
6852 6087 4302 6729 6090 2929 2334 3143 2930 
6853 834 1176 1474 1177 4957 5983 6877 5986 
6854 4957 5983 6877 5986 4958 5984 6878 5987 
6855 4958 5984 6878 5987 4959 5985 6879 5988 
6856 4959 5985 6879 5988 2553 2895 3193 2896 
6857 664 728 883 1354 4447 4639 5104 6517 
6858 4447 4639 5104 6517 4448 4640 5105 6518 
6859 4448 4640 5105 6518 4449 4641 5106 6519 
6860 4449 4641 5106 6519 2383 2447 2602 3073 
6861 828 865 1410 902 4939 5050 6685 5161 
6862 4939 5050 6685 5161 4940 5051 6686 5162 
6863 4940 5051 6686 5162 4941 5052 6687 5163 
6864 4941 5052 6687 5163 2547 2584 3129 2621 
6865 704 1125 1420 1076 4567 5830 6715 5683 
6866 4567 5830 6715 5683 4568 5831 6716 5684 
6867 4568 5831 6716 5684 4569 5832 6717 5685 
6868 4569 5832 6717 5685 2423 2844 3139 2795 
6869 53 296 1396 52 1813 3343 6643 1810 
6870 1813 3343 6643 1810 1814 3344 6644 1811 
6871 1814 3344 6644 1811 1815 3345 6645 1812 
6872 1815 3345 6645 1812 211 2015 3115 210 
6873 617 620 1561 1334 4306 4315 7138 6457 
6874 4306 4315 7138 6457 4307 4316 7139 6458 
6875 4307 4316 7139 6458 4308 4317 7140 6459 
6876 4308 4317 7140 6459 2336 2339 3280 3053 
6877 315 1523 1176 1175 3400 7024 5983 5980 
6878 3400 7024 5983 5980 3401 7025 5984 5981 
6879 3401 7025 5984 5981 3402 7026 5985 5982 
6880 3402 7026 5985 5982 2034 3242 2895 2894 
6881 549 1336 957 655 4102 6463 5326 4420 
6882 4102 6463 5326 4420 4103 6464 5327 4421 
6883 4103 6464 5327 4421 4104 6465 5328 4422 
6884 4104 6465 5328 4422 2268 3055 2676 2374 
6885 923 917 1388 1066 5224 5206 6619 5653 
6886 5224 5206 6619 5653 5225 5207 6620 5654 
6887 5225 5207 6620 5654 5226 5208 6621 5655 
6888 5226 5208 6621 5655 2642 2636 3107 2785 
6889 1385 872 1061 1376 6610 5071 5638 6583 
6890 6610 5071 5638 6583 6611 5072 5639 6584 
6891 6611 5072 5639 6584 6612 5073 5640 6585 
6892 6612 5073 5640 6585 3104 2591 2780 3095 
6893 794 568 473 1361 4837 4159 3874 6538 
6894 4837 4159 3874 6538 4838 4160 3875 6539 
6895 4838 4160 3875 6539 4839 4161 3876 6540 
6896 4839 4161 3876 6540 2513 2287 2192 3080 
6897 1454 1152 1463 407 6817 5911 6844 3676 
6898 6817 5911 6844 3676 6818 5912 6845 3677 
6899 6818 5912 6845 3677 6819 5913 6846 3678 
6900 6819 5913 6846 3678 3173 2871 3182 2126 
6901 1085 1357 759 878 5710 6526 4732 5089 
6902 5710 6526 4732 5089 5711 6527 4733 5090 
6903 5711 6527 4733 5090 5712 6528 4734 5091 
6904 5712 6528 4734 5091 2804 3076 2478 2597 
6905 364 363 1375 365 3547 3544 6580 3550 
6906 3547 3544 6580 3550 3548 3545 6581 3551 
6907 3548 3545 6581 3551 3549 3546 6582 3552 
6908 3549 3546 6582 3552 2083 2082 3094 2084 
6909 615 396 398 1381 4300 3643 3649 6598 
6910 4300 3643 3649 6598 4301 3644 3650 6599 
6911 4301 3644 3650 6599 4302 3645 3651 6600 
6912 4302 3645 3651 6600 2334 2115 2117 3100 
6913 1536 332 1275 1530 7063 3451 6280 7045 
6914 7063 3451 6280 7045 7064 3452 6281 7046 
6915 7064 3452 6281 7046 7065 3453 6282 7047 
6916 7065 3453 6282 7047 3255 2051 2994 3249 
6917 1152 1454 1159 1161 5911 6817 5932 5938 
6918 5911 6817 5932 5938 5912 6818 5933 5939 
6919 5912 6818 5933 5939 5913 6819 5934 5940 
6920 5913 6819 5934 5940 2871 3173 2878 2880 
6921 405 404 1356 408 3670 3667 6523 3679 
6922 3670 3667 6523 3679 3671 3668 6524 3680 
6923 3671 3668 6524 3680 3672 3669 6525 3681 
6924 3672 3669 6525 3681 2124 2123 3075 2127 
6925 896 897 1359 894 5143 5146 6532 5137 
6926 5143 5146 6532 5137 5144 5147 6533 5138 
6927 5144 5147 6533 5138 5145 5148 6534 5139 
6928 5145 5148 6534 5139 2615 2616 3078 2613 
6929 571 574 1448 1328 4168 4177 6799 6439 
6930 4168 4177 6799 6439 4169 4178 6800 6440 
6931 4169 4178 6800 6440 4170 4179 6801 6441 
6932 4170 4179 6801 6441 2290 2293 3167 3047 
6933 977 978 1449 1080 5386 5389 6802 5695 
6934 5386 5389 6802 5695 5387 5390 6803 5696 
6935 5387 5390 6803 5696 5388 5391 6804 5697 
6936 5388 5391 6804 5697 2696 2697 3168 2799 
6937 967 968 1406 939 5356 5359 6673 5272 
6938 5356 5359 6673 5272 5357 5360 6674 5273 
6939 5357 5360 6674 5273 5358 5361 6675 5274 
6940 5358 5361 6675 5274 2686 2687 3125 2658 
6941 618 538 1360 679 4309 4069 6535 4492 
6942 4309 4069 6535 4492 4310 4070 6536 4493 
6943 4310 4070 6536 4493 4311 4071 6537 4494 
6944 4311 4071 6537 4494 2337 2257 3079 2398 
6945 1314 1373 864 1286 6397 6574 5047 6313 
6946 6397 6574 5047 6313 6398 6575 5048 6314 
6947 6398 6575 5048 6314 6399 6576 5049 6315 
6948 6399 6576 5049 6315 3033 3092 2583 3005 
6949 473 460 1317 1361 3874 3835 6406 6538 
6950 3874 3835 6406 6538 3875 3836 6407 6539 
6951 3875 3836 6407 6539 3876 3837 6408 6540 
6952 3876 3837 6408 6540 2192 2179 3036 3080 
6953 538 523 1300 1360 4069 4024 6355 6535 
6954 4069 4024 6355 6535 4070 4025 6356 6536 
6955 4070 4025 6356 6536 4071 4026 6357 6537 
6956 4071 4026 6357 6537 2257 2242 3019 3079 
6957 320 1382 72 73 3415 6601 1870 1873 
6958 3415 6601 1870 1873 3416 6602 1871 1874 
6959 3416 6602 1871 1874 3417 6603 1872 1875 
6960 3417 6603 1872 1875 2039 3101 230 231 
6961 564 565 611 1358 4147 4150 4288 6529 
6962 4147 4150 4288 6529 4148 4151 4289 6530 
6963 4148 4151 4289 6530 4149 4152 4290 6531 
6964 4149 4152 4290 6531 2283 2284 2330 3077 
6965 714 649 1380 924 4597 4402 6595 5227 
6966 4597 4402 6595 5227 4598 4403 6596 5228 
6967 4598 4403 6596 5228 4599 4404 6597 5229 
6968 4599 4404 6597 5229 2433 2368 3099 2643 
6969 1338 127 128 1384 6469 1960 1963 6607 
6970 6469 1960 1963 6607 6470 1961 1964 6608 
6971 6470 1961 1964 6608 6471 1962 1965 6609 
6972 6471 1962 1965 6609 3057 260 261 3103 
6973 300 85 86 1394 3355 1636 1639 6637 
6974 3355 1636 1639 6637 3356 1637 1640 6638 
6975 3356 1637 1640 6638 3357 1638 1641 6639 
6976 3357 1638 1641 6639 2019 152 153 3113 
6977 352 353 355 354 3511 3514 3520 3517 
6978 3511 3514 3520 3517 3512 3515 3521 3518 
6979 3512 3515 3521 3518 3513 3516 3522 3519 
6980 3513 3516 3522 3519 2071 2072 2074 2073 
6981 1381 398 400 1386 6598 3649 3655 6613 
6982 6598 3649 3655 6613 6599 3650 3656 6614 
6983 6599 3650 3656 6614 6600 3651 3657 6615 
6984 6600 3651 3657 6615 3100 2117 2119 3105 
6985 14 322 1503 13 1696 3421 6964 1693 
6986 1696 3421 6964 1693 1697 3422 6965 1694 
6987 1697 3422 6965 1694 1698 3423 6966 1695 
6988 1698 3423 6966 1695 172 2041 3222 171 
6989 1127 1401 744 863 5836 6658 4687 5044 
6990 5836 6658 4687 5044 5837 6659 4688 5045 
6991 5837 6659 4688 5045 5838 6660 4689 5046 
6992 5838 6660 4689 5046 2846 3120 2463 2582 
6993 1376 1227 1349 1385 6583 6136 6502 6610 
6994 6583 6136 6502 6610 6584 6137 6503 6611 
6995 6584 6137 6503 6611 6585 6138 6504 6612 
6996 6585 6138 6504 6612 3095 2946 3068 3104 
6997 1018 1037 1392 869 5509 5566 6631 5062 
6998 5509 5566 6631 5062 5510 5567 6632 5063 
6999 5510 5567 6632 5063 5511 5568 6633 5064 
7000 5511 5568 6633 5064 2737 2756 3111 2588 
7001 1246 1247 1574 1245 6193 6196 7177 6190 
7002 6193 6196 7177 6190 6194 6197 7178 6191 
7003 6194 6197 7178 6191 6195 6198 7179 6192 
7004 6195 6198 7179 6192 2965 2966 3293 2964 
7005 817 818 1385 766 4906 4909 6610 4753 
7006 4906 4909 6610 4753 4907 4910 6611 4754 
7007 4907 4910 6611 4754 4908 4911 6612 4755 
7008 4908 4911 6612 4755 2536 2537 3104 2485 
7009 565 609 1359 611 4150 4282 6532 4288 
7010 4150 4282 6532 4288 4151 4283 6533 4289 
7011 4151 4283 6533 4289 4152 4284 6534 4290 
7012 4152 4284 6534 4290 2284 2328 3078 2330 
7013 717 564 1358 718 4606 4147 6529 4609 
7014 4606 4147 6529 4609 4607 4148 6530 4610 
7015 4607 4148 6530 4610 4608 4149 6531 4611 
7016 4608 4149 6531 4611 2436 2283 3077 2437 
7017 551 560 1429 527 4108 4135 6742 4036 
7018 4108 4135 6742 4036 4109 4136 6743 4037 
7019 4109 4136 6743 4037 4110 4137 6744 4038 
7020 4110 4137 6744 4038 2270 2279 3148 2246 
7021 893 894 1359 661 5134 5137 6532 4438 
7022 5134 5137 6532 4438 5135 5138 6533 4439 
7023 5135 5138 6533 4439 5136 5139 6534 4440 
7024 5136 5139 6534 4440 2612 2613 3078 2380 
7025 318 141 140 1023 3409 2002 1999 5524 
7026 3409 2002 1999 5524 3410 2003 2000 5525 
7027 3410 2003 2000 5525 3411 2004 2001 5526 
7028 3411 2004 2001 5526 2037 272 273 2742 
7029 849 1172 1537 1171 5002 5971 7066 5968 
7030 5002 5971 7066 5968 5003 5972 7067 5969 
7031 5003 5972 7067 5969 5004 5973 7068 5970 
7032 5004 5973 7068 5970 2568 2891 3256 2890 
7033 94 307 1580 93 1663 3376 7195 1660 
7034 1663 3376 7195 1660 1664 3377 7196 1661 
7035 1664 3377 7196 1661 1665 3378 7197 1662 
7036 1665 3378 7197 1662 161 2026 3299 160 
7037 632 1347 1397 697 4351 6496 6646 4546 
7038 4351 6496 6646 4546 4352 6497 6647 4547 
7039 4352 6497 6647 4547 4353 6498 6648 4548 
7040 4353 6498 6648 4548 2351 3066 3116 2416 
7041 1023 140 139 308 5524 1999 1996 3379 
7042 5524 1999 1996 3379 5525 2000 1997 3380 
7043 5525 2000 1997 3380 5526 2001 1998 3381 
7044 5526 2001 1998 3381 2742 273 274 2027 
7045 340 51 52 1396 3475 1807 1810 6643 
7046 3475 1807 1810 6643 3476 1808 1811 6644 
7047 3476 1808 1811 6644 3477 1809 1812 6645 
7048 3477 1809 1812 6645 2059 209 210 3115 
7049 358 357 1379 359 3529 3526 6592 3532 
7050 3529 3526 6592 3532 3530 3527 6593 3533 
7051 3530 3527 6593 3533 3531 3528 6594 3534 
7052 3531 3528 6594 3534 2077 2076 3098 2078 
7053 1092 1472 420 425 5731 6871 3715 3730 
7054 5731 6871 3715 3730 5732 6872 3716 3731 
7055 5732 6872 3716 3731 5733 6873 3717 3732 
7056 5733 6873 3717 3732 2811 3191 2139 2144 
7057 1586 530 1461 1581 7213 4045 6838 7198 
7058 7213 4045 6838 7198 7214 4046 6839 7199 
7059 7214 4046 6839 7199 7215 4047 6840 7200 
7060 7215 4047 6840 7200 3305 2249 3180 3300 
7061 1373 1387 919 864 6574 6616 5212 5047 
7062 6574 6616 5212 5047 6575 6617 5213 5048 
7063 6575 6617 5213 5048 6576 6618 5214 5049 
7064 6576 6618 5214 5049 3092 3106 2638 2583 
7065 490 469 1413 1268 3925 3862 6694 6259 
7066 3925 3862 6694 6259 3926 3863 6695 6260 
7067 3926 3863 6695 6260 3927 3864 6696 6261 
7068 3927 3864 6696 6261 2209 2188 3132 2987 
7069 477 1153 1402 694 3886 5914 6661 4537 
7070 3886 5914 6661 4537 3887 5915 6662 4538 
7071 3887 5915 6662 4538 3888 5916 6663 4539 
7072 3888 5916 6663 4539 2196 2872 3121 2413 
7073 353 592 1372 355 3514 4231 6571 3520 
7074 3514 4231 6571 3520 3515 4232 6572 3521 
7075 3515 4232 6572 3521 3516 4233 6573 3522 
7076 3516 4233 6573 3522 2072 2311 3091 2074 
7077 1043 1044 1479 972 5584 5587 6892 5371 
7078 5584 5587 6892 5371 5585 5588 6893 5372 
7079 5585 5588 6893 5372 5586 5589 6894 5373 
7080 5586 5589 6894 5373 2762 2763 3198 2691 
7081 344 348 139 138 3487 3499 1996 1993 
7082 3487 3499 1996 1993 3488 3500 1997 1994 
7083 3488 3500 1997 1994 3489 3501 1998 1995 
7084 3489 3501 1998 1995 2063 2067 274 275 
7085 932 1391 772 778 5251 6628 4771 4789 
7086 5251 6628 4771 4789 5252 6629 4772 4790 
7087 5252 6629 4772 4790 5253 6630 4773 4791 
7088 5253 6630 4773 4791 2651 3110 2491 2497 
7089 16 316 1542 15 1702 3403 7081 1699 
7090 1702 3403 7081 1699 1703 3404 7082 1700 
7091 1703 3404 7082 1700 1704 3405 7083 1701 
7092 1704 3405 7083 1701 174 2035 3261 173 
7093 1537 428 1559 1111 7066 3739 7132 5788 
7094 7066 3739 7132 5788 7067 3740 7133 5789 
7095 7067 3740 7133 5789 7068 3741 7134 5790 
7096 7068 3741 7134 5790 3256 2147 3278 2830 
7097 1147 1042 1431 1418 5896 5581 6748 6709 
7098 5896 5581 6748 6709 5897 5582 6749 6710 
7099 5897 5582 6749 6710 5898 5583 6750 6711 
7100 5898 5583 6750 6711 2866 2761 3150 3137 
7101 1398 1435 361 481 6649 6760 3538 3898 
7102 6649 6760 3538 3898 6650 6761 3539 3899 
7103 6650 6761 3539 3899 6651 6762 3540 3900 
7104 6651 6762 3540 3900 3117 3154 2080 2200 
7105 878 877 1438 879 5089 5086 6769 5092 
7106 5089 5086 6769 5092 5090 5087 6770 5093 
7107 5090 5087 6770 5093 5091 5088 6771 5094 
7108 5091 5088 6771 5094 2597 2596 3157 2598 
7109 1575 1570 620 855 7180 7165 4315 5020 
7110 7180 7165 4315 5020 7181 7166 4316 5021 
7111 7181 7166 4316 5021 7182 7167 4317 5022 
7112 7182 7167 4317 5022 3294 3289 2339 2574 
7113 1030 852 744 1401 5545 5011 4687 6658 
7114 5545 5011 4687 6658 5546 5012 4688 6659 
7115 5546 5012 4688 6659 5547 5013 4689 6660 
7116 5547 5013 4689 6660 2749 2571 2463 3120 
7117 896 995 1388 898 5143 5440 6619 5149 
7118 5143 5440 6619 5149 5144 5441 6620 5150 
7119 5144 5441 6620 5150 5145 5442 6621 5151 
7120 5145 5442 6621 5151 2615 2714 3107 2617 
7121 431 672 1584 716 3748 4471 7207 4603 
7122 3748 4471 7207 4603 3749 4472 7208 4604 
7123 3749 4472 7208 4604 3750 4473 7209 4605 
7124 3750 4473 7209 4605 2150 2391 3303 2435 
7125 54 1393 296 53 1816 6634 3343 1813 
7126 1816 6634 3343 1813 1817 6635 3344 1814 
7127 1817 6635 3344 1814 1818 6636 3345 1815 
7128 1818 6636 3345 1815 212 3112 2015 211 
7129 1030 1255 515 1600 5545 6220 4000 7255 
7130 5545 6220 4000 7255 5546 6221 4001 7256 
7131 5546 6221 4001 7256 5547 6222 4002 7257 
7132 5547 6222 4002 7257 2749 2974 2234 3319 
7133 1322 1211 1424 1374 6421 6088 6727 6577 
7134 6421 6088 6727 6577 6422 6089 6728 6578 
7135 6422 6089 6728 6578 6423 6090 6729 6579 
7136 6423 6090 6729 6579 3041 2930 3143 3093 
7137 661 610 1593 892 4438 4285 7234 5131 
7138 4438 4285 7234 5131 4439 4286 7235 5132 
7139 4439 4286 7235 5132 4440 4287 7236 5133 
7140 4440 4287 7236 5133 2380 2329 3312 2611 
7141 1132 794 1361 1405 5851 4837 6538 6670 
7142 5851 4837 6538 6670 5852 4838 6539 6671 
7143 5852 4838 6539 6671 5853 4839 6540 6672 
7144 5853 4839 6540 6672 2851 2513 3080 3124 
7145 1327 1407 99 100 6436 6676 1678 1681 
7146 6436 6676 1678 1681 6437 6677 1679 1682 
7147 6437 6677 1679 1682 6438 6678 1680 1683 
7148 6438 6678 1680 1683 3046 3126 166 167 
7149 1354 883 885 1390 6517 5104 5110 6625 
7150 6517 5104 5110 6625 6518 5105 5111 6626 
7151 6518 5105 5111 6626 6519 5106 5112 6627 
7152 6519 5106 5112 6627 3073 2602 2604 3109 
7153 358 1240 1573 643 3529 6175 7174 4384 
7154 3529 6175 7174 4384 3530 6176 7175 4385 
7155 3530 6176 7175 4385 3531 6177 7176 4386 
7156 3531 6177 7176 4386 2077 2959 3292 2362 
7157 1439 1467 70 310 6772 6856 1864 3385 
7158 6772 6856 1864 3385 6773 6857 1865 3386 
7159 6773 6857 1865 3386 6774 6858 1866 3387 
7160 6774 6858 1866 3387 3158 3186 228 2029 
7161 902 1410 437 1399 5161 6685 3766 6652 
7162 5161 6685 3766 6652 5162 6686 3767 6653 
7163 5162 6686 3767 6653 5163 6687 3768 6654 
7164 5163 6687 3768 6654 2621 3129 2156 3118 
7165 937 936 939 1406 5266 5263 5272 6673 
7166 5266 5263 5272 6673 5267 5264 5273 6674 
7167 5267 5264 5273 6674 5268 5265 5274 6675 
7168 5268 5265 5274 6675 2656 2655 2658 3125 
7169 1298 642 1303 1421 6349 4381 6364 6718 
7170 6349 4381 6364 6718 6350 4382 6365 6719 
7171 6350 4382 6365 6719 6351 4383 6366 6720 
7172 6351 4383 6366 6720 3017 2361 3022 3140 
7173 916 898 1388 917 5203 5149 6619 5206 
7174 5203 5149 6619 5206 5204 5150 6620 5207 
7175 5204 5150 6620 5207 5205 5151 6621 5208 
7176 5205 5151 6621 5208 2635 2617 3107 2636 
7177 1169 1181 1404 1168 5962 5998 6667 5959 
7178 5962 5998 6667 5959 5963 5999 6668 5960 
7179 5963 5999 6668 5960 5964 6000 6669 5961 
7180 5964 6000 6669 5961 2888 2900 3123 2887 
7181 1248 1493 1279 297 6199 6934 6292 3346 
7182 6199 6934 6292 3346 6200 6935 6293 3347 
7183 6200 6935 6293 3347 6201 6936 6294 3348 
7184 6201 6936 6294 3348 2967 3212 2998 2016 
7185 991 142 141 318 5428 2005 2002 3409 
7186 5428 2005 2002 3409 5429 2006 2003 3410 
7187 5429 2006 2003 3410 5430 2007 2004 3411 
7188 5430 2007 2004 3411 2710 271 272 2037 
7189 423 1263 1582 515 3724 6244 7201 4000 
7190 3724 6244 7201 4000 3725 6245 7202 4001 
7191 3725 6245 7202 4001 3726 6246 7203 4002 
7192 3726 6246 7203 4002 2142 2982 3301 2234 
7193 31 309 1484 30 1747 3382 6907 1744 
7194 1747 3382 6907 1744 1748 3383 6908 1745 
7195 1748 3383 6908 1745 1749 3384 6909 1746 
7196 1749 3384 6909 1746 189 2028 3203 188 
7197 1000 1140 1522 1002 5455 5875 7021 5461 
7198 5455 5875 7021 5461 5456 5876 7022 5462 
7199 5456 5876 7022 5462 5457 5877 7023 5463 
7200 5457 5877 7023 5463 2719 2859 3241 2721 
7201 1446 1383 1574 1247 6793 6604 7177 6196 
7202 6793 6604 7177 6196 6794 6605 7178 6197 
7203 6794 6605 7178 6197 6795 6606 7179 6198 
7204 6795 6606 7179 6198 3165 3102 3293 2966 
7205 355 1372 1379 357 3520 6571 6592 3526 
7206 3520 6571 6592 3526 3521 6572 6593 3527 
7207 3521 6572 6593 3527 3522 6573 6594 3528 
7208 3522 6573 6594 3528 2074 3091 3098 2076 
7209 721 1364 1296 1418 4618 6547 6343 6709 
7210 4618 6547 6343 6709 4619 6548 6344 6710 
7211 4619 6548 6344 6710 4620 6549 6345 6711 
7212 4620 6549 6345 6711 2440 3083 3015 3137 
7213 868 1395 756 1352 5059 6640 4723 6511 
7214 5059 6640 4723 6511 5060 6641 4724 6512 
7215 5060 6641 4724 6512 5061 6642 4725 6513 
7216 5061 6642 4725 6513 2587 3114 2475 3071 
7217 981 1077 1395 868 5398 5686 6640 5059 
7218 5398 5686 6640 5059 5399 5687 6641 5060 
7219 5399 5687 6641 5060 5400 5688 6642 5061 
7220 5400 5688 6642 5061 2700 2796 3114 2587 
7221 51 340 1451 50 1807 3475 6808 1804 
7222 1807 3475 6808 1804 1808 3476 6809 1805 
7223 1808 3476 6809 1805 1809 3477 6810 1806 
7224 1809 3477 6810 1806 209 2059 3170 208 
7225 373 371 1447 407 3574 3568 6796 3676 
7226 3574 3568 6796 3676 3575 3569 6797 3677 
7227 3575 3569 6797 3677 3576 3570 6798 3678 
7228 3576 3570 6798 3678 2092 2090 3166 2126 
7229 821 955 1531 1175 4918 5320 7048 5980 
7230 4918 5320 7048 5980 4919 5321 7049 5981 
7231 4919 5321 7049 5981 4920 5322 7050 5982 
7232 4920 5322 7050 5982 2540 2674 3250 2894 
7233 1082 1084 1539 335 5701 5707 7072 3460 
7234 5701 5707 7072 3460 5702 5708 7073 3461 
7235 5702 5708 7073 3461 5703 5709 7074 3462 
7236 5703 5709 7074 3462 2801 2803 3258 2054 
7237 880 1074 1543 784 5095 5677 7084 4807 
7238 5095 5677 7084 4807 5096 5678 7085 4808 
7239 5096 5678 7085 4808 5097 5679 7086 4809 
7240 5097 5679 7086 4809 2599 2793 3262 2503 
7241 1168 1404 1417 602 5959 6667 6706 4261 
7242 5959 6667 6706 4261 5960 6668 6707 4262 
7243 5960 6668 6707 4262 5961 6669 6708 4263 
7244 5961 6669 6708 4263 2887 3123 3136 2321 
7245 800 697 1397 816 4855 4546 6646 4903 
7246 4855 4546 6646 4903 4856 4547 6647 4904 
7247 4856 4547 6647 4904 4857 4548 6648 4905 
7248 4857 4548 6648 4905 2519 2416 3116 2535 
7249 980 1544 1202 1203 5395 7087 6061 6064 
7250 5395 7087 6061 6064 5396 7088 6062 6065 
7251 5396 7088 6062 6065 5397 7089 6063 6066 
7252 5397 7089 6063 6066 2699 3263 2921 2922 
7253 1397 1500 944 1526 6646 6955 5287 7033 
7254 6646 6955 5287 7033 6647 6956 5288 7034 
7255 6647 6956 5288 7034 6648 6957 5289 7035 
7256 6648 6957 5289 7035 3116 3219 2663 3245 
7257 1292 643 1573 1547 6331 4384 7174 7096 
7258 6331 4384 7174 7096 6332 4385 7175 7097 
7259 6332 4385 7175 7097 6333 4386 7176 7098 
7260 6333 4386 7176 7098 3011 2362 3292 3266 
7261 1420 1417 933 1076 6715 6706 5254 5683 
7262 6715 6706 5254 5683 6716 6707 5255 5684 
7263 6716 6707 5255 5684 6717 6708 5256 5685 
7264 6717 6708 5256 5685 3139 3136 2652 2795 
7265 1185 1184 909 1426 6010 6007 5182 6733 
7266 6010 6007 5182 6733 6011 6008 5183 6734 
7267 6011 6008 5183 6734 6012 6009 5184 6735 
7268 6012 6009 5184 6735 2904 2903 2628 3145 
7269 1382 1409 71 72 6601 6682 1867 1870 
7270 6601 6682 1867 1870 6602 6683 1868 1871 
7271 6602 6683 1868 1871 6603 6684 1869 1872 
7272 6603 6684 1869 1872 3101 3128 229 230 
7273 1098 1399 437 1375 5749 6652 3766 6580 
7274 5749 6652 3766 6580 5750 6653 3767 6581 
7275 5750 6653 3767 6581 5751 6654 3768 6582 
7276 5751 6654 3768 6582 2817 3118 2156 3094 
7277 354 723 1494 352 3517 4624 6937 3511 
7278 3517 4624 6937 3511 3518 4625 6938 3512 
7279 3518 4625 6938 3512 3519 4626 6939 3513 
7280 3519 4626 6939 3513 2073 2442 3213 2071 
7281 773 351 350 349 4774 3508 3505 3502 
7282 4774 3508 3505 3502 4775 3509 3506 3503 
7283 4775 3509 3506 3503 4776 3510 3507 3504 
7284 4776 3510 3507 3504 2492 2070 2069 2068 
7285 989 1218 1590 1219 5422 6109 7225 6112 
7286 5422 6109 7225 6112 5423 6110 7226 6113 
7287 5423 6110 7226 6113 5424 6111 7227 6114 
7288 5424 6111 7227 6114 2708 2937 3309 2938 
7289 29 328 1498 28 1741 3439 6949 1738 
7290 1741 3439 6949 1738 1742 3440 6950 1739 
7291 1742 3440 6950 1739 1743 3441 6951 1740 
7292 1743 3441 6951 1740 187 2047 3217 186 
7293 545 1238 1442 624 4090 6169 6781 4327 
7294 4090 6169 6781 4327 4091 6170 6782 4328 
7295 4091 6170 6782 4328 4092 6171 6783 4329 
7296 4092 6171 6783 4329 2264 2957 3161 2343 
7297 1104 1183 1182 1533 5767 6004 6001 7054 
7298 5767 6004 6001 7054 5768 6005 6002 7055 
7299 5768 6005 6002 7055 5769 6006 6003 7056 
7300 5769 6006 6003 7056 2823 2902 2901 3252 
7301 1077 325 1580 1078 5686 3430 7195 5689 
7302 5686 3430 7195 5689 5687 3431 7196 5690 
7303 5687 3431 7196 5690 5688 3432 7197 5691 
7304 5688 3432 7197 5691 2796 2044 3299 2797 
7305 338 1604 988 1047 3469 7267 5419 5596 
7306 3469 7267 5419 5596 3470 7268 5420 5597 
7307 3470 7268 5420 5597 3471 7269 5421 5598 
7308 3471 7269 5421 5598 2057 3323 2707 2766 
7309 756 757 1441 687 4723 4726 6778 4516 
7310 4723 4726 6778 4516 4724 4727 6779 4517 
7311 4724 4727 6779 4517 4725 4728 6780 4518 
7312 4725 4728 6780 4518 2475 2476 3160 2406 
7313 1125 412 414 1420 5830 3691 3697 6715 
7314 5830 3691 3697 6715 5831 3692 3698 6716 
7315 5831 3692 3698 6716 5832 3693 3699 6717 
7316 5832 3693 3699 6717 2844 2131 2133 3139 
7317 901 1105 1507 900 5158 5770 6976 5155 
7318 5158 5770 6976 5155 5159 5771 6977 5156 
7319 5159 5771 6977 5156 5160 5772 6978 5157 
7320 5160 5772 6978 5157 2620 2824 3226 2619 
7321 714 924 1414 925 4597 5227 6697 5230 
7322 4597 5227 6697 5230 4598 5228 6698 5231 
7323 4598 5228 6698 5231 4599 5229 6699 5232 
7324 4599 5229 6699 5232 2433 2643 3133 2644 
7325 37 2 38 1545 1765 283 1768 7090 
7326 1765 283 1768 7090 1766 284 1769 7091 
7327 1766 284 1769 7091 1767 285 1770 7092 
7328 1767 285 1770 7092 195 8 196 3264 
7329 1361 1317 1309 1405 6538 6406 6382 6670 
7330 6538 6406 6382 6670 6539 6407 6383 6671 
7331 6539 6407 6383 6671 6540 6408 6384 6672 
7332 6540 6408 6384 6672 3080 3036 3028 3124 
7333 1521 341 1312 1510 7018 3478 6391 6985 
7334 7018 3478 6391 6985 7019 3479 6392 6986 
7335 7019 3479 6392 6986 7020 3480 6393 6987 
7336 7020 3480 6393 6987 3240 2060 3031 3229 
7337 793 1360 1300 1412 4834 6535 6355 6691 
7338 4834 6535 6355 6691 4835 6536 6356 6692 
7339 4835 6536 6356 6692 4836 6537 6357 6693 
7340 4836 6537 6357 6693 2512 3079 3019 3131 
7341 658 715 1411 688 4429 4600 6688 4519 
7342 4429 4600 6688 4519 4430 4601 6689 4520 
7343 4430 4601 6689 4520 4431 4602 6690 4521 
7344 4431 4602 6690 4521 2377 2434 3130 2407 
7345 624 1442 910 1433 4327 6781 5185 6754 
7346 4327 6781 5185 6754 4328 6782 5186 6755 
7347 4328 6782 5186 6755 4329 6783 5187 6756 
7348 4329 6783 5187 6756 2343 3161 2629 3152 
7349 859 956 1546 1485 5032 5323 7093 6910 
7350 5032 5323 7093 6910 5033 5324 7094 6911 
7351 5033 5324 7094 6911 5034 5325 7095 6912 
7352 5034 5325 7095 6912 2578 2675 3265 3204 
7353 1046 323 1173 1486 5593 3424 5974 6913 
7354 5593 3424 5974 6913 5594 3425 5975 6914 
7355 5594 3425 5975 6914 5595 3426 5976 6915 
7356 5595 3426 5976 6915 2765 2042 2892 3205 
7357 469 467 480 1413 3862 3856 3895 6694 
7358 3862 3856 3895 6694 3863 3857 3896 6695 
7359 3863 3857 3896 6695 3864 3858 3897 6696 
7360 3864 3858 3897 6696 2188 2186 2199 3132 
7361 1112 923 1066 1408 5791 5224 5653 6679 
7362 5791 5224 5653 6679 5792 5225 5654 6680 
7363 5792 5225 5654 6680 5793 5226 5655 6681 
7364 5793 5226 5655 6681 2831 2642 2785 3127 
7365 569 1328 1450 951 4162 6439 6805 5308 
7366 4162 6439 6805 5308 4163 6440 6806 5309 
7367 4163 6440 6806 5309 4164 6441 6807 5310 
7368 4164 6441 6807 5310 2288 3047 3169 2670 
7369 303 1577 1403 1116 3364 7186 6664 5803 
7370 3364 7186 6664 5803 3365 7187 6665 5804 
7371 3365 7187 6665 5804 3366 7188 6666 5805 
7372 3366 7188 6666 5805 2022 3296 3122 2835 
7373 392 395 1460 1323 3631 3640 6835 6424 
7374 3631 3640 6835 6424 3632 3641 6836 6425 
7375 3632 3641 6836 6425 3633 3642 6837 6426 
7376 3633 3642 6837 6426 2111 2114 3179 3042 
7377 11 1535 101 1 1687 7060 1684 280 
7378 1687 7060 1684 280 1688 7061 1685 281 
7379 1688 7061 1685 281 1689 7062 1686 282 
7380 1689 7062 1686 282 169 3254 168 7 
7381 113 114 1499 335 1918 1921 6952 3460 
7382 1918 1921 6952 3460 1919 1922 6953 3461 
7383 1919 1922 6953 3461 1920 1923 6954 3462 
7384 1920 1923 6954 3462 246 247 3218 2054 
7385 1492 1196 1514 336 6931 6043 6997 3463 
7386 6931 6043 6997 3463 6932 6044 6998 3464 
7387 6932 6044 6998 3464 6933 6045 6999 3465 
7388 6933 6045 6999 3465 3211 2915 3233 2055 
7389 756 908 1415 757 4723 5179 6700 4726 
7390 4723 5179 6700 4726 4724 5180 6701 4727 
7391 4724 5180 6701 4727 4725 5181 6702 4728 
7392 4725 5181 6702 4728 2475 2627 3134 2476 
7393 1166 779 1550 1257 5953 4792 7105 6226 
7394 5953 4792 7105 6226 5954 4793 7106 6227 
7395 5954 4793 7106 6227 5955 4794 7107 6228 
7396 5955 4794 7107 6228 2885 2498 3269 2976 
7397 1059 119 120 1465 5632 1936 1939 6850 
7398 5632 1936 1939 6850 5633 1937 1940 6851 
7399 5633 1937 1940 6851 5634 1938 1941 6852 
7400 5634 1938 1941 6852 2778 252 253 3184 
7401 1307 1516 1458 294 6376 7003 6829 3337 
7402 6376 7003 6829 3337 6377 7004 6830 3338 
7403 6377 7004 6830 3338 6378 7005 6831 3339 
7404 6378 7005 6831 3339 3026 3235 3177 2013 
7405 379 377 1468 621 3592 3586 6859 4318 
7406 3592 3586 6859 4318 3593 3587 6860 4319 
7407 3593 3587 6860 4319 3594 3588 6861 4320 
7408 3594 3588 6861 4320 2098 2096 3187 2340 
7409 951 1412 1300 1242 5308 6691 6355 6181 
7410 5308 6691 6355 6181 5309 6692 6356 6182 
7411 5309 6692 6356 6182 5310 6693 6357 6183 
7412 5310 6693 6357 6183 2670 3131 3019 2961 
7413 1035 907 906 1428 5560 5176 5173 6739 
7414 5560 5176 5173 6739 5561 5177 5174 6740 
7415 5561 5177 5174 6740 5562 5178 5175 6741 
7416 5562 5178 5175 6741 2754 2626 2625 3147 
7417 917 922 1477 916 5206 5221 6886 5203 
7418 5206 5221 6886 5203 5207 5222 6887 5204 
7419 5207 5222 6887 5204 5208 5223 6888 5205 
7420 5208 5223 6888 5205 2636 2641 3196 2635 
7421 313 1423 106 107 3394 6724 1897 1900 
7422 3394 6724 1897 1900 3395 6725 1898 1901 
7423 3395 6725 1898 1901 3396 6726 1899 1902 
7424 3396 6726 1899 1902 2032 3142 239 240 
7425 1238 1390 885 1442 6169 6625 5110 6781 
7426 6169 6625 5110 6781 6170 6626 5111 6782 
7427 6170 6626 5111 6782 6171 6627 5112 6783 
7428 6171 6627 5112 6783 2957 3109 2604 3161 
7429 1055 1488 122 337 5620 6919 1945 3466 
7430 5620 6919 1945 3466 5621 6920 1946 3467 
7431 5621 6920 1946 3467 5622 6921 1947 3468 
7432 5622 6921 1947 3468 2774 3207 255 2056 
7433 1063 990 1604 1266 5644 5425 7267 6253 
7434 5644 5425 7267 6253 5645 5426 7268 6254 
7435 5645 5426 7268 6254 5646 5427 7269 6255 
7436 5646 5427 7269 6255 2782 2709 3323 2985 
7437 1241 1049 1591 1093 6178 5602 7228 5734 
7438 6178 5602 7228 5734 6179 5603 7229 5735 
7439 6179 5603 7229 5735 6180 5604 7230 5736 
7440 6180 5604 7230 5736 2960 2768 3310 2812 
7441 797 1185 1437 1186 4846 6010 6766 6013 
7442 4846 6010 6766 6013 4847 6011 6767 6014 
7443 4847 6011 6767 6014 4848 6012 6768 6015 
7444 4848 6012 6768 6015 2516 2904 3156 2905 
7445 562 604 1371 1464 4141 4267 6568 6847 
7446 4141 4267 6568 6847 4142 4268 6569 6848 
7447 4142 4268 6569 6848 4143 4269 6570 6849 
7448 4143 4269 6570 6849 2281 2323 3090 3183 
7449 880 783 1459 927 5095 4804 6832 5236 
7450 5095 4804 6832 5236 5096 4805 6833 5237 
7451 5096 4805 6833 5237 5097 4806 6834 5238 
7452 5097 4806 6834 5238 2599 2502 3178 2646 
7453 407 1447 1160 1454 3676 6796 5935 6817 
7454 3676 6796 5935 6817 3677 6797 5936 6818 
7455 3677 6797 5936 6818 3678 6798 5937 6819 
7456 3678 6798 5937 6819 2126 3166 2879 3173 
7457 367 437 1410 1363 3556 3766 6685 6544 
7458 3556 3766 6685 6544 3557 3767 6686 6545 
7459 3557 3767 6686 6545 3558 3768 6687 6546 
7460 3558 3768 6687 6546 2086 2156 3129 3082 
7461 450 501 1425 448 3805 3958 6730 3799 
7462 3805 3958 6730 3799 3806 3959 6731 3800 
7463 3806 3959 6731 3800 3807 3960 6732 3801 
7464 3807 3960 6732 3801 2169 2220 3144 2167 
7465 360 612 1609 1240 3535 4291 7282 6175 
7466 3535 4291 7282 6175 3536 4292 7283 6176 
7467 3536 4292 7283 6176 3537 4293 7284 6177 
7468 3537 4293 7284 6177 2079 2331 3328 2959 
7469 933 1417 1404 932 5254 6706 6667 5251 
7470 5254 6706 6667 5251 5255 6707 6668 5252 
7471 5255 6707 6668 5252 5256 6708 6669 5253 
7472 5256 6708 6669 5253 2652 3136 3123 2651 
7473 61 336 1514 60 1837 3463 6997 1834 
7474 1837 3463 6997 1834 1838 3464 6998 1835 
7475 1838 3464 6998 1835 1839 3465 6999 1836 
7476 1839 3465 6999 1836 219 2055 3233 218 
7477 363 1435 1098 1375 3544 6760 5749 6580 
7478 3544 6760 5749 6580 3545 6761 5750 6581 
7479 3545 6761 5750 6581 3546 6762 5751 6582 
7480 3546 6762 5751 6582 2082 3154 2817 3094 
7481 40 342 1427 39 1774 3481 6736 1771 
7482 1774 3481 6736 1771 1775 3482 6737 1772 
7483 1775 3482 6737 1772 1776 3483 6738 1773 
7484 1776 3483 6738 1773 198 2061 3146 197 
7485 1374 1424 1027 888 6577 6727 5536 5119 
7486 6577 6727 5536 5119 6578 6728 5537 5120 
7487 6578 6728 5537 5120 6579 6729 5538 5121 
7488 6579 6729 5538 5121 3093 3143 2746 2607 
7489 652 1147 1418 1296 4411 5896 6709 6343 
7490 4411 5896 6709 6343 4412 5897 6710 6344 
7491 4412 5897 6710 6344 4413 5898 6711 6345 
7492 4413 5898 6711 6345 2371 2866 3137 3015 
7493 417 530 1563 419 3706 4045 7144 3712 
7494 3706 4045 7144 3712 3707 4046 7145 3713 
7495 3707 4046 7145 3713 3708 4047 7146 3714 
7496 3708 4047 7146 3714 2136 2249 3282 2138 
7497 1146 1145 1144 1445 5893 5890 5887 6790 
7498 5893 5890 5887 6790 5894 5891 5888 6791 
7499 5894 5891 5888 6791 5895 5892 5889 6792 
7500 5895 5892 5889 6792 2865 2864 2863 3164 
7501 300 1589 881 1251 3355 7222 5098 6208 
7502 3355 7222 5098 6208 3356 7223 5099 6209 
7503 3356 7223 5099 6209 3357 7224 5100 6210 
7504 3357 7224 5100 6210 2019 3308 2600 2970 
7505 976 975 1566 1051 5383 5380 7153 5608 
7506 5383 5380 7153 5608 5384 5381 7154 5609 
7507 5384 5381 7154 5609 5385 5382 7155 5610 
7508 5385 5382 7155 5610 2695 2694 3285 2770 
7509 1174 1470 911 949 5977 6865 5188 5302 
7510 5977 6865 5188 5302 5978 6866 5189 5303 
7511 5978 6866 5189 5303 5979 6867 5190 5304 
7512 5979 6867 5190 5304 2893 3189 2630 2668 
7513 1059 1010 1007 1440 5632 5485 5476 6775 
7514 5632 5485 5476 6775 5633 5486 5477 6776 
7515 5633 5486 5477 6776 5634 5487 5478 6777 
7516 5634 5487 5478 6777 2778 2729 2726 3159 
7517 527 1429 1425 501 4036 6742 6730 3958 
7518 4036 6742 6730 3958 4037 6743 6731 3959 
7519 4037 6743 6731 3959 4038 6744 6732 3960 
7520 4038 6744 6732 3960 2246 3148 3144 2220 
7521 111 112 1539 304 1912 1915 7072 3367 
7522 1912 1915 7072 3367 1913 1916 7073 3368 
7523 1913 1916 7073 3368 1914 1917 7074 3369 
7524 1914 1917 7074 3369 244 245 3258 2023 
7525 436 1271 1506 430 3763 6268 6973 3745 
7526 3763 6268 6973 3745 3764 6269 6974 3746 
7527 3764 6269 6974 3746 3765 6270 6975 3747 
7528 3765 6270 6975 3747 2155 2990 3225 2149 
7529 560 551 619 1437 4135 4108 4312 6766 
7530 4135 4108 4312 6766 4136 4109 4313 6767 
7531 4136 4109 4313 6767 4137 4110 4314 6768 
7532 4137 4110 4314 6768 2279 2270 2338 3156 
7533 729 1367 1533 747 4642 6556 7054 4696 
7534 4642 6556 7054 4696 4643 6557 7055 4697 
7535 4643 6557 7055 4697 4644 6558 7056 4698 
7536 4644 6558 7056 4698 2448 3086 3252 2466 
7537 369 1363 1160 1447 3562 6544 5935 6796 
7538 3562 6544 5935 6796 3563 6545 5936 6797 
7539 3563 6545 5936 6797 3564 6546 5937 6798 
7540 3564 6546 5937 6798 2088 3082 2879 3166 
7541 927 1459 1087 1515 5236 6832 5716 7000 
7542 5236 6832 5716 7000 5237 6833 5717 7001 
7543 5237 6833 5717 7001 5238 6834 5718 7002 
7544 5238 6834 5718 7002 2646 3178 2806 3234 
7545 362 361 1435 363 3541 3538 6760 3544 
7546 3541 3538 6760 3544 3542 3539 6761 3545 
7547 3542 3539 6761 3545 3543 3540 6762 3546 
7548 3543 3540 6762 3546 2081 2080 3154 2082 
7549 951 1450 793 1412 5308 6805 4834 6691 
7550 5308 6805 4834 6691 5309 6806 4835 6692 
7551 5309 6806 4835 6692 5310 6807 4836 6693 
7552 5310 6807 4836 6693 2670 3169 2512 3131 
7553 1078 1416 908 1519 5689 6703 5179 7012 
7554 5689 6703 5179 7012 5690 6704 5180 7013 
7555 5690 6704 5180 7013 5691 6705 5181 7014 
7556 5691 6705 5181 7014 2797 3135 2627 3238 
7557 619 1310 862 1434 4312 6385 5041 6757 
7558 4312 6385 5041 6757 4313 6386 5042 6758 
7559 4313 6386 5042 6758 4314 6387 5043 6759 
7560 4314 6387 5043 6759 2338 3029 2581 3153 
7561 1059 1592 118 119 5632 7231 1933 1936 
7562 5632 7231 1933 1936 5633 7232 1934 1937 
7563 5633 7232 1934 1937 5634 7233 1935 1938 
7564 5634 7233 1935 1938 2778 3311 251 252 
7565 352 351 1400 353 3511 3508 6655 3514 
7566 3511 3508 6655 3514 3512 3509 6656 3515 
7567 3512 3509 6656 3515 3513 3510 6657 3516 
7568 3513 3510 6657 3516 2071 2070 3119 2072 
7569 122 123 1482 337 1945 1948 6901 3466 
7570 1945 1948 6901 3466 1946 1949 6902 3467 
7571 1946 1949 6902 3467 1947 1950 6903 3468 
7572 1947 1950 6903 3468 255 256 3201 2056 
7573 1285 1511 326 1156 6310 6988 3433 5923 
7574 6310 6988 3433 5923 6311 6989 3434 5924 
7575 6311 6989 3434 5924 6312 6990 3435 5925 
7576 6312 6990 3435 5925 3004 3230 2045 2875 
7577 1604 338 1585 1266 7267 3469 7210 6253 
7578 7267 3469 7210 6253 7268 3470 7211 6254 
7579 7268 3470 7211 6254 7269 3471 7212 6255 
7580 7269 3471 7212 6255 3323 2057 3304 2985 
7581 935 1473 579 1471 5260 6874 4192 6868 
7582 5260 6874 4192 6868 5261 6875 4193 6869 
7583 5261 6875 4193 6869 5262 6876 4194 6870 
7584 5262 6876 4194 6870 2654 3192 2298 3190 
7585 901 1120 1518 1105 5158 5815 7009 5770 
7586 5158 5815 7009 5770 5159 5816 7010 5771 
7587 5159 5816 7010 5771 5160 5817 7011 5772 
7588 5160 5817 7011 5772 2620 2839 3237 2824 
7589 463 1350 1431 1345 3844 6505 6748 6490 
7590 3844 6505 6748 6490 3845 6506 6749 6491 
7591 3845 6506 6749 6491 3846 6507 6750 6492 
7592 3846 6507 6750 6492 2182 3069 3150 3064 
7593 58 292 1585 57 1828 3331 7210 1825 
7594 1828 3331 7210 1825 1829 3332 7211 1826 
7595 1829 3332 7211 1826 1830 3333 7212 1827 
7596 1830 3333 7212 1827 216 2011 3304 215 
7597 549 550 1475 541 4102 4105 6880 4078 
7598 4102 4105 6880 4078 4103 4106 6881 4079 
7599 4103 4106 6881 4079 4104 4107 6882 4080 
7600 4104 4107 6882 4080 2268 2269 3194 2260 
7601 1102 124 125 1578 5761 1951 1954 7189 
7602 5761 1951 1954 7189 5762 1952 1955 7190 
7603 5762 1952 1955 7190 5763 1953 1956 7191 
7604 5763 1953 1956 7191 2821 257 258 3297 
7605 1308 1335 1575 855 6379 6460 7180 5020 
7606 6379 6460 7180 5020 6380 6461 7181 5021 
7607 6380 6461 7181 5021 6381 6462 7182 5022 
7608 6381 6462 7182 5022 3027 3054 3294 2574 
7609 886 884 1025 1070 5113 5107 5530 5665 
7610 5113 5107 5530 5665 5114 5108 5531 5666 
7611 5114 5108 5531 5666 5115 5109 5532 5667 
7612 5115 5109 5532 5667 2605 2603 2744 2789 
7613 544 624 1433 929 4087 4327 6754 5242 
7614 4087 4327 6754 5242 4088 4328 6755 5243 
7615 4088 4328 6755 5243 4089 4329 6756 5244 
7616 4089 4329 6756 5244 2263 2343 3152 2648 
7617 815 775 1560 979 4900 4780 7135 5392 
7618 4900 4780 7135 5392 4901 4781 7136 5393 
7619 4901 4781 7136 5393 4902 4782 7137 5394 
7620 4902 4782 7137 5394 2534 2494 3279 2698 
7621 851 850 1443 1040 5008 5005 6784 5575 
7622 5008 5005 6784 5575 5009 5006 6785 5576 
7623 5009 5006 6785 5576 5010 5007 6786 5577 
7624 5010 5007 6786 5577 2570 2569 3162 2759 
7625 1321 435 415 1501 6418 3760 3700 6958 
7626 6418 3760 3700 6958 6419 3761 3701 6959 
7627 6419 3761 3701 6959 6420 3762 3702 6960 
7628 6420 3762 3702 6960 3040 2154 2134 3220 
7629 102 1552 76 3 1885 7111 1882 286 
7630 1885 7111 1882 286 1886 7112 1883 287 
7631 1886 7112 1883 287 1887 7113 1884 288 
7632 1887 7113 1884 288 235 3271 234 9 
7633 520 541 1475 579 4015 4078 6880 4192 
7634 4015 4078 6880 4192 4016 4079 6881 4193 
7635 4016 4079 6881 4193 4017 4080 6882 4194 
7636 4017 4080 6882 4194 2239 2260 3194 2298 
7637 1268 1413 1509 1134 6259 6694 6982 5857 
7638 6259 6694 6982 5857 6260 6695 6983 5858 
7639 6260 6695 6983 5858 6261 6696 6984 5859 
7640 6261 6696 6984 5859 2987 3132 3228 2853 
7641 965 1415 908 1416 5350 6700 5179 6703 
7642 5350 6700 5179 6703 5351 6701 5180 6704 
7643 5351 6701 5180 6704 5352 6702 5181 6705 
7644 5352 6702 5181 6705 2684 3134 2627 3135 
7645 1335 709 1250 1444 6460 4582 6205 6787 
7646 6460 4582 6205 6787 6461 4583 6206 6788 
7647 6461 4583 6206 6788 6462 4584 6207 6789 
7648 6462 4584 6207 6789 3054 2428 2969 3163 
7649 632 637 1448 574 4351 4366 6799 4177 
7650 4351 4366 6799 4177 4352 4367 6800 4178 
7651 4352 4367 6800 4178 4353 4368 6801 4179 
7652 4353 4368 6801 4179 2351 2356 3167 2293 
7653 728 881 1589 882 4639 5098 7222 5101 
7654 4639 5098 7222 5101 4640 5099 7223 5102 
7655 4640 5099 7223 5102 4641 5100 7224 5103 
7656 4641 5100 7224 5103 2447 2600 3308 2601 
7657 1260 1244 1449 978 6235 6187 6802 5389 
7658 6235 6187 6802 5389 6236 6188 6803 5390 
7659 6236 6188 6803 5390 6237 6189 6804 5391 
7660 6237 6189 6804 5391 2979 2963 3168 2697 
7661 886 910 1442 885 5113 5185 6781 5110 
7662 5113 5185 6781 5110 5114 5186 6782 5111 
7663 5114 5186 6782 5111 5115 5187 6783 5112 
7664 5115 5187 6783 5112 2605 2629 3161 2604 
7665 862 1343 1579 1434 5041 6484 7192 6757 
7666 5041 6484 7192 6757 5042 6485 7193 6758 
7667 5042 6485 7193 6758 5043 6486 7194 6759 
7668 5043 6486 7194 6759 2581 3062 3298 3153 
7669 422 430 1506 603 3721 3745 6973 4264 
7670 3721 3745 6973 4264 3722 3746 6974 4265 
7671 3722 3746 6974 4265 3723 3747 6975 4266 
7672 3723 3747 6975 4266 2141 2149 3225 2322 
7673 687 1441 1443 850 4516 6778 6784 5005 
7674 4516 6778 6784 5005 4517 6779 6785 5006 
7675 4517 6779 6785 5006 4518 6780 6786 5007 
7676 4518 6780 6786 5007 2406 3160 3162 2569 
7677 329 87 88 1453 3442 1642 1645 6814 
7678 3442 1642 1645 6814 3443 1643 1646 6815 
7679 3443 1643 1646 6815 3444 1644 1647 6816 
7680 3444 1644 1647 6816 2048 154 155 3172 
7681 1611 1572 1392 1037 7288 7171 6631 5566 
7682 7288 7171 6631 5566 7289 7172 6632 5567 
7683 7289 7172 6632 5567 7290 7173 6633 5568 
7684 7290 7173 6633 5568 3330 3291 3111 2756 
7685 299 1452 874 1229 3352 6811 5077 6142 
7686 3352 6811 5077 6142 3353 6812 5078 6143 
7687 3353 6812 5078 6143 3354 6813 5079 6144 
7688 3354 6813 5079 6144 2018 3171 2593 2948 
7689 959 1285 1555 1284 5332 6310 7120 6307 
7690 5332 6310 7120 6307 5333 6311 7121 6308 
7691 5333 6311 7121 6308 5334 6312 7122 6309 
7692 5334 6312 7122 6309 2678 3004 3274 3003 
7693 617 1334 1560 654 4306 6457 7135 4417 
7694 4306 6457 7135 4417 4307 6458 7136 4418 
7695 4307 6458 7136 4418 4308 6459 7137 4419 
7696 4308 6459 7137 4419 2336 3053 3279 2373 
7697 941 942 1430 1380 5278 5281 6745 6595 
7698 5278 5281 6745 6595 5279 5282 6746 6596 
7699 5279 5282 6746 6596 5280 5283 6747 6597 
7700 5280 5283 6747 6597 2660 2661 3149 3099 
7701 806 1344 1487 805 4873 6487 6916 4870 
7702 4873 6487 6916 4870 4874 6488 6917 4871 
7703 4874 6488 6917 4871 4875 6489 6918 4872 
7704 4875 6489 6918 4872 2525 3063 3206 2524 
7705 370 369 1447 371 3565 3562 6796 3568 
7706 3565 3562 6796 3568 3566 3563 6797 3569 
7707 3566 3563 6797 3569 3567 3564 6798 3570 
7708 3567 3564 6798 3570 2089 2088 3166 2090 
7709 922 1045 1512 1496 5221 5590 6991 6943 
7710 5221 5590 6991 6943 5222 5591 6992 6944 
7711 5222 5591 6992 6944 5223 5592 6993 6945 
7712 5223 5592 6993 6945 2641 2764 3231 3215 
7713 1561 1257 1560 1334 7138 6226 7135 6457 
7714 7138 6226 7135 6457 7139 6227 7136 6458 
7715 7139 6227 7136 6458 7140 6228 7137 6459 
7716 7140 6228 7137 6459 3280 2976 3279 3053 
7717 1554 1277 332 1536 7117 6286 3451 7063 
7718 7117 6286 3451 7063 7118 6287 3452 7064 
7719 7118 6287 3452 7064 7119 6288 3453 7065 
7720 7119 6288 3453 7065 3273 2996 2051 3255 
7721 960 784 1543 1028 5335 4807 7084 5539 
7722 5335 4807 7084 5539 5336 4808 7085 5540 
7723 5336 4808 7085 5540 5337 4809 7086 5541 
7724 5337 4809 7086 5541 2679 2503 3262 2747 
7725 876 1483 961 1500 5083 6904 5338 6955 
7726 5083 6904 5338 6955 5084 6905 5339 6956 
7727 5084 6905 5339 6956 5085 6906 5340 6957 
7728 5085 6906 5340 6957 2595 3202 2680 3219 
7729 695 961 1487 1129 4540 5338 6916 5842 
7730 4540 5338 6916 5842 4541 5339 6917 5843 
7731 4541 5339 6917 5843 4542 5340 6918 5844 
7732 4542 5340 6918 5844 2414 2680 3206 2848 
7733 306 49 50 1451 3373 1801 1804 6808 
7734 3373 1801 1804 6808 3374 1802 1805 6809 
7735 3374 1802 1805 6809 3375 1803 1806 6810 
7736 3375 1803 1806 6810 2025 207 208 3170 
7737 829 1217 1586 1299 4942 6106 7213 6352 
7738 4942 6106 7213 6352 4943 6107 7214 6353 
7739 4943 6107 7214 6353 4944 6108 7215 6354 
7740 4944 6108 7215 6354 2548 2936 3305 3018 
7741 45 311 1572 44 1789 3388 7171 1786 
7742 1789 3388 7171 1786 1790 3389 7172 1787 
7743 1790 3389 7172 1787 1791 3390 7173 1788 
7744 1791 3390 7173 1788 203 2030 3291 202 
7745 1414 924 1380 1430 6697 5227 6595 6745 
7746 6697 5227 6595 6745 6698 5228 6596 6746 
7747 6698 5228 6596 6746 6699 5229 6597 6747 
7748 6699 5229 6597 6747 3133 2643 3099 3149 
7749 865 1159 1454 1160 5050 5932 6817 5935 
7750 5050 5932 6817 5935 5051 5933 6818 5936 
7751 5051 5933 6818 5936 5052 5934 6819 5937 
7752 5052 5934 6819 5937 2584 2878 3173 2879 
7753 520 579 1473 1143 4015 4192 6874 5884 
7754 4015 4192 6874 5884 4016 4193 6875 5885 
7755 4016 4193 6875 5885 4017 4194 6876 5886 
7756 4017 4194 6876 5886 2239 2298 3192 2862 
7757 1110 1109 1606 1432 5785 5782 7273 6751 
7758 5785 5782 7273 6751 5786 5783 7274 6752 
7759 5786 5783 7274 6752 5787 5784 7275 6753 
7760 5787 5784 7275 6753 2829 2828 3325 3151 
7761 1133 1134 1568 781 5854 5857 7159 4798 
7762 5854 5857 7159 4798 5855 5858 7160 4799 
7763 5855 5858 7160 4799 5856 5859 7161 4800 
7764 5856 5859 7161 4800 2852 2853 3287 2500 
7765 1453 88 89 1458 6814 1645 1648 6829 
7766 6814 1645 1648 6829 6815 1646 1649 6830 
7767 6815 1646 1649 6830 6816 1647 1650 6831 
7768 6816 1647 1650 6831 3172 155 156 3177 
7769 1337 1362 1469 601 6466 6541 6862 4258 
7770 6466 6541 6862 4258 6467 6542 6863 4259 
7771 6467 6542 6863 4259 6468 6543 6864 4260 
7772 6468 6543 6864 4260 3056 3081 3188 2320 
7773 316 1455 1357 1085 3403 6820 6526 5710 
7774 3403 6820 6526 5710 3404 6821 6527 5711 
7775 3404 6821 6527 5711 3405 6822 6528 5712 
7776 3405 6822 6528 5712 2035 3174 3076 2804 
7777 1358 611 1389 1438 6529 4288 6622 6769 
7778 6529 4288 6622 6769 6530 4289 6623 6770 
7779 6530 4289 6623 6770 6531 4290 6624 6771 
7780 6531 4290 6624 6771 3077 2330 3108 3157 
7781 718 1358 1438 877 4609 6529 6769 5086 
7782 4609 6529 6769 5086 4610 6530 6770 5087 
7783 4610 6530 6770 5087 4611 6531 6771 5088 
7784 4611 6531 6771 5088 2437 3077 3157 2596 
7785 1132 1405 1309 1476 5851 6670 6382 6883 
7786 5851 6670 6382 6883 5852 6671 6383 6884 
7787 5852 6671 6383 6884 5853 6672 6384 6885 
7788 5853 6672 6384 6885 2851 3124 3028 3195 
7789 782 793 1450 934 4801 4834 6805 5257 
7790 4801 4834 6805 5257 4802 4835 6806 5258 
7791 4802 4835 6806 5258 4803 4836 6807 5259 
7792 4803 4836 6807 5259 2501 2512 3169 2653 
7793 1056 1457 668 1195 5623 6826 4459 6040 
7794 5623 6826 4459 6040 5624 6827 4460 6041 
7795 5624 6827 4460 6041 5625 6828 4461 6042 
7796 5625 6828 4461 6042 2775 3176 2387 2914 
7797 1350 721 1418 1431 6505 4618 6709 6748 
7798 6505 4618 6709 6748 6506 4619 6710 6749 
7799 6506 4619 6710 6749 6507 4620 6711 6750 
7800 6507 4620 6711 6750 3069 2440 3137 3150 
7801 949 1541 298 1174 5302 7078 3349 5977 
7802 5302 7078 3349 5977 5303 7079 3350 5978 
7803 5303 7079 3350 5978 5304 7080 3351 5979 
7804 5304 7080 3351 5979 2668 3260 2017 2893 
7805 976 1051 1518 1120 5383 5608 7009 5815 
7806 5383 5608 7009 5815 5384 5609 7010 5816 
7807 5384 5609 7010 5816 5385 5610 7011 5817 
7808 5385 5610 7011 5817 2695 2770 3237 2839 
7809 411 410 1559 428 3688 3685 7132 3739 
7810 3688 3685 7132 3739 3689 3686 7133 3740 
7811 3689 3686 7133 3740 3690 3687 7134 3741 
7812 3690 3687 7134 3741 2130 2129 3278 2147 
7813 121 293 1465 120 1942 3334 6850 1939 
7814 1942 3334 6850 1939 1943 3335 6851 1940 
7815 1943 3335 6851 1940 1944 3336 6852 1941 
7816 1944 3336 6852 1941 254 2012 3184 253 
7817 540 601 1469 1336 4075 4258 6862 6463 
7818 4075 4258 6862 6463 4076 4259 6863 6464 
7819 4076 4259 6863 6464 4077 4260 6864 6465 
7820 4077 4260 6864 6465 2259 2320 3188 3055 
7821 716 1584 925 1414 4603 7207 5230 6697 
7822 4603 7207 5230 6697 4604 7208 5231 6698 
7823 4604 7208 5231 6698 4605 7209 5232 6699 
7824 4605 7209 5232 6699 2435 3303 2644 3133 
7825 135 136 1502 345 1984 1987 6961 3490 
7826 1984 1987 6961 3490 1985 1988 6962 3491 
7827 1985 1988 6962 3491 1986 1989 6963 3492 
7828 1986 1989 6963 3492 268 269 3221 2064 
7829 1110 342 1306 1587 5785 3481 6373 7216 
7830 5785 3481 6373 7216 5786 3482 6374 7217 
7831 5786 3482 6374 7217 5787 3483 6375 7218 
7832 5787 3483 6375 7218 2829 2061 3025 3306 
7833 1225 1186 1434 1579 6130 6013 6757 7192 
7834 6130 6013 6757 7192 6131 6014 6758 7193 
7835 6131 6014 6758 7193 6132 6015 6759 7194 
7836 6132 6015 6759 7194 2944 2905 3153 3298 
7837 394 1323 1599 867 3637 6424 7252 5056 
7838 3637 6424 7252 5056 3638 6425 7253 5057 
7839 3638 6425 7253 5057 3639 6426 7254 5058 
7840 3639 6426 7254 5058 2113 3042 3318 2586 
7841 959 958 1546 1039 5332 5329 7093 5572 
7842 5332 5329 7093 5572 5333 5330 7094 5573 
7843 5333 5330 7094 5573 5334 5331 7095 5574 
7844 5334 5331 7095 5574 2678 2677 3265 2758 
7845 1042 1041 1509 1491 5581 5578 6982 6928 
7846 5581 5578 6982 6928 5582 5579 6983 6929 
7847 5582 5579 6983 6929 5583 5580 6984 6930 
7848 5583 5580 6984 6930 2761 2760 3228 3210 
7849 354 1292 1513 723 3517 6331 6994 4624 
7850 3517 6331 6994 4624 3518 6332 6995 4625 
7851 3518 6332 6995 4625 3519 6333 6996 4626 
7852 3519 6333 6996 4626 2073 3011 3232 2442 
7853 964 1481 1487 1344 5347 6898 6916 6487 
7854 5347 6898 6916 6487 5348 6899 6917 6488 
7855 5348 6899 6917 6488 5349 6900 6918 6489 
7856 5349 6900 6918 6489 2683 3200 3206 3063 
7857 330 1118 1540 1504 3445 5809 7075 6967 
7858 3445 5809 7075 6967 3446 5810 7076 6968 
7859 3446 5810 7076 6968 3447 5811 7077 6969 
7860 3447 5811 7077 6969 2049 2837 3259 3223 
7861 853 1031 1557 1032 5014 5548 7126 5551 
7862 5014 5548 7126 5551 5015 5549 7127 5552 
7863 5015 5549 7127 5552 5016 5550 7128 5553 
7864 5016 5550 7128 5553 2572 2750 3276 2751 
7865 317 1213 1606 1419 3406 6094 7273 6712 
7866 3406 6094 7273 6712 3407 6095 7274 6713 
7867 3407 6095 7274 6713 3408 6096 7275 6714 
7868 3408 6096 7275 6714 2036 2932 3325 3138 
7869 874 1452 1601 1006 5077 6811 7258 5473 
7870 5077 6811 7258 5473 5078 6812 7259 5474 
7871 5078 6812 7259 5474 5079 6813 7260 5475 
7872 5079 6813 7260 5475 2593 3171 3320 2725 
7873 1342 914 1597 1490 6481 5197 7246 6925 
7874 6481 5197 7246 6925 6482 5198 7247 6926 
7875 6482 5198 7247 6926 6483 5199 7248 6927 
7876 6483 5199 7248 6927 3061 2633 3316 3209 
7877 1298 1421 1505 963 6349 6718 6970 5344 
7878 6349 6718 6970 5344 6350 6719 6971 5345 
7879 6350 6719 6971 5345 6351 6720 6972 5346 
7880 6351 6720 6972 5346 3017 3140 3224 2682 
7881 1163 1392 1572 311 5944 6631 7171 3388 
7882 5944 6631 7171 3388 5945 6632 7172 3389 
7883 5945 6632 7172 3389 5946 6633 7173 3390 
7884 5946 6633 7173 3390 2882 3111 3291 2030 
7885 406 1461 530 417 3673 6838 4045 3706 
7886 3673 6838 4045 3706 3674 6839 4046 3707 
7887 3674 6839 4046 3707 3675 6840 4047 3708 
7888 3675 6840 4047 3708 2125 3180 2249 2136 
7889 1010 1059 1465 1053 5485 5632 6850 5614 
7890 5485 5632 6850 5614 5486 5633 6851 5615 
7891 5486 5633 6851 5615 5487 5634 6852 5616 
7892 5487 5634 6852 5616 2729 2778 3184 2772 
7893 603 1460 395 422 4264 6835 3640 3721 
7894 4264 6835 3640 3721 4265 6836 3641 3722 
7895 4265 6836 3641 3722 4266 6837 3642 3723 
7896 4266 6837 3642 3723 2322 3179 2114 2141 
7897 934 1459 783 782 5257 6832 4804 4801 
7898 5257 6832 4804 4801 5258 6833 4805 4802 
7899 5258 6833 4805 4802 5259 6834 4806 4803 
7900 5259 6834 4806 4803 2653 3178 2502 2501 
7901 1118 314 1551 1540 5809 3397 7108 7075 
7902 5809 3397 7108 7075 5810 3398 7109 7076 
7903 5810 3398 7109 7076 5811 3399 7110 7077 
7904 5811 3399 7110 7077 2837 2033 3270 3259 
7905 1059 1440 334 1592 5632 6775 3457 7231 
7906 5632 6775 3457 7231 5633 6776 3458 7232 
7907 5633 6776 3458 7232 5634 6777 3459 7233 
7908 5634 6777 3459 7233 2778 3159 2053 3311 
7909 389 711 1562 1346 3622 4588 7141 6493 
7910 3622 4588 7141 6493 3623 4589 7142 6494 
7911 3623 4589 7142 6494 3624 4590 7143 6495 
7912 3624 4590 7143 6495 2108 2430 3281 3065 
7913 418 420 1472 514 3709 3715 6871 3997 
7914 3709 3715 6871 3997 3710 3716 6872 3998 
7915 3710 3716 6872 3998 3711 3717 6873 3999 
7916 3711 3717 6873 3999 2137 2139 3191 2233 
7917 1140 1525 302 1201 5875 7030 3361 6058 
7918 5875 7030 3361 6058 5876 7031 3362 6059 
7919 5876 7031 3362 6059 5877 7032 3363 6060 
7920 5877 7032 3363 6060 2859 3244 2021 2920 
7921 333 69 70 1467 3454 1861 1864 6856 
7922 3454 1861 1864 6856 3455 1862 1865 6857 
7923 3455 1862 1865 6857 3456 1863 1866 6858 
7924 3456 1863 1866 6858 2052 227 228 3186 
7925 407 1463 375 373 3676 6844 3580 3574 
7926 3676 6844 3580 3574 3677 6845 3581 3575 
7927 3677 6845 3581 3575 3678 6846 3582 3576 
7928 3678 6846 3582 3576 2126 3182 2094 2092 
7929 1576 1411 715 1239 7183 6688 4600 6172 
7930 7183 6688 4600 6172 7184 6689 4601 6173 
7931 7184 6689 4601 6173 7185 6690 4602 6174 
7932 7185 6690 4602 6174 3295 3130 2434 2958 
7933 1529 1016 1017 1528 7042 5503 5506 7039 
7934 7042 5503 5506 7039 7043 5504 5507 7040 
7935 7043 5504 5507 7040 7044 5505 5508 7041 
7936 7044 5505 5508 7041 3248 2735 2736 3247 
7937 1102 1482 123 124 5761 6901 1948 1951 
7938 5761 6901 1948 1951 5762 6902 1949 1952 
7939 5762 6902 1949 1952 5763 6903 1950 1953 
7940 5763 6903 1950 1953 2821 3201 256 257 
7941 879 1438 1389 1477 5092 6769 6622 6886 
7942 5092 6769 6622 6886 5093 6770 6623 6887 
7943 5093 6770 6623 6887 5094 6771 6624 6888 
7944 5094 6771 6624 6888 2598 3157 3108 3196 
7945 1113 1039 1546 1456 5794 5572 7093 6823 
7946 5794 5572 7093 6823 5795 5573 7094 6824 
7947 5795 5573 7094 6824 5796 5574 7095 6825 
7948 5796 5574 7095 6825 2832 2758 3265 3175 
7949 1248 297 1277 1554 6199 3346 6286 7117 
7950 6199 3346 6286 7117 6200 3347 6287 7118 
7951 6200 3347 6287 7118 6201 3348 6288 7119 
7952 6201 3348 6288 7119 2967 2016 2996 3273 
7953 1345 1431 1042 1491 6490 6748 5581 6928 
7954 6490 6748 5581 6928 6491 6749 5582 6929 
7955 6491 6749 5582 6929 6492 6750 5583 6930 
7956 6492 6750 5583 6930 3064 3150 2761 3210 
7957 861 1532 1135 1505 5038 7051 5860 6970 
7958 5038 7051 5860 6970 5039 7052 5861 6971 
7959 5039 7052 5861 6971 5040 7053 5862 6972 
7960 5040 7053 5862 6972 2580 3251 2854 3224 
7961 1453 1458 1516 1071 6814 6829 7003 5668 
7962 6814 6829 7003 5668 6815 6830 7004 5669 
7963 6815 6830 7004 5669 6816 6831 7005 5670 
7964 6816 6831 7005 5670 3172 3177 3235 2790 
7965 377 375 1463 1468 3586 3580 6844 6859 
7966 3586 3580 6844 6859 3587 3581 6845 6860 
7967 3587 3581 6845 6860 3588 3582 6846 6861 
7968 3588 3582 6846 6861 2096 2094 3182 3187 
7969 1234 971 972 1479 6157 5368 5371 6892 
7970 6157 5368 5371 6892 6158 5369 5372 6893 
7971 6158 5369 5372 6893 6159 5370 5373 6894 
7972 6159 5370 5373 6894 2953 2690 2691 3198 
7973 1530 1139 947 1536 7045 5872 5296 7063 
7974 7045 5872 5296 7063 7046 5873 5297 7064 
7975 7046 5873 5297 7064 7047 5874 5298 7065 
7976 7047 5874 5298 7065 3249 2858 2666 3255 
7977 943 1492 1493 1203 5284 6931 6934 6064 
7978 5284 6931 6934 6064 5285 6932 6935 6065 
7979 5285 6932 6935 6065 5286 6933 6936 6066 
7980 5286 6933 6936 6066 2662 3211 3212 2922 
7981 1090 1490 1194 301 5725 6925 6037 3358 
7982 5725 6925 6037 3358 5726 6926 6038 3359 
7983 5726 6926 6038 3359 5727 6927 6039 3360 
7984 5727 6927 6039 3360 2809 3209 2913 2020 
7985 935 1471 964 912 5260 6868 5347 5191 
7986 5260 6868 5347 5191 5261 6869 5348 5192 
7987 5261 6869 5348 5192 5262 6870 5349 5193 
7988 5262 6870 5349 5193 2654 3190 2683 2631 
7989 801 931 1480 1236 4858 5248 6895 6163 
7990 4858 5248 6895 6163 4859 5249 6896 6164 
7991 4859 5249 6896 6164 4860 5250 6897 6165 
7992 4860 5250 6897 6165 2520 2650 3199 2955 
7993 1051 1566 1423 313 5608 7153 6724 3394 
7994 5608 7153 6724 3394 5609 7154 6725 3395 
7995 5609 7154 6725 3395 5610 7155 6726 3396 
7996 5610 7155 6726 3396 2770 3285 3142 2032 
7997 328 29 30 1484 3439 1741 1744 6907 
7998 3439 1741 1744 6907 3440 1742 1745 6908 
7999 3440 1742 1745 6908 3441 1743 1746 6909 
8000 3441 1743 1746 6909 2047 187 188 3203 
8001 130 131 302 1474 1969 1972 3361 6877 
8002 1969 1972 3361 6877 1970 1973 3362 6878 
8003 1970 1973 3362 6878 1971 1974 3363 6879 
8004 1971 1974 3363 6879 263 264 2021 3193 
8005 1285 1156 298 1541 6310 5923 3349 7078 
8006 6310 5923 3349 7078 6311 5924 3350 7079 
8007 6311 5924 3350 7079 6312 5925 3351 7080 
8008 6312 5925 3351 7080 3004 2875 2017 3260 
8009 1190 953 1510 1191 6025 5314 6985 6028 
8010 6025 5314 6985 6028 6026 5315 6986 6029 
8011 6026 5315 6986 6029 6027 5316 6987 6030 
8012 6027 5316 6987 6030 2909 2672 3229 2910 
8013 402 1324 1598 675 3661 6427 7249 4480 
8014 3661 6427 7249 4480 3662 6428 7250 4481 
8015 3662 6428 7250 4481 3663 6429 7251 4482 
8016 3663 6429 7251 4482 2121 3043 3317 2394 
8017 1022 1069 1466 992 5521 5662 6853 5431 
8018 5521 5662 6853 5431 5522 5663 6854 5432 
8019 5522 5663 6854 5432 5523 5664 6855 5433 
8020 5523 5664 6855 5433 2741 2788 3185 2711 
8021 337 1482 1102 1057 3466 6901 5761 5626 
8022 3466 6901 5761 5626 3467 6902 5762 5627 
8023 3467 6902 5762 5627 3468 6903 5763 5628 
8024 3468 6903 5763 5628 2056 3201 2821 2776 
8025 1371 1008 1369 1464 6568 5479 6562 6847 
8026 6568 5479 6562 6847 6569 5480 6563 6848 
8027 6569 5480 6563 6848 6570 5481 6564 6849 
8028 6570 5481 6564 6849 3090 2727 3088 3183 
8029 936 937 1473 935 5263 5266 6874 5260 
8030 5263 5266 6874 5260 5264 5267 6875 5261 
8031 5264 5267 6875 5261 5265 5268 6876 5262 
8032 5265 5268 6876 5262 2655 2656 3192 2654 
8033 1007 1006 1601 1440 5476 5473 7258 6775 
8034 5476 5473 7258 6775 5477 5474 7259 6776 
8035 5477 5474 7259 6776 5478 5475 7260 6777 
8036 5478 5475 7260 6777 2726 2725 3320 3159 
8037 300 1251 1486 1173 3355 6208 6913 5974 
8038 3355 6208 6913 5974 3356 6209 6914 5975 
8039 3356 6209 6914 5975 3357 6210 6915 5976 
8040 3357 6210 6915 5976 2019 2970 3205 2892 
8041 344 1497 1556 1068 3487 6946 7123 5659 
8042 3487 6946 7123 5659 3488 6947 7124 5660 
8043 3488 6947 7124 5660 3489 6948 7125 5661 
8044 3489 6948 7125 5661 2063 3216 3275 2787 
8045 695 944 1500 961 4540 5287 6955 5338 
8046 4540 5287 6955 5338 4541 5288 6956 5339 
8047 4541 5288 6956 5339 4542 5289 6957 5340 
8048 4542 5289 6957 5340 2414 2663 3219 2680 
8049 946 738 1555 950 5293 4669 7120 5305 
8050 5293 4669 7120 5305 5294 4670 7121 5306 
8051 5294 4670 7121 5306 5295 4671 7122 5307 
8052 5295 4671 7122 5307 2665 2457 3274 2669 
8053 696 1342 1538 739 4543 6481 7069 4672 
8054 4543 6481 7069 4672 4544 6482 7070 4673 
8055 4544 6482 7070 4673 4545 6483 7071 4674 
8056 4545 6483 7071 4674 2415 3061 3257 2458 
8057 1155 1432 1606 343 5920 6751 7273 3484 
8058 5920 6751 7273 3484 5921 6752 7274 3485 
8059 5921 6752 7274 3485 5922 6753 7275 3486 
8060 5922 6753 7275 3486 2874 3151 3325 2062 
8061 1121 1507 1274 304 5818 6976 6277 3367 
8062 5818 6976 6277 3367 5819 6977 6278 3368 
8063 5819 6977 6278 3368 5820 6978 6279 3369 
8064 5820 6978 6279 3369 2840 3226 2993 2023 
8065 309 1543 1074 1484 3382 7084 5677 6907 
8066 3382 7084 5677 6907 3383 7085 5678 6908 
8067 3383 7085 5678 6908 3384 7086 5679 6909 
8068 3384 7086 5679 6909 2028 3262 2793 3203 
8069 427 435 1476 1309 3736 3760 6883 6382 
8070 3736 3760 6883 6382 3737 3761 6884 6383 
8071 3737 3761 6884 6383 3738 3762 6885 6384 
8072 3738 3762 6885 6384 2146 2154 3195 3028 
8073 892 1593 1040 1443 5131 7234 5575 6784 
8074 5131 7234 5575 6784 5132 7235 5576 6785 
8075 5132 7235 5576 6785 5133 7236 5577 6786 
8076 5133 7236 5577 6786 2611 3312 2759 3162 
8077 1527 1302 1016 1529 7036 6361 5503 7042 
8078 7036 6361 5503 7042 7037 6362 5504 7043 
8079 7037 6362 5504 7043 7038 6363 5505 7044 
8080 7038 6363 5505 7044 3246 3021 2735 3248 
8081 319 1038 1587 1306 3412 5569 7216 6373 
8082 3412 5569 7216 6373 3413 5570 7217 6374 
8083 3413 5570 7217 6374 3414 5571 7218 6375 
8084 3414 5571 7218 6375 2038 2757 3306 3025 
8085 1336 1469 1485 957 6463 6862 6910 5326 
8086 6463 6862 6910 5326 6464 6863 6911 5327 
8087 6464 6863 6911 5327 6465 6864 6912 5328 
8088 6465 6864 6912 5328 3055 3188 3204 2676 
8089 886 930 1478 910 5113 5245 6889 5185 
8090 5113 5245 6889 5185 5114 5246 6890 5186 
8091 5114 5246 6890 5186 5115 5247 6891 5187 
8092 5115 5247 6891 5187 2605 2649 3197 2629 
8093 301 27 28 1498 3358 1735 1738 6949 
8094 3358 1735 1738 6949 3359 1736 1739 6950 
8095 3359 1736 1739 6950 3360 1737 1740 6951 
8096 3360 1737 1740 6951 2020 185 186 3217 
8097 313 1288 1518 1051 3394 6319 7009 5608 
8098 3394 6319 7009 5608 3395 6320 7010 5609 
8099 3395 6320 7010 5609 3396 6321 7011 5610 
8100 3396 6321 7011 5610 2032 3007 3237 2770 
8101 293 121 122 1488 3334 1942 1945 6919 
8102 3334 1942 1945 6919 3335 1943 1946 6920 
8103 3335 1943 1946 6920 3336 1944 1947 6921 
8104 3336 1944 1947 6921 2012 254 255 3207 
8105 876 736 805 1483 5083 4663 4870 6904 
8106 5083 4663 4870 6904 5084 4664 4871 6905 
8107 5084 4664 4871 6905 5085 4665 4872 6906 
8108 5085 4665 4872 6906 2595 2455 2524 3202 
8109 1480 931 945 1495 6895 5248 5290 6940 
8110 6895 5248 5290 6940 6896 5249 5291 6941 
8111 6896 5249 5291 6941 6897 5250 5292 6942 
8112 6897 5250 5292 6942 3199 2650 2664 3214 
8113 1529 1209 1024 1527 7042 6082 5527 7036 
8114 7042 6082 5527 7036 7043 6083 5528 7037 
8115 7043 6083 5528 7037 7044 6084 5529 7038 
8116 7044 6084 5529 7038 3248 2928 2743 3246 
8117 1219 1553 1396 296 6112 7114 6643 3343 
8118 6112 7114 6643 3343 6113 7115 6644 3344 
8119 6113 7115 6644 3344 6114 7116 6645 3345 
8120 6114 7116 6645 3345 2938 3272 3115 2015 
8121 346 12 13 1503 3493 1690 1693 6964 
8122 3493 1690 1693 6964 3494 1691 1694 6965 
8123 3494 1691 1694 6965 3495 1692 1695 6966 
8124 3495 1692 1695 6966 2065 170 171 3222 
8125 1313 621 1462 1520 6394 4318 6841 7015 
8126 6394 4318 6841 7015 6395 4319 6842 7016 
8127 6395 4319 6842 7016 6396 4320 6843 7017 
8128 6396 4320 6843 7017 3032 2340 3181 3239 
8129 1046 1583 1137 323 5593 7204 5866 3424 
8130 5593 7204 5866 3424 5594 7205 5867 3425 
8131 5594 7205 5867 3425 5595 7206 5868 3426 
8132 5595 7206 5868 3426 2765 3302 2856 2042 
8133 1594 1356 675 1602 7237 6523 4480 7261 
8134 7237 6523 4480 7261 7238 6524 4481 7262 
8135 7238 6524 4481 7262 7239 6525 4482 7263 
8136 7239 6525 4482 7263 3313 3075 2394 3321 
8137 1087 739 1538 1515 5716 4672 7069 7000 
8138 5716 4672 7069 7000 5717 4673 7070 7001 
8139 5717 4673 7070 7001 5718 4674 7071 7002 
8140 5718 4674 7071 7002 2806 2458 3257 3234 
8141 299 1499 114 115 3352 6952 1921 1924 
8142 3352 6952 1921 1924 3353 6953 1922 1925 
8143 3353 6953 1922 1925 3354 6954 1923 1926 
8144 3354 6954 1923 1926 2018 3218 247 248 
8145 831 1478 930 1489 4948 6889 5245 6922 
8146 4948 6889 5245 6922 4949 6890 5246 6923 
8147 4949 6890 5246 6923 4950 6891 5247 6924 
8148 4950 6891 5247 6924 2550 3197 2649 3208 
8149 314 1137 1583 1551 3397 5866 7204 7108 
8150 3397 5866 7204 7108 3398 5867 7205 7109 
8151 3398 5867 7205 7109 3399 5868 7206 7110 
8152 3399 5868 7206 7110 2033 2856 3302 3270 
8153 1013 1504 1540 984 5494 6967 7075 5407 
8154 5494 6967 7075 5407 5495 6968 7076 5408 
8155 5495 6968 7076 5408 5496 6969 7077 5409 
8156 5496 6969 7077 5409 2732 3223 3259 2703 
8157 414 413 1501 415 3697 3694 6958 3700 
8158 3697 3694 6958 3700 3698 3695 6959 3701 
8159 3698 3695 6959 3701 3699 3696 6960 3702 
8160 3699 3696 6960 3702 2133 2132 3220 2134 
8161 12 346 1535 11 1690 3493 7060 1687 
8162 1690 3493 7060 1687 1691 3494 7061 1688 
8163 1691 3494 7061 1688 1692 3495 7062 1689 
8164 1692 3495 7062 1689 170 2065 3254 169 
8165 351 352 1494 350 3508 3511 6937 3505 
8166 3508 3511 6937 3505 3509 3512 6938 3506 
8167 3509 3512 6938 3506 3510 3513 6939 3507 
8168 3510 3513 6939 3507 2070 2071 3213 2069 
8169 847 900 1507 1121 4996 5155 6976 5818 
8170 4996 5155 6976 5818 4997 5156 6977 5819 
8171 4997 5156 6977 5819 4998 5157 6978 5820 
8172 4998 5157 6978 5820 2566 2619 3226 2840 
8173 1078 1519 1395 1077 5689 7012 6640 5686 
8174 5689 7012 6640 5686 5690 7013 6641 5687 
8175 5690 7013 6641 5687 5691 7014 6642 5688 
8176 5691 7014 6642 5688 2797 3238 3114 2796 
8177 1495 945 1138 1508 6940 5290 5869 6979 
8178 6940 5290 5869 6979 6941 5291 5870 6980 
8179 6941 5291 5870 6980 6942 5292 5871 6981 
8180 6942 5292 5871 6981 3214 2664 2857 3227 
8181 1145 1146 1524 567 5890 5893 7027 4156 
8182 5890 5893 7027 4156 5891 5894 7028 4157 
8183 5891 5894 7028 4157 5892 5895 7029 4158 
8184 5892 5895 7029 4158 2864 2865 3243 2286 
8185 36 37 1545 1155 1762 1765 7090 5920 
8186 1762 1765 7090 5920 1763 1766 7091 5921 
8187 1763 1766 7091 5921 1764 1767 7092 5922 
8188 1764 1767 7092 5922 194 195 3264 2874 
8189 1094 1433 910 1478 5737 6754 5185 6889 
8190 5737 6754 5185 6889 5738 6755 5186 6890 
8191 5738 6755 5186 6890 5739 6756 5187 6891 
8192 5739 6756 5187 6891 2813 3152 2629 3197 
8193 1266 1567 1064 1063 6253 7156 5647 5644 
8194 6253 7156 5647 5644 6254 7157 5648 5645 
8195 6254 7157 5648 5645 6255 7158 5649 5646 
8196 6255 7158 5649 5646 2985 3286 2783 2782 
8197 922 1496 879 1477 5221 6943 5092 6886 
8198 5221 6943 5092 6886 5222 6944 5093 6887 
8199 5222 6944 5093 6887 5223 6945 5094 6888 
8200 5223 6945 5094 6888 2641 3215 2598 3196 
8201 465 1345 1491 480 3850 6490 6928 3895 
8202 3850 6490 6928 3895 3851 6491 6929 3896 
8203 3851 6491 6929 3896 3852 6492 6930 3897 
8204 3852 6492 6930 3897 2184 3064 3210 2199 
8205 897 916 1477 1389 5146 5203 6886 6622 
8206 5146 5203 6886 6622 5147 5204 6887 6623 
8207 5147 5204 6887 6623 5148 5205 6888 6624 
8208 5148 5205 6888 6624 2616 2635 3196 3108 
8209 748 747 1533 1182 4699 4696 7054 6001 
8210 4699 4696 7054 6001 4700 4697 7055 6002 
8211 4700 4697 7055 6002 4701 4698 7056 6003 
8212 4701 4698 7056 6003 2467 2466 3252 2901 
8213 1135 1532 1527 1024 5860 7051 7036 5527 
8214 5860 7051 7036 5527 5861 7052 7037 5528 
8215 5861 7052 7037 5528 5862 7053 7038 5529 
8216 5862 7053 7038 5529 2854 3251 3246 2743 
8217 878 879 1496 926 5089 5092 6943 5233 
8218 5089 5092 6943 5233 5090 5093 6944 5234 
8219 5090 5093 6944 5234 5091 5094 6945 5235 
8220 5091 5094 6945 5235 2597 2598 3215 2645 
8221 967 966 1595 1162 5356 5353 7240 5941 
8222 5356 5353 7240 5941 5357 5354 7241 5942 
8223 5357 5354 7241 5942 5358 5355 7242 5943 
8224 5358 5355 7242 5943 2686 2685 3314 2881 
8225 1000 1005 1525 1140 5455 5470 7030 5875 
8226 5455 5470 7030 5875 5456 5471 7031 5876 
8227 5456 5471 7031 5876 5457 5472 7032 5877 
8228 5457 5472 7032 5877 2719 2724 3244 2859 
8229 1528 456 1209 1529 7039 3823 6082 7042 
8230 7039 3823 6082 7042 7040 3824 6083 7043 
8231 7040 3824 6083 7043 7041 3825 6084 7044 
8232 7041 3825 6084 7044 3247 2175 2928 3248 
8233 1524 973 1596 1259 7027 5374 7243 6232 
8234 7027 5374 7243 6232 7028 5375 7244 6233 
8235 7028 5375 7244 6233 7029 5376 7245 6234 
8236 7029 5376 7245 6234 3243 2692 3315 2978 
8237 1080 1423 1566 977 5695 6724 7153 5386 
8238 5695 6724 7153 5386 5696 6725 7154 5387 
8239 5696 6725 7154 5387 5697 6726 7155 5388 
8240 5697 6726 7155 5388 2799 3142 3285 2696 
8241 1003 1002 1522 1004 5464 5461 7021 5467 
8242 5464 5461 7021 5467 5465 5462 7022 5468 
8243 5465 5462 7022 5468 5466 5463 7023 5469 
8244 5466 5463 7023 5469 2722 2721 3241 2723 
8245 810 1171 1537 1136 4885 5968 7066 5863 
8246 4885 5968 7066 5863 4886 5969 7067 5864 
8247 4886 5969 7067 5864 4887 5970 7068 5865 
8248 4887 5970 7068 5865 2529 2890 3256 2855 
8249 443 456 1528 1206 3784 3823 7039 6073 
8250 3784 3823 7039 6073 3785 3824 7040 6074 
8251 3785 3824 7040 6074 3786 3825 7041 6075 
8252 3786 3825 7041 6075 2162 2175 3247 2925 
8253 1303 861 1505 1421 6364 5038 6970 6718 
8254 6364 5038 6970 6718 6365 5039 6971 6719 
8255 6365 5039 6971 6719 6366 5040 6972 6720 
8256 6366 5040 6972 6720 3022 2580 3224 3140 
8257 1408 1327 1535 346 6679 6436 7060 3493 
8258 6679 6436 7060 3493 6680 6437 7061 3494 
8259 6680 6437 7061 3494 6681 6438 7062 3495 
8260 6681 6438 7062 3495 3127 3046 3254 2065 
8261 299 1276 1601 1452 3352 6283 7258 6811 
8262 3352 6283 7258 6811 3353 6284 7259 6812 
8263 3353 6284 7259 6812 3354 6285 7260 6813 
8264 3354 6285 7260 6813 2018 2995 3320 3171 
8265 1357 1455 1565 891 6526 6820 7150 5128 
8266 6526 6820 7150 5128 6527 6821 7151 5129 
8267 6527 6821 7151 5129 6528 6822 7152 5130 
8268 6528 6822 7152 5130 3076 3174 3284 2610 
8269 1551 982 984 1540 7108 5401 5407 7075 
8270 7108 5401 5407 7075 7109 5402 5408 7076 
8271 7109 5402 5408 7076 7110 5403 5409 7077 
8272 7110 5403 5409 7077 3270 2701 2703 3259 
8273 1172 1501 413 1517 5971 6958 3694 7006 
8274 5971 6958 3694 7006 5972 6959 3695 7007 
8275 5972 6959 3695 7007 5973 6960 3696 7008 
8276 5973 6960 3696 7008 2891 3220 2132 3236 
8277 1182 1183 1531 955 6001 6004 7048 5320 
8278 6001 6004 7048 5320 6002 6005 7049 5321 
8279 6002 6005 7049 5321 6003 6006 7050 5322 
8280 6003 6006 7050 5322 2901 2902 3250 2674 
8281 1039 1511 1285 959 5572 6988 6310 5332 
8282 5572 6988 6310 5332 5573 6989 6311 5333 
8283 5573 6989 6311 5333 5574 6990 6312 5334 
8284 5574 6990 6312 5334 2758 3230 3004 2678 
8285 340 1396 1553 1035 3475 6643 7114 5560 
8286 3475 6643 7114 5560 3476 6644 7115 5561 
8287 3476 6644 7115 5561 3477 6645 7116 5562 
8288 3477 6645 7116 5562 2059 3115 3272 2754 
8289 322 14 15 1542 3421 1696 1699 7081 
8290 3421 1696 1699 7081 3422 1697 1700 7082 
8291 3422 1697 1700 7082 3423 1698 1701 7083 
8292 3423 1698 1701 7083 2041 172 173 3261 
8293 1105 1518 1288 331 5770 7009 6319 3448 
8294 5770 7009 6319 3448 5771 7010 6320 3449 
8295 5771 7010 6320 3449 5772 7011 6321 3450 
8296 5772 7011 6321 3450 2824 3237 3007 2050 
8297 984 985 1569 1013 5407 5410 7162 5494 
8298 5407 5410 7162 5494 5408 5411 7163 5495 
8299 5408 5411 7163 5495 5409 5412 7164 5496 
8300 5409 5412 7164 5496 2703 2704 3288 2732 
8301 138 137 1497 344 1993 1990 6946 3487 
8302 1993 1990 6946 3487 1994 1991 6947 3488 
8303 1994 1991 6947 3488 1995 1992 6948 3489 
8304 1995 1992 6948 3489 275 276 3216 2063 
8305 428 1517 413 411 3739 7006 3694 3688 
8306 3739 7006 3694 3688 3740 7007 3695 3689 
8307 3740 7007 3695 3689 3741 7008 3696 3690 
8308 3741 7008 3696 3690 2147 3236 2132 2130 
8309 1505 1135 1610 962 6970 5860 7285 5341 
8310 6970 5860 7285 5341 6971 5861 7286 5342 
8311 6971 5861 7286 5342 6972 5862 7287 5343 
8312 6972 5862 7287 5343 3224 2854 3329 2681 
8313 1546 956 1577 1456 7093 5323 7186 6823 
8314 7093 5323 7186 6823 7094 5324 7187 6824 
8315 7094 5324 7187 6824 7095 5325 7188 6825 
8316 7095 5325 7188 6825 3265 2675 3296 3175 
8317 322 1512 1045 1608 3421 6991 5590 7279 
8318 3421 6991 5590 7279 3422 6992 5591 7280 
8319 3422 6992 5591 7280 3423 6993 5592 7281 
8320 3423 6993 5592 7281 2041 3231 2764 3327 
8321 1149 1239 715 1422 5902 6172 4600 6721 
8322 5902 6172 4600 6721 5903 6173 4601 6722 
8323 5903 6173 4601 6722 5904 6174 4602 6723 
8324 5904 6174 4602 6723 2868 2958 2434 3141 
8325 946 950 1541 949 5293 5305 7078 5302 
8326 5293 5305 7078 5302 5294 5306 7079 5303 
8327 5294 5306 7079 5303 5295 5307 7080 5304 
8328 5295 5307 7080 5304 2665 2669 3260 2668 
8329 130 1523 315 129 1969 7024 3400 1966 
8330 1969 7024 3400 1966 1970 7025 3401 1967 
8331 1970 7025 3401 1967 1971 7026 3402 1968 
8332 1971 7026 3402 1968 263 3242 2034 262 
8333 60 1514 1549 59 1834 6997 7102 1831 
8334 1834 6997 7102 1831 1835 6998 7103 1832 
8335 1835 6998 7103 1832 1836 6999 7104 1833 
8336 1836 6999 7104 1833 218 3233 3268 217 
8337 1496 1512 1086 926 6943 6991 5713 5233 
8338 6943 6991 5713 5233 6944 6992 5714 5234 
8339 6944 6992 5714 5234 6945 6993 5715 5235 
8340 6945 6993 5715 5235 3215 3231 2805 2645 
8341 756 1395 1519 908 4723 6640 7012 5179 
8342 4723 6640 7012 5179 4724 6641 7013 5180 
8343 4724 6641 7013 5180 4725 6642 7014 5181 
8344 4725 6642 7014 5181 2475 3114 3238 2627 
8345 706 1202 1544 707 4573 6061 7087 4576 
8346 4573 6061 7087 4576 4574 6062 7088 4577 
8347 4574 6062 7088 4577 4575 6063 7089 4578 
8348 4575 6063 7089 4578 2425 2921 3263 2426 
8349 1224 1225 1584 672 6127 6130 7207 4471 
8350 6127 6130 7207 4471 6128 6131 7208 4472 
8351 6128 6131 7208 4472 6129 6132 7209 4473 
8352 6129 6132 7209 4473 2943 2944 3303 2391 
8353 408 1356 1594 526 3679 6523 7237 4033 
8354 3679 6523 7237 4033 3680 6524 7238 4034 
8355 3680 6524 7238 4034 3681 6525 7239 4035 
8356 3681 6525 7239 4035 2127 3075 3313 2245 
8357 1347 876 1500 1397 6496 5083 6955 6646 
8358 6496 5083 6955 6646 6497 5084 6956 6647 
8359 6497 5084 6956 6647 6498 5085 6957 6648 
8360 6498 5085 6957 6648 3066 2595 3219 3116 
8361 1139 1530 1508 1138 5872 7045 6979 5869 
8362 5872 7045 6979 5869 5873 7046 6980 5870 
8363 5873 7046 6980 5870 5874 7047 6981 5871 
8364 5874 7047 6981 5871 2858 3249 3227 2857 
8365 1002 1003 1547 1001 5461 5464 7096 5458 
8366 5461 5464 7096 5458 5462 5465 7097 5459 
8367 5462 5465 7097 5459 5463 5466 7098 5460 
8368 5463 5466 7098 5460 2721 2722 3266 2720 
8369 421 1346 1562 1263 3718 6493 7141 6244 
8370 3718 6493 7141 6244 3719 6494 7142 6245 
8371 3719 6494 7142 6245 3720 6495 7143 6246 
8372 3720 6495 7143 6246 2140 3065 3281 2982 
8373 39 1427 1545 38 1771 6736 7090 1768 
8374 1771 6736 7090 1768 1772 6737 7091 1769 
8375 1772 6737 7091 1769 1773 6738 7092 1770 
8376 1773 6738 7092 1770 197 3146 3264 196 
8377 952 1521 1510 953 5311 7018 6985 5314 
8378 5311 7018 6985 5314 5312 7019 6986 5315 
8379 5312 7019 6986 5315 5313 7020 6987 5316 
8380 5313 7020 6987 5316 2671 3240 3229 2672 
8381 1244 1245 1574 1449 6187 6190 7177 6802 
8382 6187 6190 7177 6802 6188 6191 7178 6803 
8383 6188 6191 7178 6803 6189 6192 7179 6804 
8384 6189 6192 7179 6804 2963 2964 3293 3168 
8385 758 1302 1527 1532 4729 6361 7036 7051 
8386 4729 6361 7036 7051 4730 6362 7037 7052 
8387 4730 6362 7037 7052 4731 6363 7038 7053 
8388 4731 6363 7038 7053 2477 3021 3246 3251 
8389 335 1539 112 113 3460 7072 1915 1918 
8390 3460 7072 1915 1918 3461 7073 1916 1919 
8391 3461 7073 1916 1919 3462 7074 1917 1920 
8392 3462 7074 1917 1920 2054 3258 245 246 
8393 979 1550 707 1544 5392 7105 4576 7087 
8394 5392 7105 4576 7087 5393 7106 4577 7088 
8395 5393 7106 4577 7088 5394 7107 4578 7089 
8396 5394 7107 4578 7089 2698 3269 2426 3263 
8397 316 1115 1565 1455 3403 5800 7150 6820 
8398 3403 5800 7150 6820 3404 5801 7151 6821 
8399 3404 5801 7151 6821 3405 5802 7152 6822 
8400 3405 5802 7152 6822 2035 2834 3284 3174 
8401 733 1605 1058 1101 4654 7270 5629 5758 
8402 4654 7270 5629 5758 4655 7271 5630 5759 
8403 4655 7271 5630 5759 4656 7272 5631 5760 
8404 4656 7272 5631 5760 2452 3324 2777 2820 
8405 1397 1526 946 816 6646 7033 5293 4903 
8406 6646 7033 5293 4903 6647 7034 5294 4904 
8407 6647 7034 5294 4904 6648 7035 5295 4905 
8408 6648 7035 5295 4905 3116 3245 2665 2535 
8409 1400 1569 985 1564 6655 7162 5410 7147 
8410 6655 7162 5410 7147 6656 7163 5411 7148 
8411 6656 7163 5411 7148 6657 7164 5412 7149 
8412 6657 7164 5412 7149 3119 3288 2704 3283 
8413 345 1502 991 1588 3490 6961 5428 7219 
8414 3490 6961 5428 7219 3491 6962 5429 7220 
8415 3491 6962 5429 7220 3492 6963 5430 7221 
8416 3492 6963 5430 7221 2064 3221 2710 3307 
8417 550 1129 1487 1481 4105 5842 6916 6898 
8418 4105 5842 6916 6898 4106 5843 6917 6899 
8419 4106 5843 6917 6899 4107 5844 6918 6900 
8420 4107 5844 6918 6900 2269 2848 3206 3200 
8421 1536 947 1248 1554 7063 5296 6199 7117 
8422 7063 5296 6199 7117 7064 5297 6200 7118 
8423 7064 5297 6200 7118 7065 5298 6201 7119 
8424 7065 5298 6201 7119 3255 2666 2967 3273 
8425 75 76 1552 347 1879 1882 7111 3496 
8426 1879 1882 7111 3496 1880 1883 7112 3497 
8427 1880 1883 7112 3497 1881 1884 7113 3498 
8428 1881 1884 7113 3498 233 234 3271 2066 
8429 631 707 1550 779 4348 4576 7105 4792 
8430 4348 4576 7105 4792 4349 4577 7106 4793 
8431 4349 4577 7106 4793 4350 4578 7107 4794 
8432 4350 4578 7107 4794 2350 2426 3269 2498 
8433 325 92 93 1580 3430 1657 1660 7195 
8434 3430 1657 1660 7195 3431 1658 1661 7196 
8435 3431 1658 1661 7196 3432 1659 1662 7197 
8436 3432 1659 1662 7197 2044 159 160 3299 
8437 1175 1531 1384 315 5980 7048 6607 3400 
8438 5980 7048 6607 3400 5981 7049 6608 3401 
8439 5981 7049 6608 3401 5982 7050 6609 3402 
8440 5982 7050 6609 3402 2894 3250 3103 2034 
8441 142 991 1502 143 2005 5428 6961 2008 
8442 2005 5428 6961 2008 2006 5429 6962 2009 
8443 2006 5429 6962 2009 2007 5430 6963 2010 
8444 2007 5430 6963 2010 271 2710 3221 270 
8445 566 781 1593 610 4153 4798 7234 4285 
8446 4153 4798 7234 4285 4154 4799 7235 4286 
8447 4154 4799 7235 4286 4155 4800 7236 4287 
8448 4155 4800 7236 4287 2285 2500 3312 2329 
8449 100 101 1535 1327 1681 1684 7060 6436 
8450 1681 1684 7060 6436 1682 1685 7061 6437 
8451 1682 1685 7061 6437 1683 1686 7062 6438 
8452 1683 1686 7062 6438 167 168 3254 3046 
8453 579 1475 964 1471 4192 6880 5347 6868 
8454 4192 6880 5347 6868 4193 6881 5348 6869 
8455 4193 6881 5348 6869 4194 6882 5349 6870 
8456 4194 6882 5349 6870 2298 3194 2683 3190 
8457 972 974 1602 1043 5371 5377 7261 5584 
8458 5371 5377 7261 5584 5372 5378 7262 5585 
8459 5372 5378 7262 5585 5373 5379 7263 5586 
8460 5373 5379 7263 5586 2691 2693 3321 2762 
8461 292 58 59 1549 3331 1828 1831 7102 
8462 3331 1828 1831 7102 3332 1829 1832 7103 
8463 3332 1829 1832 7103 3333 1830 1833 7104 
8464 3333 1830 1833 7104 2011 216 217 3268 
8465 526 1594 1162 1595 4033 7237 5941 7240 
8466 4033 7237 5941 7240 4034 7238 5942 7241 
8467 4034 7238 5942 7241 4035 7239 5943 7242 
8468 4035 7239 5943 7242 2245 3313 2881 3314 
8469 1257 1561 1014 1166 6226 7138 5497 5953 
8470 6226 7138 5497 5953 6227 7139 5498 5954 
8471 6227 7139 5498 5954 6228 7140 5499 5955 
8472 6228 7140 5499 5955 2976 3280 2733 2885 
8473 451 432 424 1558 3808 3751 3727 7129 
8474 3808 3751 3727 7129 3809 3752 3728 7130 
8475 3809 3752 3728 7130 3810 3753 3729 7131 
8476 3810 3753 3729 7131 2170 2151 2143 3277 
8477 384 1313 1520 1355 3607 6394 7015 6520 
8478 3607 6394 7015 6520 3608 6395 7016 6521 
8479 3608 6395 7016 6521 3609 6396 7017 6522 
8480 3609 6396 7017 6522 2103 3032 3239 3074 
8481 1073 1515 1538 1090 5674 7000 7069 5725 
8482 5674 7000 7069 5725 5675 7001 7070 5726 
8483 5675 7001 7070 5726 5676 7002 7071 5727 
8484 5676 7002 7071 5727 2792 3234 3257 2809 
8485 620 1570 1014 1561 4315 7165 5497 7138 
8486 4315 7165 5497 7138 4316 7166 5498 7139 
8487 4316 7166 5498 7139 4317 7167 5499 7140 
8488 4317 7167 5499 7140 2339 3289 2733 3280 
8489 675 1598 1043 1602 4480 7249 5584 7261 
8490 4480 7249 5584 7261 4481 7250 5585 7262 
8491 4481 7250 5585 7262 4482 7251 5586 7263 
8492 4482 7251 5586 7263 2394 3317 2762 3321 
8493 1217 1558 424 1563 6106 7129 3727 7144 
8494 6106 7129 3727 7144 6107 7130 3728 7145 
8495 6107 7130 3728 7145 6108 7131 3729 7146 
8496 6108 7131 3729 7146 2936 3277 2143 3282 
8497 983 1093 1564 985 5404 5734 7147 5410 
8498 5404 5734 7147 5410 5405 5735 7148 5411 
8499 5405 5735 7148 5411 5406 5736 7149 5412 
8500 5406 5736 7149 5412 2702 2812 3283 2704 
8501 1558 1216 1610 451 7129 6103 7285 3808 
8502 7129 6103 7285 3808 7130 6104 7286 3809 
8503 7130 6104 7286 3809 7131 6105 7287 3810 
8504 7131 6105 7287 3810 3277 2935 3329 2170 
8505 982 1551 1583 948 5401 7108 7204 5299 
8506 5401 7108 7204 5299 5402 7109 7205 5300 
8507 5402 7109 7205 5300 5403 7110 7206 5301 
8508 5403 7110 7206 5301 2701 3270 3302 2667 
8509 420 419 1563 424 3715 3712 7144 3727 
8510 3715 3712 7144 3727 3716 3713 7145 3728 
8511 3716 3713 7145 3728 3717 3714 7146 3729 
8512 3717 3714 7146 3729 2139 2138 3282 2143 
8513 351 773 1569 1400 3508 4774 7162 6655 
8514 3508 4774 7162 6655 3509 4775 7163 6656 
8515 3509 4775 7163 6656 3510 4776 7164 6657 
8516 3510 4776 7164 6657 2070 2492 3288 3119 
8517 839 988 1604 990 4972 5419 7267 5425 
8518 4972 5419 7267 5425 4973 5420 7268 5426 
8519 4973 5420 7268 5426 4974 5421 7269 5427 
8520 4974 5421 7269 5427 2558 2707 3323 2709 
8521 722 654 1560 775 4621 4417 7135 4780 
8522 4621 4417 7135 4780 4622 4418 7136 4781 
8523 4622 4418 7136 4781 4623 4419 7137 4782 
8524 4623 4419 7137 4782 2441 2373 3279 2494 
8525 35 343 1606 1213 1759 3484 7273 6094 
8526 1759 3484 7273 6094 1760 3485 7274 6095 
8527 1760 3485 7274 6095 1761 3486 7275 6096 
8528 1761 3486 7275 6096 193 2062 3325 2932 
8529 792 977 1566 975 4831 5386 7153 5380 
8530 4831 5386 7153 5380 4832 5387 7154 5381 
8531 4832 5387 7154 5381 4833 5388 7155 5382 
8532 4833 5388 7155 5382 2511 2696 3285 2694 
8533 1547 1573 999 1001 7096 7174 5452 5458 
8534 7096 7174 5452 5458 7097 7175 5453 5459 
8535 7097 7175 5453 5459 7098 7176 5454 5460 
8536 7098 7176 5454 5460 3266 3292 2718 2720 
8537 678 1284 1555 738 4489 6307 7120 4669 
8538 4489 6307 7120 4669 4490 6308 7121 4670 
8539 4490 6308 7121 4670 4491 6309 7122 4671 
8540 4491 6309 7122 4671 2397 3003 3274 2457 
8541 1150 1032 1520 1462 5905 5551 7015 6841 
8542 5905 5551 7015 6841 5906 5552 7016 6842 
8543 5906 5552 7016 6842 5907 5553 7017 6843 
8544 5907 5553 7017 6843 2869 2751 3239 3181 
8545 676 1200 1605 733 4483 6055 7270 4654 
8546 4483 6055 7270 4654 4484 6056 7271 4655 
8547 4484 6056 7271 4655 4485 6057 7272 4656 
8548 4485 6057 7272 4656 2395 2919 3324 2452 
8549 1491 1509 1413 480 6928 6982 6694 3895 
8550 6928 6982 6694 3895 6929 6983 6695 3896 
8551 6929 6983 6695 3896 6930 6984 6696 3897 
8552 6930 6984 6696 3897 3210 3228 3132 2199 
8553 464 1259 1596 712 3847 6232 7243 4591 
8554 3847 6232 7243 4591 3848 6233 7244 4592 
8555 3848 6233 7244 4592 3849 6234 7245 4593 
8556 3849 6234 7245 4593 2183 2978 3315 2431 
8557 884 882 1589 1025 5107 5101 7222 5530 
8558 5107 5101 7222 5530 5108 5102 7223 5531 
8559 5108 5102 7223 5531 5109 5103 7224 5532 
8560 5109 5103 7224 5532 2603 2601 3308 2744 
8561 317 1419 1576 1239 3406 6712 7183 6172 
8562 3406 6712 7183 6172 3407 6713 7184 6173 
8563 3407 6713 7184 6173 3408 6714 7185 6174 
8564 3408 6714 7185 6174 2036 3138 3295 2958 
8565 1602 974 1162 1594 7261 5377 5941 7237 
8566 7261 5377 5941 7237 7262 5378 5942 7238 
8567 7262 5378 5942 7238 7263 5379 5943 7239 
8568 7263 5379 5943 7239 3321 2693 2881 3313 
8569 1014 1570 1575 1015 5497 7165 7180 5500 
8570 5497 7165 7180 5500 5498 7166 7181 5501 
8571 5498 7166 7181 5501 5499 7167 7182 5502 
8572 5499 7167 7182 5502 2733 3289 3294 2734 
8573 462 712 1571 1271 3841 4591 7168 6268 
8574 3841 4591 7168 6268 3842 4592 7169 6269 
8575 3842 4592 7169 6269 3843 4593 7170 6270 
8576 3843 4593 7170 6270 2181 2431 3290 2990 
8577 788 1299 1586 1021 4819 6352 7213 5518 
8578 4819 6352 7213 5518 4820 6353 7214 5519 
8579 4820 6353 7214 5519 4821 6354 7215 5520 
8580 4821 6354 7215 5520 2507 3018 3305 2740 
8581 1163 311 1311 1548 5944 3388 6388 7099 
8582 5944 3388 6388 7099 5945 3389 6389 7100 
8583 5945 3389 6389 7100 5946 3390 6390 7101 
8584 5946 3390 6390 7101 2882 2030 3030 3267 
8585 1016 1015 1575 1017 5503 5500 7180 5506 
8586 5503 5500 7180 5506 5504 5501 7181 5507 
8587 5504 5501 7181 5507 5505 5502 7182 5508 
8588 5505 5502 7182 5508 2735 2734 3294 2736 
8589 1075 1581 1461 1081 5680 7198 6838 5698 
8590 5680 7198 6838 5698 5681 7199 6839 5699 
8591 5681 7199 6839 5699 5682 7200 6840 5700 
8592 5682 7200 6840 5700 2794 3300 3180 2800 
8593 702 703 1590 1218 4561 4564 7225 6109 
8594 4561 4564 7225 6109 4562 4565 7226 6110 
8595 4562 4565 7226 6110 4563 4566 7227 6111 
8596 4563 4566 7227 6111 2421 2422 3309 2937 
8597 829 962 1610 1216 4942 5341 7285 6103 
8598 4942 5341 7285 6103 4943 5342 7286 6104 
8599 4943 5342 7286 6104 4944 5343 7287 6105 
8600 4944 5343 7287 6105 2548 2681 3329 2935 
8601 592 1564 1093 1591 4231 7147 5734 7228 
8602 4231 7147 5734 7228 4232 7148 5735 7229 
8603 4232 7148 5735 7229 4233 7149 5736 7230 
8604 4233 7149 5736 7230 2311 3283 2812 3310 
8605 336 1279 1493 1492 3463 6292 6934 6931 
8606 3463 6292 6934 6931 3464 6293 6935 6932 
8607 3464 6293 6935 6932 3465 6294 6936 6933 
8608 3465 6294 6936 6933 2055 2998 3212 3211 
8609 851 1040 1568 1041 5008 5575 7159 5578 
8610 5008 5575 7159 5578 5009 5576 7160 5579 
8611 5009 5576 7160 5579 5010 5577 7161 5580 
8612 5010 5577 7161 5580 2570 2759 3287 2760 
8613 312 1607 954 1187 3391 7276 5317 6016 
8614 3391 7276 5317 6016 3392 7277 5318 6017 
8615 3392 7277 5318 6017 3393 7278 5319 6018 
8616 3393 7278 5319 6018 2031 3326 2673 2906 
8617 971 1234 1571 1233 5368 6157 7168 6154 
8618 5368 6157 7168 6154 5369 6158 7169 6155 
8619 5369 6158 7169 6155 5370 6159 7170 6156 
8620 5370 6159 7170 6156 2690 2953 3290 2952 
8621 1240 1609 999 1573 6175 7282 5452 7174 
8622 6175 7282 5452 7174 6176 7283 5453 7175 
8623 6176 7283 5453 7175 6177 7284 5454 7176 
8624 6177 7284 5454 7176 2959 3328 2718 3292 
8625 853 1029 1582 1031 5014 5542 7201 5548 
8626 5014 5542 7201 5548 5015 5543 7202 5549 
8627 5015 5543 7202 5549 5016 5544 7203 5550 
8628 5016 5544 7203 5550 2572 2748 3301 2750 
8629 1134 1509 1041 1568 5857 6982 5578 7159 
8630 5857 6982 5578 7159 5858 6983 5579 7160 
8631 5858 6983 5579 7160 5859 6984 5580 7161 
8632 5859 6984 5580 7161 2853 3228 2760 3287 
8633 338 56 57 1585 3469 1822 1825 7210 
8634 3469 1822 1825 7210 3470 1823 1826 7211 
8635 3470 1823 1826 7211 3471 1824 1827 7212 
8636 3471 1824 1827 7212 2057 214 215 3304 
8637 1233 1571 712 1596 6154 7168 4591 7243 
8638 6154 7168 4591 7243 6155 7169 4592 7244 
8639 6155 7169 4592 7244 6156 7170 4593 7245 
8640 6156 7170 4593 7245 2952 3290 2431 3315 
8641 998 999 1609 997 5449 5452 7282 5446 
8642 5449 5452 7282 5446 5450 5453 7283 5447 
8643 5450 5453 7283 5447 5451 5454 7284 5448 
8644 5451 5454 7284 5448 2717 2718 3328 2716 
8645 1586 1581 1075 1021 7213 7198 5680 5518 
8646 7213 7198 5680 5518 7214 7199 5681 5519 
8647 7214 7199 5681 5519 7215 7200 5682 5520 
8648 7215 7200 5682 5520 3305 3300 2794 2740 
8649 515 1582 1029 1600 4000 7201 5542 7255 
8650 4000 7201 5542 7255 4001 7202 5543 7256 
8651 4001 7202 5543 7256 4002 7203 5544 7257 
8652 4002 7203 5544 7257 2234 3301 2748 3319 
8653 408 526 1559 410 3679 4033 7132 3685 
8654 3679 4033 7132 3685 3680 4034 7133 3686 
8655 3680 4034 7133 3686 3681 4035 7134 3687 
8656 3681 4035 7134 3687 2127 2245 3278 2129 
8657 117 118 1592 334 1930 1933 7231 3457 
8658 1930 1933 7231 3457 1931 1934 7232 3458 
8659 1931 1934 7232 3458 1932 1935 7233 3459 
8660 1932 1935 7233 3459 250 251 3311 2053 
8661 930 1071 1516 1489 5245 5668 7003 6922 
8662 5245 5668 7003 6922 5246 5669 7004 6923 
8663 5246 5669 7004 6923 5247 5670 7005 6924 
8664 5247 5670 7005 6924 2649 2790 3235 3208 
8665 773 1067 1068 1534 4774 5656 5659 7057 
8666 4774 5656 5659 7057 4775 5657 5660 7058 
8667 4775 5657 5660 7058 4776 5658 5661 7059 
8668 4776 5658 5661 7059 2492 2786 2787 3253 
8669 1338 1384 1531 1183 6469 6607 7048 6004 
8670 6469 6607 7048 6004 6470 6608 7049 6005 
8671 6470 6608 7049 6005 6471 6609 7050 6006 
8672 6471 6609 7050 6006 3057 3103 3250 2902 
8673 1440 1601 1276 334 6775 7258 6283 3457 
8674 6775 7258 6283 3457 6776 7259 6284 3458 
8675 6776 7259 6284 3458 6777 7260 6285 3459 
8676 6777 7260 6285 3459 3159 3320 2995 2053 
8677 835 948 1583 1046 4960 5299 7204 5593 
8678 4960 5299 7204 5593 4961 5300 7205 5594 
8679 4961 5300 7205 5594 4962 5301 7206 5595 
8680 4962 5301 7206 5595 2554 2667 3302 2765 
8681 858 891 1565 1403 5029 5128 7150 6664 
8682 5029 5128 7150 6664 5030 5129 7151 6665 
8683 5030 5129 7151 6665 5031 5130 7152 6666 
8684 5031 5130 7152 6666 2577 2610 3284 3122 
8685 386 1355 1557 711 3613 6520 7126 4588 
8686 3613 6520 7126 4588 3614 6521 7127 4589 
8687 3614 6521 7127 4589 3615 6522 7128 4590 
8688 3615 6522 7128 4590 2105 3074 3276 2430 
8689 126 295 1578 125 1957 3340 7189 1954 
8690 1957 3340 7189 1954 1958 3341 7190 1955 
8691 1958 3341 7190 1955 1959 3342 7191 1956 
8692 1959 3342 7191 1956 259 2014 3297 258 
8693 319 42 43 1611 3412 1780 1783 7288 
8694 3412 1780 1783 7288 3413 1781 1784 7289 
8695 3413 1781 1784 7289 3414 1782 1785 7290 
8696 3414 1782 1785 7290 2038 200 201 3330 
8697 1024 451 1610 1135 5527 3808 7285 5860 
8698 5527 3808 7285 5860 5528 3809 7286 5861 
8699 5528 3809 7286 5861 5529 3810 7287 5862 
8700 5529 3810 7287 5862 2743 2170 3329 2854 
8701 1154 1603 1590 703 5917 7264 7225 4564 
8702 5917 7264 7225 4564 5918 7265 7226 4565 
8703 5918 7265 7226 4565 5919 7266 7227 4566 
8704 5919 7266 7227 4566 2873 3322 3309 2422 
8705 44 1572 1611 43 1786 7171 7288 1783 
8706 1786 7171 7288 1783 1787 7172 7289 1784 
8707 1787 7172 7289 1784 1788 7173 7290 1785 
8708 1788 7173 7290 1785 202 3291 3330 201 
8709 345 1588 992 1466 3490 7219 5431 6853 
8710 3490 7219 5431 6853 3491 7220 5432 6854 
8711 3491 7220 5432 6854 3492 7221 5433 6855 
8712 3492 7221 5433 6855 2064 3307 2711 3185 
8713 1247 347 1552 1446 6196 3496 7111 6793 
8714 6196 3496 7111 6793 6197 3497 7112 6794 
8715 6197 3497 7112 6794 6198 3498 7113 6795 
8716 6198 3498 7113 6795 2966 2066 3271 3165 
8717 969 1233 1596 973 5362 6154 7243 5374 
8718 5362 6154 7243 5374 5363 6155 7244 5375 
8719 5363 6155 7244 5375 5364 6156 7245 5376 
8720 5364 6156 7245 5376 2688 2952 3315 2692 
8721 852 1030 1600 1029 5011 5545 7255 5542 
8722 5011 5545 7255 5542 5012 5546 7256 5543 
8723 5012 5546 7256 5543 5013 5547 7257 5544 
8724 5013 5547 7257 5544 2571 2749 3319 2748 
8725 961 1483 805 1487 5338 6904 4870 6916 
8726 5338 6904 4870 6916 5339 6905 4871 6917 
8727 5339 6905 4871 6917 5340 6906 4872 6918 
8728 5340 6906 4872 6918 2680 3202 2524 3206 
8729 1032 1557 1355 1520 5551 7126 6520 7015 
8730 5551 7126 6520 7015 5552 7127 6521 7016 
8731 5552 7127 6521 7016 5553 7128 6522 7017 
8732 5553 7128 6522 7017 2751 3276 3074 3239 
8733 714 925 1579 1343 4597 5230 7192 6484 
8734 4597 5230 7192 6484 4598 5231 7193 6485 
8735 4598 5231 7193 6485 4599 5232 7194 6486 
8736 4599 5232 7194 6486 2433 2644 3298 3062 
8737 995 1333 1607 312 5440 6454 7276 3391 
8738 5440 6454 7276 3391 5441 6455 7277 3392 
8739 5441 6455 7277 3392 5442 6456 7278 3393 
8740 5442 6456 7278 3393 2714 3052 3326 2031 
8741 895 954 1607 1333 5140 5317 7276 6454 
8742 5140 5317 7276 6454 5141 5318 7277 6455 
8743 5141 5318 7277 6455 5142 5319 7278 6456 
8744 5142 5319 7278 6456 2614 2673 3326 3052 
8745 923 1112 1608 1045 5224 5791 7279 5590 
8746 5224 5791 7279 5590 5225 5792 7280 5591 
8747 5225 5792 7280 5591 5226 5793 7281 5592 
8748 5226 5793 7281 5592 2642 2831 3327 2764 
8749 1432 1155 1545 1427 6751 5920 7090 6736 
8750 6751 5920 7090 6736 6752 5921 7091 6737 
8751 6752 5921 7091 6737 6753 5922 7092 6738 
8752 6753 5922 7092 6738 3151 2874 3264 3146 
8753 858 1403 1577 956 5029 6664 7186 5323 
8754 5029 6664 7186 5323 5030 6665 7187 5324 
8755 5030 6665 7187 5324 5031 6666 7188 5325 
8756 5031 6666 7188 5325 2577 3122 3296 2675 
8757 318 992 1588 991 3409 5431 7219 5428 
8758 3409 5431 7219 5428 3410 5432 7220 5429 
8759 3410 5432 7220 5429 3411 5433 7221 5430 
8760 3411 5433 7221 5430 2037 2711 3307 2710 
8761 104 321 1574 1383 1891 3418 7177 6604 
8762 1891 3418 7177 6604 1892 3419 7178 6605 
8763 1892 3419 7178 6605 1893 3420 7179 6606 
8764 1893 3420 7179 6606 237 2040 3293 3102 
8765 353 1400 1564 592 3514 6655 7147 4231 
8766 3514 6655 7147 4231 3515 6656 7148 4232 
8767 3515 6656 7148 4232 3516 6657 7149 4233 
8768 3516 6657 7149 4233 2072 3119 3283 2311 
8769 1115 1116 1403 1565 5800 5803 6664 7150 
8770 5800 5803 6664 7150 5801 5804 6665 7151 
8771 5801 5804 6665 7151 5802 5805 6666 7152 
8772 5802 5805 6666 7152 2834 2835 3122 3284 
8773 1049 1372 592 1591 5602 6571 4231 7228 
8774 5602 6571 4231 7228 5603 6572 4232 7229 
8775 5603 6572 4232 7229 5604 6573 4233 7230 
8776 5604 6573 4233 7230 2768 3091 2311 3310 
8777 1411 1576 1419 1108 6688 7183 6712 5779 
8778 6688 7183 6712 5779 6689 7184 6713 5780 
8779 6689 7184 6713 5780 6690 7185 6714 5781 
8780 6690 7185 6714 5781 3130 3295 3138 2827 
8781 1174 327 1597 1470 5977 3436 7246 6865 
8782 5977 3436 7246 6865 5978 3437 7247 6866 
8783 5978 3437 7247 6866 5979 3438 7248 6867 
8784 5979 3438 7248 6867 2893 2046 3316 3189 
8785 103 1446 1552 102 1888 6793 7111 1885 
8786 1888 6793 7111 1885 1889 6794 7112 1886 
8787 1889 6794 7112 1886 1890 6795 7113 1887 
8788 1890 6795 7113 1887 236 3165 3271 235 
8789 327 1194 1490 1597 3436 6037 6925 7246 
8790 3436 6037 6925 7246 3437 6038 6926 7247 
8791 3437 6038 6926 7247 3438 6039 6927 7248 
8792 3438 6039 6927 7248 2046 2913 3209 3316 
8793 1080 1449 1574 321 5695 6802 7177 3418 
8794 5695 6802 7177 3418 5696 6803 7178 3419 
8795 5696 6803 7178 3419 5697 6804 7179 3420 
8796 5697 6804 7179 3420 2799 3168 3293 2040 
8797 78 1556 1497 77 1615 7123 6946 1612 
8798 1615 7123 6946 1612 1616 7124 6947 1613 
8799 1616 7124 6947 1613 1617 7125 6948 1614 
8800 1617 7125 6948 1614 145 3275 3216 144 
8801 1292 1547 1003 1513 6331 7096 5464 6994 
8802 6331 7096 5464 6994 6332 7097 5465 6995 
8803 6332 7097 5465 6995 6333 7098 5466 6996 
8804 6333 7098 5466 6996 3011 3266 2722 3232 
8805 957 1485 1546 958 5326 6910 7093 5329 
8806 5326 6910 7093 5329 5327 6911 7094 5330 
8807 5327 6911 7094 5330 5328 6912 7095 5331 
8808 5328 6912 7095 5331 2676 3204 3265 2677 
8809 322 1608 1112 1503 3421 7279 5791 6964 
8810 3421 7279 5791 6964 3422 7280 5792 6965 
8811 3422 7280 5792 6965 3423 7281 5793 6966 
8812 3423 7281 5793 6966 2041 3327 2831 3222 
8813 1113 1456 1577 303 5794 6823 7186 3364 
8814 5794 6823 7186 3364 5795 6824 7187 3365 
8815 5795 6824 7187 3365 5796 6825 7188 3366 
8816 5796 6825 7188 3366 2832 3175 3296 2022 
8817 341 1521 1548 1311 3478 7018 7099 6388 
8818 3478 7018 7099 6388 3479 7019 7100 6389 
8819 3479 7019 7100 6389 3480 7020 7101 6390 
8820 3480 7020 7101 6390 2060 3240 3267 3030 
8821 911 1470 1597 914 5188 6865 7246 5197 
8822 5188 6865 7246 5197 5189 6866 7247 5198 
8823 5189 6866 7247 5198 5190 6867 7248 5199 
8824 5190 6867 7248 5199 2630 3189 3316 2633 
8825 944 738 946 1526 5287 4669 5293 7033 
8826 5287 4669 5293 7033 5288 4670 5294 7034 
8827 5288 4670 5294 7034 5289 4671 5295 7035 
8828 5289 4671 5295 7035 2663 2457 2665 3245 
8829 1163 1548 1521 952 5944 7099 7018 5311 
8830 5944 7099 7018 5311 5945 7100 7019 5312 
8831 5945 7100 7019 5312 5946 7101 7020 5313 
8832 5946 7101 7020 5313 2882 3267 3240 2671 
8833 1111 1559 526 1595 5788 7132 4033 7240 
8834 5788 7132 4033 7240 5789 7133 4034 7241 
8835 5789 7133 4034 7241 5790 7134 4035 7242 
8836 5790 7134 4035 7242 2830 3278 2245 3314 
8837 1031 1582 1263 1562 5548 7201 6244 7141 
8838 5548 7201 6244 7141 5549 7202 6245 7142 
8839 5549 7202 6245 7142 5550 7203 6246 7143 
8840 5550 7203 6246 7143 2750 3301 2982 3281 
8841 1324 867 1599 1598 6427 5056 7252 7249 
8842 6427 5056 7252 7249 6428 5057 7253 7250 
8843 6428 5057 7253 7250 6429 5058 7254 7251 
8844 6429 5058 7254 7251 3043 2586 3318 3317 
8845 1044 1043 1598 1599 5587 5584 7249 7252 
8846 5587 5584 7249 7252 5588 5585 7250 7253 
8847 5588 5585 7250 7253 5589 5586 7251 7254 
8848 5589 5586 7251 7254 2763 2762 3317 3318 
$EndElements
